date,url,entropy,mean_intensity,standard_deviation,skewness,kurtosis,relative_smoothness,uniformity,fractal_dimension,taruma_contrast,taruma_directionality,taruma_coarseness,taruma_linelikeness,taruma_regularity,taruma_roughness
2025-02-11 22:30:00,https://soho.nascom.nasa.gov/data/REPROCESSING/Completed/2025/hmiigr/20250211/20250211_2230_hmiigr_1024.jpg,4.313314999476526,120.27744674682617,79.9064558655799,-0.8261602597720915,1.7120678420611002,0.9998434084760638,0.10347699595695303,1.3476780269034234,5581.918545154213,0.9874661513248328,23.804843425750732,1.3641824993986336,76.91122874579663,0.30312870486100063
2025-02-12 00:00:00,https://soho.nascom.nasa.gov/data/REPROCESSING/Completed/2025/hmiigr/20250212/20250212_0000_hmiigr_1024.jpg,4.320767691899688,120.25606346130371,79.91953056199796,-0.825282214285432,1.7108850684138217,0.9998434597000557,0.10326447561783425,1.3476902701948368,5584.710170173141,0.9874701634130836,23.82863998413086,1.3640837935647754,78.1244138923521,0.3030588959107883
2025-02-12 01:30:00,https://soho.nascom.nasa.gov/data/REPROCESSING/Completed/2025/hmiigr/20250212/20250212_0130_hmiigr_1024.jpg,4.314436327909021,120.22547721862793,79.93424457677477,-0.8244631902057367,1.7092694899848626,0.9998435173165104,0.10372036231274251,1.3426075792036334,5588.086432108095,0.9875450729170937,23.81367588043213,1.3622692454758474,77.309465082154,0.30288975619456465
2025-02-12 03:00:00,https://soho.nascom.nasa.gov/data/REPROCESSING/Completed/2025/hmiigr/20250212/20250212_0300_hmiigr_1024.jpg,4.316252051042339,120.20088768005371,79.9486599205326,-0.8235446879992738,1.707897779722819,0.9998435737326026,0.1036588283477613,1.3413905956830152,5591.224219833955,0.9875635378958947,23.816556930541992,1.362254048437372,77.77300935558169,0.30272262182872367
2025-02-12 04:30:00,https://soho.nascom.nasa.gov/data/REPROCESSING/Completed/2025/hmiigr/20250212/20250212_0430_hmiigr_1024.jpg,4.30221270612293,120.18118858337402,79.95696428979889,-0.8231888893753996,1.7068735317252983,0.9998436062188505,0.10421393632532272,1.3418873232946296,5593.22458595796,0.9876271227309446,23.77991008758545,1.3618255445283756,77.30777088251551,0.30304896335908704
2025-02-12 06:00:00,https://soho.nascom.nasa.gov/data/REPROCESSING/Completed/2025/hmiigr/20250212/20250212_0600_hmiigr_1024.jpg,4.303638042295555,120.16686630249023,79.96856344226944,-0.8225564323130551,1.70588663494001,0.9998436515771781,0.1042473972956941,1.3451985325036746,5595.6565065033965,0.9876307977825443,23.787368297576904,1.3615053625892994,77.91838517481153,0.30369700609833755
2025-02-12 07:30:00,https://soho.nascom.nasa.gov/data/REPROCESSING/Completed/2025/hmiigr/20250212/20250212_0730_hmiigr_1024.jpg,4.301391536617537,120.1578197479248,79.9734022929589,-0.8222736029249441,1.7054329388608542,0.9998436704936052,0.10443405634214287,1.3383559519512402,5596.705867589781,0.9876516178331288,23.78437900543213,1.3623085411329936,77.15780036708487,0.3032380458393024
2025-02-12 09:00:00,https://soho.nascom.nasa.gov/data/REPROCESSING/Completed/2025/hmiigr/20250212/20250212_0900_hmiigr_1024.jpg,4.314147536747457,120.17025566101074,79.97960965022583,-0.822060043555582,1.7055617043804672,0.9998436947548832,0.10387535344125354,1.345515263620185,5597.469055369125,0.9875664410645079,23.79466199874878,1.3616833297841207,78.08381733836882,0.30307522531832537
2025-02-12 10:30:00,https://soho.nascom.nasa.gov/data/REPROCESSING/Completed/2025/hmiigr/20250212/20250212_1030_hmiigr_1024.jpg,4.3340758715248615,120.18021488189697,79.97930845640109,-0.8218909950222223,1.7060375997652621,0.9998436935778061,0.10338032943218423,1.343850904565448,5597.036508347853,0.9875434420927222,23.82555103302002,1.3623955315363816,77.61600256702094,0.30234811331918915
2025-02-12 12:00:00,https://soho.nascom.nasa.gov/data/REPROCESSING/Completed/2025/hmiigr/20250212/20250212_1200_hmiigr_1024.jpg,4.3507012987759035,120.19877910614014,79.97735295697677,-0.8219794677592336,1.706862314055724,0.9998436859353157,0.10292647007554478,1.3429383367912202,5596.086638469236,0.9875752152608939,23.84565782546997,1.361783611481452,77.84117876479533,0.30186337458066653
2025-02-12 13:30:00,https://soho.nascom.nasa.gov/data/REPROCESSING/Completed/2025/hmiigr/20250212/20250212_1330_hmiigr_1024.jpg,4.352617315125896,120.21810531616211,79.96595706997728,-0.8226058738005488,1.7079309247931918,0.9998436413867137,0.1028035192648531,1.3335746955618872,5593.616701651563,0.9875730870031248,23.83222007751465,1.363091706626916,77.24951964783256,0.3022535151625366
2025-02-12 15:00:00,https://soho.nascom.nasa.gov/data/REPROCESSING/Completed/2025/hmiigr/20250212/20250212_1500_hmiigr_1024.jpg,4.341717405868302,120.2454195022583,79.95161570156314,-0.823700680272619,1.7092087645248204,0.9998435852966198,0.10291166933893692,1.3383336271258492,5590.565130865206,0.9875481344232754,23.843307971954346,1.363878356499994,77.71529174623382,0.3018836014422879
2025-02-12 16:30:00,https://soho.nascom.nasa.gov/data/REPROCESSING/Completed/2025/hmiigr/20250212/20250212_1630_hmiigr_1024.jpg,4.3242107206237,120.26868438720703,79.94247788437444,-0.8246844733305799,1.710074612557137,0.9998435495422358,0.10318768703473324,1.342485398961274,5588.579663099654,0.9874942057846586,23.821014881134033,1.3640929333957106,77.4085005731157,0.30283836983082413
2025-02-13 07:30:00,https://soho.nascom.nasa.gov/data/REPROCESSING/Completed/2025/hmiigr/20250213/20250213_0730_hmiigr_1024.jpg,4.296835700898562,120.12573146820068,80.00912978224211,-0.8207795790853083,1.7025313709426524,0.9998438100562173,0.10450810018664924,1.3439664861205574,5604.0927307524,0.9876366008670655,23.756350994110107,1.3617215990411402,76.99184558656218,0.30372332677870584
2025-02-13 09:00:00,https://soho.nascom.nasa.gov/data/REPROCESSING/Completed/2025/hmiigr/20250213/20250213_0900_hmiigr_1024.jpg,4.30738722407582,120.1315393447876,80.00726229314131,-0.8207253215427416,1.7028769239474884,0.9998438027658576,0.10418325423961505,1.334193526722686,5603.546815826007,0.9875458356655944,23.777372360229492,1.36034993846408,77.73836838551081,0.3033807837933003
2025-02-13 10:30:00,https://soho.nascom.nasa.gov/data/REPROCESSING/Completed/2025/hmiigr/20250213/20250213_1030_hmiigr_1024.jpg,4.326351762360192,120.14089584350586,80.00765728095728,-0.8205639111322379,1.703282594126241,0.9998438043078653,0.1037226535663649,1.3388534374629812,5603.268462497097,0.9876308707432234,23.794097423553467,1.3609999402001238,77.48638833794517,0.3027954902143336
2025-02-13 12:00:00,https://soho.nascom.nasa.gov/data/REPROCESSING/Completed/2025/hmiigr/20250213/20250213_1200_hmiigr_1024.jpg,4.346994781145222,120.15701198577881,80.00223860412177,-0.8206261282855684,1.7041527091713804,0.9998437831516969,0.10303494169784244,1.3434843976463604,5601.794226831192,0.9876047307466148,23.83413553237915,1.3611574331906386,77.72677837175743,0.30182177497886126
2025-02-13 13:30:00,https://soho.nascom.nasa.gov/data/REPROCESSING/Completed/2025/hmiigr/20250213/20250213_1330_hmiigr_1024.jpg,4.350174453151903,120.18264961242676,79.99719851226422,-0.8211389392981304,1.7051637186689006,0.9998437634697813,0.10296430095149844,1.33557758756593,5600.2580091628915,0.9875928290272886,23.817911624908447,1.3625253166566205,77.3639840500771,0.30204569497533335
2025-02-13 15:00:00,https://soho.nascom.nasa.gov/data/REPROCESSING/Completed/2025/hmiigr/20250213/20250213_1500_hmiigr_1024.jpg,4.337985995613005,120.20954704284668,79.9835667365567,-0.8222439062742964,1.706474580394612,0.9998437102180942,0.10317391030912404,1.3417362054595106,5597.274138225698,0.9875786655219658,23.818349838256836,1.3621017015022818,77.82984002409394,0.3025236451946399
2025-02-13 16:30:00,https://soho.nascom.nasa.gov/data/REPROCESSING/Completed/2025/hmiigr/20250213/20250213_1630_hmiigr_1024.jpg,4.31819567598932,120.2267656326294,79.97033256011973,-0.8232698417300588,1.7073366969608215,0.999843658493555,0.1035489804980898,1.3463110870327402,5594.715544802724,0.9874920480809882,23.798008918762207,1.3632924279266359,77.41249740053433,0.30340977790078705
2025-02-13 18:00:00,https://soho.nascom.nasa.gov/data/REPROCESSING/Completed/2025/hmiigr/20250213/20250213_1800_hmiigr_1024.jpg,4.303588826425593,120.23839950561523,79.96419526719622,-0.8238985597701459,1.7078385073497824,0.9998436344978056,0.10395699431319372,1.3397619310543942,5593.445896185629,0.9874712175619635,23.789146900177002,1.3636868826697512,77.70799224200351,0.303721666321254
2025-02-13 19:30:00,https://soho.nascom.nasa.gov/data/REPROCESSING/Completed/2025/hmiigr/20250213/20250213_1930_hmiigr_1024.jpg,4.301951111199088,120.24058246612549,79.9654421999981,-0.8239165364964589,1.7077377183201072,0.9998436393735434,0.10394596319747507,1.3403248787167954,5593.702872589079,0.987534270648382,23.78367519378662,1.362389857915127,77.20050639372562,0.3038609065745105
2025-02-13 21:00:00,https://soho.nascom.nasa.gov/data/REPROCESSING/Completed/2025/hmiigr/20250213/20250213_2100_hmiigr_1024.jpg,4.306057120069158,120.23008060455322,79.974031289287,-0.823426715536715,1.7070580469983967,0.9998436729522766,0.10387417132187693,1.339990736787896,5595.461401264649,0.9875583637762307,23.76927375793457,1.3630561187303252,77.28861071537975,0.30377497452508095
2025-02-13 22:30:00,https://soho.nascom.nasa.gov/data/REPROCESSING/Completed/2025/hmiigr/20250213/20250213_2230_hmiigr_1024.jpg,4.308445417774215,120.21288776397705,79.98330358246223,-0.822788549929162,1.7062056640475165,0.9998437091898312,0.10390298204220016,1.3384547052822267,5597.457840232935,0.987526971327785,23.785457134246826,1.3631864306867385,77.20913686525394,0.30327040925348886
2025-02-14 00:00:00,https://soho.nascom.nasa.gov/data/REPROCESSING/Completed/2025/hmiigr/20250214/20250214_0000_hmiigr_1024.jpg,4.307059278608618,120.18476104736328,79.99637767896141,-0.8219638804875036,1.7048470692349689,0.999843760264017,0.10418763399138697,1.3335687893308816,5600.403101028961,0.9875920776141561,23.791767120361328,1.36063557583634,78.25598676043785,0.3032637888004076
2025-02-14 01:30:00,https://soho.nascom.nasa.gov/data/REPROCESSING/Completed/2025/hmiigr/20250214/20250214_0130_hmiigr_1024.jpg,4.308052040292825,120.15604496002197,80.0095522669867,-0.8210712297521735,1.7033729186030209,0.9998438117054551,0.10424883145969943,1.3353634682100395,5603.45960722546,0.9875820313512059,23.77591562271118,1.3619278221207147,77.44327894675386,0.30337663645397916
2025-02-14 03:00:00,https://soho.nascom.nasa.gov/data/REPROCESSING/Completed/2025/hmiigr/20250214/20250214_0300_hmiigr_1024.jpg,4.300780495153179,120.1266860961914,80.0193057668296,-0.820385019721276,1.7020215235093132,0.9998438497725637,0.10446925864926015,1.3405083840587855,5605.938079529312,0.9875813331417467,23.766578674316406,1.3612485913065178,77.86971158784385,0.3036576277582978
2025-02-14 04:30:00,https://soho.nascom.nasa.gov/data/REPROCESSING/Completed/2025/hmiigr/20250214/20250214_0430_hmiigr_1024.jpg,4.299915614906226,120.11093807220459,80.02759613613637,-0.8198553679877371,1.7011781834491841,0.9998438821182537,0.10462690481472237,1.3371710857882777,5607.794526907016,0.9876790984841964,23.76276922225952,1.3604136036500767,77.50291799680971,0.30384029193279655
2025-02-14 06:00:00,https://soho.nascom.nasa.gov/data/REPROCESSING/Completed/2025/hmiigr/20250214/20250214_0600_hmiigr_1024.jpg,4.294945196654867,120.09459590911865,80.03576934540709,-0.8193956713154139,1.7003331221456512,0.9998439139969956,0.10482987155955925,1.334615023389457,5609.636809670316,0.9876828967166492,23.7569899559021,1.3590146474259839,78.02607820629142,0.30376485435608513
2025-02-14 07:30:00,https://soho.nascom.nasa.gov/data/REPROCESSING/Completed/2025/hmiigr/20250214/20250214_0730_hmiigr_1024.jpg,4.292569400808167,120.08946514129639,80.03870869301699,-0.8192486516649162,1.700040521613506,0.9998439254592242,0.1049340028239385,1.3410645825931171,5610.2902260319925,0.9876790923904156,23.74915838241577,1.3594321331434662,77.36464888109836,0.3034280843954081
2025-02-14 09:00:00,https://soho.nascom.nasa.gov/data/REPROCESSING/Completed/2025/hmiigr/20250214/20250214_0900_hmiigr_1024.jpg,4.305839582105864,120.09151649475098,80.03945700772321,-0.8190134346215634,1.7002396860160838,0.9998439283771375,0.1045607510368427,1.339855873258959,5610.230826071895,0.9875794817873719,23.765778064727783,1.359533435865846,78.12403795214082,0.303755563087431
2025-02-14 10:30:00,https://soho.nascom.nasa.gov/data/REPROCESSING/Completed/2025/hmiigr/20250214/20250214_1030_hmiigr_1024.jpg,4.327873555527346,120.10216617584229,80.0389134301439,-0.8188401505362543,1.7007221848877647,0.9998439262575665,0.10391226940009801,1.337762300250963,5609.756678177619,0.9876324646967746,23.80363130569458,1.3611519040508655,77.80294392216122,0.3023505414859109
2025-02-14 12:00:00,https://soho.nascom.nasa.gov/data/REPROCESSING/Completed/2025/hmiigr/20250214/20250214_1200_hmiigr_1024.jpg,4.341887203767569,120.11830520629883,80.03384290352042,-0.8190192945112953,1.7015781469737172,0.9998439064839914,0.10352322042854212,1.3372310177224975,5608.340409006791,0.9876041937917984,23.820133209228516,1.3600265222784456,77.84232863679034,0.30203844659424584
2025-02-14 13:30:00,https://soho.nascom.nasa.gov/data/REPROCESSING/Completed/2025/hmiigr/20250214/20250214_1330_hmiigr_1024.jpg,4.344011786185163,120.14142417907715,80.02408524373135,-0.8196467518807999,1.7026920498340707,0.9998438684213892,0.10331720500107622,1.337758538374468,5606.0557170426255,0.9875477214431679,23.806708812713623,1.3604870408704073,77.40004161548119,0.3020478459417927
2025-02-14 15:00:00,https://soho.nascom.nasa.gov/data/REPROCESSING/Completed/2025/hmiigr/20250214/20250214_1500_hmiigr_1024.jpg,4.337716335123658,120.1672306060791,80.01292126402281,-0.8205162303418246,1.703901922029226,0.9998438248559472,0.10335354238486616,1.3413590392671486,5603.496503740385,0.9875510957553022,23.81228733062744,1.3610190906305082,77.87914434337523,0.3025355544471413
2025-02-14 16:30:00,https://soho.nascom.nasa.gov/data/REPROCESSING/Completed/2025/hmiigr/20250214/20250214_1630_hmiigr_1024.jpg,4.3189652932451645,120.18544960021973,79.99648333116735,-0.8216307370412279,1.704945974333555,0.9998437606766473,0.10373561022606737,1.3427241637946754,5600.336671283472,0.9875652445075597,23.793109893798828,1.36212819883981,77.5939415674426,0.3030022369870585
2025-02-14 18:00:00,https://soho.nascom.nasa.gov/data/REPROCESSING/Completed/2025/hmiigr/20250214/20250214_1800_hmiigr_1024.jpg,4.304462894349778,120.19737339019775,79.99219272429558,-0.8222109762650789,1.7053859488518233,0.9998437439181432,0.10419480452401331,1.3400634583851208,5599.374734355288,0.9875446611046237,23.793967247009277,1.3617958237811654,77.79882874923837,0.3034357565281502
2025-02-14 19:30:00,https://soho.nascom.nasa.gov/data/REPROCESSING/Completed/2025/hmiigr/20250214/20250214_1930_hmiigr_1024.jpg,4.299096792670941,120.19285297393799,79.98966258779606,-0.8223320366870851,1.705312859727369,0.9998437340345239,0.1043589051332674,1.3358252553777863,5599.080517890092,0.9876008179031166,23.76927137374878,1.3616312615351918,77.19294354964703,0.30420022383540146
2025-02-14 21:00:00,https://soho.nascom.nasa.gov/data/REPROCESSING/Completed/2025/hmiigr/20250214/20250214_2100_hmiigr_1024.jpg,4.305053209253938,120.18243789672852,79.99542106178524,-0.8218862888293866,1.704723318643828,0.9998437565278242,0.10413245347808697,1.3406413815077514,5600.370791718959,0.9875785926019698,23.76701545715332,1.363237754767154,77.40599220296237,0.3038301928556045
2025-02-14 22:30:00,https://soho.nascom.nasa.gov/data/REPROCESSING/Completed/2025/hmiigr/20250214/20250214_2230_hmiigr_1024.jpg,4.307946677747223,120.16518306732178,80.00418197988247,-0.8212877194390594,1.7039028390008064,0.9998437907397234,0.1040264569237479,1.3421129987035973,5602.271750862316,0.9875368103394457,23.77294158935547,1.3623524846894701,77.12842637710824,0.3036459858061973
2025-02-15 00:00:00,https://soho.nascom.nasa.gov/data/REPROCESSING/Completed/2025/hmiigr/20250215/20250215_0000_hmiigr_1024.jpg,4.309664289324553,120.13623237609863,80.01443891880189,-0.8204885313378403,1.7026998592874885,0.9998438307793954,0.10423106411690242,1.340563956790406,5604.697833006134,0.9875926524371603,23.772438526153564,1.3607737548886347,78.18199905184231,0.30370338722007234
2025-02-15 01:30:00,https://soho.nascom.nasa.gov/data/REPROCESSING/Completed/2025/hmiigr/20250215/20250215_0130_hmiigr_1024.jpg,4.309533721243729,120.10601806640625,80.02613676708489,-0.819627779359894,1.7012470593718139,0.9998438764251109,0.10431834444170818,1.3378676981527595,5607.533245825932,0.987617663233274,23.770389080047607,1.3614584000574104,77.3874982182717,0.3033965369167655
2025-02-15 03:00:00,https://soho.nascom.nasa.gov/data/REPROCESSING/Completed/2025/hmiigr/20250215/20250215_0300_hmiigr_1024.jpg,4.299864575092911,120.07877254486084,80.03699988707774,-0.8190157398038824,1.6999294570657586,0.999843918795748,0.10476043352173292,1.3352044415894246,5610.142302706179,0.9876215584453547,23.75829029083252,1.3592996337381493,77.77752391328544,0.30372560109430313
2025-02-15 04:30:00,https://soho.nascom.nasa.gov/data/REPROCESSING/Completed/2025/hmiigr/20250215/20250215_0430_hmiigr_1024.jpg,4.2952971746646,120.05908012390137,80.04348145431207,-0.8185615854446706,1.6990214468097882,0.9998439440683117,0.10491835816901585,1.3371969232121008,5611.800512247891,0.9877242351349627,23.747800827026367,1.3591384004142748,77.43927271240611,0.30379205988738495
2025-02-15 06:00:00,https://soho.nascom.nasa.gov/data/REPROCESSING/Completed/2025/hmiigr/20250215/20250215_0600_hmiigr_1024.jpg,4.291580256194798,120.04359340667725,80.05040439537987,-0.8181399739452098,1.6982661402948953,0.999843971055077,0.10520879463729216,1.3319806575086546,5613.395248863703,0.9877447281968208,23.74159812927246,1.3587606498777745,77.95192778706061,0.3039573899097602
2025-02-15 07:30:00,https://soho.nascom.nasa.gov/data/REPROCESSING/Completed/2025/hmiigr/20250215/20250215_0730_hmiigr_1024.jpg,4.293992107226612,120.03649616241455,80.05375820399473,-0.8178930375455522,1.697872372141631,0.999843984126259,0.1050948218035046,1.3384420318081858,5614.191080332676,0.9876674484847122,23.751081943511963,1.3589118125305693,77.26488480130227,0.3038761094913828
2025-02-15 09:00:00,https://soho.nascom.nasa.gov/data/REPROCESSING/Completed/2025/hmiigr/20250215/20250215_0900_hmiigr_1024.jpg,4.300291603856875,120.03812599182129,80.05097829564698,-0.817868612555321,1.6981386675214218,0.9998439732919208,0.10486996970939799,1.3361004094881328,5613.581079238399,0.9877188531140092,23.76550817489624,1.358898892366422,78.04196319771214,0.30332382765927607
2025-02-15 10:30:00,https://soho.nascom.nasa.gov/data/REPROCESSING/Completed/2025/hmiigr/20250215/20250215_1030_hmiigr_1024.jpg,4.32004472672604,120.0500135421753,80.05079152015426,-0.8177801271027806,1.698616473973576,0.9998439725639466,0.1042188232549961,1.3385564995267671,5613.160080947654,0.9876502060672443,23.786364555358887,1.359834077524277,77.65231203723798,0.3029315982649874
2025-02-15 12:00:00,https://soho.nascom.nasa.gov/data/REPROCESSING/Completed/2025/hmiigr/20250215/20250215_1200_hmiigr_1024.jpg,4.334676782725964,120.06458282470703,80.04539756417343,-0.8179445332578507,1.6994054684161255,0.9998439515383245,0.10381240706374228,1.3393451728728758,5611.752117662854,0.9876107189594378,23.798797607421875,1.3590948863768295,77.84032394376592,0.3024998596622226
2025-02-15 13:30:00,https://soho.nascom.nasa.gov/data/REPROCESSING/Completed/2025/hmiigr/20250215/20250215_1330_hmiigr_1024.jpg,4.337882198569337,120.08976364135742,80.0347621082271,-0.8186498196762673,1.7005990162527633,0.9998439100689005,0.10342995464088744,1.3397230049971736,5609.276339307146,0.987578401420013,23.80052375793457,1.3608430154404272,77.48694747587004,0.3027164791544575
2025-02-15 15:00:00,https://soho.nascom.nasa.gov/data/REPROCESSING/Completed/2025/hmiigr/20250215/20250215_1500_hmiigr_1024.jpg,4.329395567889277,120.10978984832764,80.0241814048207,-0.8194339020727737,1.7016009428616272,0.9998438687965615,0.10363436450097652,1.3398267152927756,5606.96766029467,0.9875645238276609,23.802659034729004,1.3614794650213886,77.89713548929583,0.30261410230898744
2025-02-15 16:30:00,https://soho.nascom.nasa.gov/data/REPROCESSING/Completed/2025/hmiigr/20250215/20250215_1630_hmiigr_1024.jpg,4.312231418270832,120.13069152832031,80.0136716010619,-0.820401808892139,1.7025064696579195,0.9998438277845754,0.10408415294477891,1.340888225731453,5604.74948947599,0.9875591596368568,23.784058570861816,1.3608153778146796,77.5123891197701,0.3031502590396557
2025-02-15 18:00:00,https://soho.nascom.nasa.gov/data/REPROCESSING/Completed/2025/hmiigr/20250215/20250215_1800_hmiigr_1024.jpg,4.301211966798862,120.13994026184082,80.0065489081998,-0.8209741033872364,1.7029755142799294,0.9998437999807894,0.10440802739140054,1.3383145292274596,5603.365786370368,0.9875742991800325,23.772345542907715,1.360885656976845,77.69757830931786,0.3037005720513686
2025-02-15 19:30:00,https://soho.nascom.nasa.gov/data/REPROCESSING/Completed/2025/hmiigr/20250215/20250215_1930_hmiigr_1024.jpg,4.297422685417882,120.13943767547607,80.00687682682329,-0.8210308464192452,1.7029255188882522,0.9998438012609991,0.10457149573448987,1.341859175627871,5603.452845435714,0.9875045817100042,23.76215171813965,1.3611915830110912,77.23958236112477,0.3039802977209491
2025-02-15 21:00:00,https://soho.nascom.nasa.gov/data/REPROCESSING/Completed/2025/hmiigr/20250215/20250215_2100_hmiigr_1024.jpg,4.300264940061518,120.12768363952637,80.01101647430787,-0.8206737224831365,1.7023640510329705,0.9998438174210239,0.1044831892268121,1.3391045031099102,5604.494737138429,0.9874882024786801,23.755889415740967,1.360887897366096,77.22429442208123,0.3041517883804919
2025-02-15 22:30:00,https://soho.nascom.nasa.gov/data/REPROCESSING/Completed/2025/hmiigr/20250215/20250215_2230_hmiigr_1024.jpg,4.306261815239117,120.11235618591309,80.0197908411312,-0.8200444044711002,1.7016604295426212,0.9998438516654056,0.10440158901656105,1.3412736941239505,5606.303422041195,0.9875238740945634,23.761541843414307,1.3600718431723573,77.01842182261028,0.30378340110948515
2025-02-16 00:00:00,https://soho.nascom.nasa.gov/data/REPROCESSING/Completed/2025/hmiigr/20250216/20250216_0000_hmiigr_1024.jpg,4.302728035847746,120.08551502227783,80.02963001947816,-0.8193477281893422,1.700420534796653,0.999843890052114,0.10471275072086428,1.3388663304498414,5608.704159483843,0.9876447600836508,23.765146255493164,1.360190778269549,78.25345555473385,0.30343271556052154
2025-02-16 01:30:00,https://soho.nascom.nasa.gov/data/REPROCESSING/Completed/2025/hmiigr/20250216/20250216_0130_hmiigr_1024.jpg,4.3039981339633755,120.05297088623047,80.04185330269112,-0.8184105905174363,1.6989370745650936,0.9998439377204914,0.10488454456390173,1.3407979632814648,5611.641885974381,0.9876679884059597,23.762238025665283,1.3588770872644373,77.51384166955302,0.30323635012824807
2025-02-16 03:00:00,https://soho.nascom.nasa.gov/data/REPROCESSING/Completed/2025/hmiigr/20250216/20250216_0300_hmiigr_1024.jpg,4.300747294719662,120.03144645690918,80.05471923020126,-0.8176985775556672,1.6977486986324712,0.9998439878714737,0.10508183193087461,1.3321574997228518,5614.428117112329,0.9877069820533615,23.75150442123413,1.3595171224620672,77.86080472323279,0.3036527761714287
2025-02-16 04:30:00,https://soho.nascom.nasa.gov/data/REPROCESSING/Completed/2025/hmiigr/20250216/20250216_0430_hmiigr_1024.jpg,4.294854850172305,120.00662422180176,80.06353070603308,-0.8170727016580114,1.6966264153421784,0.9998440222043847,0.10531701417312433,1.3341039368842564,5616.592555855852,0.9877942765395994,23.741153240203857,1.3593677795471406,77.64795340607989,0.3034161653720678
2025-02-16 06:00:00,https://soho.nascom.nasa.gov/data/REPROCESSING/Completed/2025/hmiigr/20250216/20250216_0600_hmiigr_1024.jpg,4.290564370769604,119.9905595779419,80.06863130621709,-0.8167274652554728,1.6958648262543945,0.9998440420731135,0.10535811211593682,1.336148843220579,5617.938767555165,0.9877327362823098,23.735307216644287,1.358746489124493,78.1471577574527,0.3036083833895344
2025-02-16 07:30:00,https://soho.nascom.nasa.gov/data/REPROCESSING/Completed/2025/hmiigr/20250216/20250216_0730_hmiigr_1024.jpg,4.28861996285068,119.98694801330566,80.0700654729137,-0.8166701310831639,1.6956686685832918,0.9998440476590408,0.10552866417310725,1.3356457358727736,5618.302495034839,0.987751427641622,23.7217378616333,1.3585547160282352,77.45390918243592,0.3040031810822066
2025-02-16 09:00:00,https://soho.nascom.nasa.gov/data/REPROCESSING/Completed/2025/hmiigr/20250216/20250216_0900_hmiigr_1024.jpg,4.29802948939481,119.98959350585938,80.06920666827912,-0.8165766748050731,1.6958914415285433,0.9998440443141238,0.10518061349830532,1.3372219711296178,5617.997464909366,0.9877680904594044,23.76094150543213,1.3587185117750442,78.31010263780382,0.3032723350257965
2025-02-16 10:30:00,https://soho.nascom.nasa.gov/data/REPROCESSING/Completed/2025/hmiigr/20250216/20250216_1030_hmiigr_1024.jpg,4.316582083876893,119.99489116668701,80.06783106969097,-0.8163968631862157,1.6962735326630478,0.9998440389561467,0.10472148867484066,1.3318932764067377,5617.488046915425,0.9877389911679029,23.769168376922607,1.3576612692333083,77.86006570524648,0.3028359596535622
2025-02-16 12:00:00,https://soho.nascom.nasa.gov/data/REPROCESSING/Completed/2025/hmiigr/20250216/20250216_1200_hmiigr_1024.jpg,4.333840739796274,120.01630306243896,80.06381965579472,-0.8165984177204734,1.6971812910128745,0.9998440233300526,0.10417094087097212,1.334983887701811,5616.173965406612,0.9876802061013216,23.796199321746826,1.3576092534357291,78.12976229924573,0.3022880502371786
2025-02-16 13:30:00,https://soho.nascom.nasa.gov/data/REPROCESSING/Completed/2025/hmiigr/20250216/20250216_1330_hmiigr_1024.jpg,4.337160617256143,120.0372257232666,80.05178186488014,-0.8172493769619117,1.6983534019275095,0.9998439764238453,0.10387158143930719,1.3413546812934076,5613.516327700316,0.9876475789352648,23.793411254882812,1.3602119319987478,77.61656480401764,0.3022647240123902
2025-02-16 15:00:00,https://soho.nascom.nasa.gov/data/REPROCESSING/Completed/2025/hmiigr/20250216/20250216_1500_hmiigr_1024.jpg,4.326208135288295,120.06107425689697,80.03999549388824,-0.818187517723353,1.6994524001232736,0.9998439304768131,0.10401399706461234,1.3400390843734764,5610.955957663246,0.9876027619083352,23.793102741241455,1.3591340583687757,78.02263163179751,0.30291389127843604
2025-02-16 16:30:00,https://soho.nascom.nasa.gov/data/REPROCESSING/Completed/2025/hmiigr/20250216/20250216_1630_hmiigr_1024.jpg,4.3099563864678805,120.0792007446289,80.028873779439,-0.8190948709660105,1.7003315969117083,0.9998438871022107,0.10443481851143588,1.3420245114481733,5608.671500753762,0.987569929332041,23.779329776763916,1.359387490976657,77.67278373825275,0.3032111078512249
2025-02-16 18:00:00,https://soho.nascom.nasa.gov/data/REPROCESSING/Completed/2025/hmiigr/20250216/20250216_1800_hmiigr_1024.jpg,4.297816901905571,120.08846855163574,80.02389232250447,-0.8195985515485096,1.7007263075297812,0.9998438676687031,0.10476257312075177,1.337442094416343,5607.647882678486,0.9875857415500859,23.761988162994385,1.3591205598240448,78.03172934470479,0.30386039280571536
2025-02-16 19:30:00,https://soho.nascom.nasa.gov/data/REPROCESSING/Completed/2025/hmiigr/20250216/20250216_1930_hmiigr_1024.jpg,4.294455183590985,120.08511161804199,80.02412948378354,-0.8195837479154823,1.7005715420016372,0.9998438685939918,0.10483285713235091,1.3448179232380224,5607.808702260014,0.9875807486039244,23.75866174697876,1.3599744834095502,77.60954447064002,0.3037955723526911
2025-02-16 21:00:00,https://soho.nascom.nasa.gov/data/REPROCESSING/Completed/2025/hmiigr/20250216/20250216_2100_hmiigr_1024.jpg,4.297389594458912,120.07621097564697,80.02861685781284,-0.8192573025505625,1.7001438131073798,0.9998438861000047,0.10481584219633078,1.3420847807245584,5608.790353525485,0.9875921975189985,23.737077713012695,1.3593030322812794,77.58648155391673,0.30405594861980895
2025-02-16 22:30:00,https://soho.nascom.nasa.gov/data/REPROCESSING/Completed/2025/hmiigr/20250216/20250216_2230_hmiigr_1024.jpg,4.301577541784297,120.06155490875244,80.03901978394865,-0.8186269943933616,1.699363789553769,0.9998439266722751,0.10482007779137348,1.3465598379834758,5610.892300587822,0.9876600997879964,23.74805498123169,1.3584338190855854,77.43930441602349,0.30397505826695415
2025-02-17 00:00:00,https://soho.nascom.nasa.gov/data/REPROCESSING/Completed/2025/hmiigr/20250217/20250217_0000_hmiigr_1024.jpg,4.2989602036926,120.03131294250488,80.04656317485896,-0.8179343727932004,1.698151900033707,0.9998439560822309,0.10509401685703779,1.339253385345909,5612.950940431971,0.9877374433744125,23.75049924850464,1.3590917710739376,78.18743818114986,0.30373613510691855
2025-02-17 01:30:00,https://soho.nascom.nasa.gov/data/REPROCESSING/Completed/2025/hmiigr/20250217/20250217_0130_hmiigr_1024.jpg,4.3029320499018135,119.99825954437256,80.0583668568749,-0.8169514838787472,1.6966480126029837,0.9998440020854099,0.10506395967604476,1.339241584116736,5615.850201954508,0.9877413501340436,23.743208408355713,1.358794448121897,77.41262720384576,0.30339223481735145
2025-02-17 03:00:00,https://soho.nascom.nasa.gov/data/REPROCESSING/Completed/2025/hmiigr/20250217/20250217_0300_hmiigr_1024.jpg,4.300779755469312,119.97638416290283,80.0720463715727,-0.8161651608136413,1.6954258988787094,0.9998440553739376,0.10518378507185844,1.3390238765084785,5618.781608922246,0.9877606711495684,23.74687910079956,1.3582935721182432,77.84742555930798,0.3035196529588497
2025-02-17 04:30:00,https://soho.nascom.nasa.gov/data/REPROCESSING/Completed/2025/hmiigr/20250217/20250217_0430_hmiigr_1024.jpg,4.291662071715857,119.9544620513916,80.07802243445076,-0.815769526393252,1.6944696649339122,0.999844078645112,0.10549184273077117,1.3386292499169004,5620.4129969960395,0.9877765188900711,23.72393035888672,1.3576456040172469,77.49153386131972,0.3034894489058289
2025-02-17 06:00:00,https://soho.nascom.nasa.gov/data/REPROCESSING/Completed/2025/hmiigr/20250217/20250217_0600_hmiigr_1024.jpg,4.28845849568955,119.93448638916016,80.08241500439962,-0.8153564064188388,1.6936223092330915,0.9998440957467416,0.10558139823297097,1.3353907287202258,5621.732562637009,0.9877037863568137,23.71486234664917,1.3579885573696016,77.92970984314996,0.3040139014706685
2025-02-17 07:30:00,https://soho.nascom.nasa.gov/data/REPROCESSING/Completed/2025/hmiigr/20250217/20250217_0730_hmiigr_1024.jpg,4.288445641020671,119.92905902862549,80.08854307656121,-0.8151353105966012,1.6931416157098158,0.9998441196005166,0.10557647232963063,1.3310384478148658,5622.991998651784,0.9877921783179407,23.71362829208374,1.3580411391215599,77.2251867505167,0.3039704802371042
2025-02-17 09:00:00,https://soho.nascom.nasa.gov/data/REPROCESSING/Completed/2025/hmiigr/20250217/20250217_0900_hmiigr_1024.jpg,4.29676388800958,119.93564033508301,80.08843193377477,-0.8150780681041294,1.6934545710214766,0.9998441191679374,0.10540721818324528,1.3336396109292812,5622.716588472903,0.9877380264275002,23.744506359100342,1.3577931023743623,78.04875288150532,0.30322198997945954
2025-02-17 10:30:00,https://soho.nascom.nasa.gov/data/REPROCESSING/Completed/2025/hmiigr/20250217/20250217_1030_hmiigr_1024.jpg,4.311029217979232,119.9436206817627,80.08412793672451,-0.8151376548682908,1.6939480219776495,0.9998441024149529,0.1049117212096462,1.3340668852550088,5621.7027905604355,0.9877305677405082,23.75055170059204,1.3577106911807733,77.51985832168278,0.30270364043362075
2025-02-17 12:00:00,https://soho.nascom.nasa.gov/data/REPROCESSING/Completed/2025/hmiigr/20250217/20250217_1200_hmiigr_1024.jpg,4.329415862050371,119.96306228637695,80.08273122546989,-0.8152055143411614,1.6947605816402143,0.9998440969777792,0.1043533951506106,1.3338785632662336,5620.83276650413,0.9876900588604637,23.776679515838623,1.3576479889870268,77.76586170895666,0.3023347130507159
2025-02-17 13:30:00,https://soho.nascom.nasa.gov/data/REPROCESSING/Completed/2025/hmiigr/20250217/20250217_1330_hmiigr_1024.jpg,4.32888118355732,119.98616313934326,80.07175392815539,-0.8159382942962238,1.695906182830787,0.9998440542350103,0.10430642812571023,1.335576604513869,5618.342714729238,0.9876706055338714,23.774709701538086,1.3579873603213797,77.21733990840654,0.3022217115958348
2025-02-17 15:00:00,https://soho.nascom.nasa.gov/data/REPROCESSING/Completed/2025/hmiigr/20250217/20250217_1500_hmiigr_1024.jpg,4.323360903934185,120.00757217407227,80.0625100884111,-0.8166503283326473,1.6968698669650017,0.9998440182282449,0.10433003117577755,1.334292355511788,5616.247900406137,0.9876633802684586,23.779823303222656,1.358361003505255,77.76779133854399,0.30259310061479844
2025-02-17 16:30:00,https://soho.nascom.nasa.gov/data/REPROCESSING/Completed/2025/hmiigr/20250217/20250217_1630_hmiigr_1024.jpg,4.303487253749909,120.02320098876953,80.04962305726211,-0.8176310749696918,1.6977285464489857,0.9998439680096428,0.10482806662002986,1.3403105651760006,5613.729985114454,0.987621684658891,23.75173282623291,1.3587777375646424,77.20788618659255,0.30350906416904
2025-02-17 18:00:00,https://soho.nascom.nasa.gov/data/REPROCESSING/Completed/2025/hmiigr/20250217/20250217_1800_hmiigr_1024.jpg,4.296017308676194,120.03550815582275,80.04458082278201,-0.8181007990214318,1.6982411200641705,0.9998439483542988,0.10487021665176144,1.3364005417802531,5612.599215243905,0.9876239528657258,23.738319396972656,1.3585489113785132,77.50225333239538,0.30379351506477936
2025-02-17 19:30:00,https://soho.nascom.nasa.gov/data/REPROCESSING/Completed/2025/hmiigr/20250217/20250217_1930_hmiigr_1024.jpg,4.2851514663994195,120.0366153717041,80.04498402077401,-0.8183095915307179,1.6981659244190364,0.9998439499261583,0.10530760563233343,1.333241875169304,5612.717890371863,0.9876991582570621,23.718502044677734,1.359148056174131,76.93845773485921,0.3043189180449433
2025-02-17 21:00:00,https://soho.nascom.nasa.gov/data/REPROCESSING/Completed/2025/hmiigr/20250217/20250217_2100_hmiigr_1024.jpg,4.291211881437427,120.02814483642578,80.05335238362723,-0.8178356935678938,1.6975891801303422,0.9998439825446962,0.10520253604045138,1.337010489357415,5614.368282870949,0.987675815958691,23.720486640930176,1.359386431381828,77.09744620322451,0.30399669740676394
2025-02-17 22:30:00,https://soho.nascom.nasa.gov/data/REPROCESSING/Completed/2025/hmiigr/20250217/20250217_2230_hmiigr_1024.jpg,4.295273981355599,120.01225757598877,80.06366585026872,-0.8171480513906704,1.6967342047785847,0.9998440227308706,0.10514929099736037,1.3374401068477806,5616.522312492032,0.9877352344461109,23.727718353271484,1.3595128353820376,76.98665103916339,0.30361244096234064
2025-02-18 00:00:00,https://soho.nascom.nasa.gov/data/REPROCESSING/Completed/2025/hmiigr/20250218/20250218_0000_hmiigr_1024.jpg,4.294404101371138,119.98037052154541,80.07516482337404,-0.8162856582591912,1.6953280215145161,0.99984406751804,0.10523054364603013,1.338904779764748,5619.300373455914,0.9877461908993156,23.723456859588623,1.3588183544941341,78.46476101332848,0.30352121872902377
2025-02-18 01:30:00,https://soho.nascom.nasa.gov/data/REPROCESSING/Completed/2025/hmiigr/20250218/20250218_0130_hmiigr_1024.jpg,4.296202653218154,119.95645046234131,80.08702674364108,-0.8155133712437808,1.6940525854994393,0.9998441136986375,0.10528266836990952,1.3330190939287594,5622.023019087159,0.987699099684527,23.71828269958496,1.3580240866005524,77.62032470126047,0.3036944773483413
2025-02-18 03:00:00,https://soho.nascom.nasa.gov/data/REPROCESSING/Completed/2025/hmiigr/20250218/20250218_0300_hmiigr_1024.jpg,4.289504640615265,119.92815589904785,80.09729039956522,-0.8148559309604589,1.6927125823671663,0.9998441536403512,0.10547254886660085,1.339221586644209,5624.5767029854815,0.9877533911941245,23.716033935546875,1.3586209413320969,78.13135817047295,0.30377957774331094
2025-02-18 04:30:00,https://soho.nascom.nasa.gov/data/REPROCESSING/Completed/2025/hmiigr/20250218/20250218_0430_hmiigr_1024.jpg,4.285315006403785,119.90893650054932,80.10870026296809,-0.8142486919331862,1.6916415839220933,0.9998441980245943,0.10580936215410475,1.331713538402027,5627.069548579532,0.9877807358268332,23.698966026306152,1.3569609925183557,77.73989138462282,0.3037688013593523
2025-02-18 06:00:00,https://soho.nascom.nasa.gov/data/REPROCESSING/Completed/2025/hmiigr/20250218/20250218_0600_hmiigr_1024.jpg,4.277420550816944,119.8903980255127,80.11235561898575,-0.8139794918443127,1.6908822432091488,0.9998442122398791,0.10616577897962998,1.3322202768311104,5628.214787915698,0.9878665976302259,23.678242206573486,1.3569200688223428,78.02719634762072,0.3040855646892014
2025-02-18 07:30:00,https://soho.nascom.nasa.gov/data/REPROCESSING/Completed/2025/hmiigr/20250218/20250218_0730_hmiigr_1024.jpg,4.273273895970235,119.88500118255615,80.11417613287178,-0.8139154762788958,1.6905623950153326,0.9998442193189353,0.106272398325018,1.3362842248427667,5628.736790251786,0.9878209716632538,23.67382049560547,1.3561409150220938,77.43786002809615,0.30397247967914337
2025-02-18 09:00:00,https://soho.nascom.nasa.gov/data/REPROCESSING/Completed/2025/hmiigr/20250218/20250218_0900_hmiigr_1024.jpg,4.28480966621318,119.88754463195801,80.11583098730421,-0.8137461463721184,1.6906605102177668,0.9998442257534071,0.10591652367656934,1.3347843435414193,5628.887660089354,0.9878562483836492,23.69805908203125,1.3565495840922386,78.18054240861693,0.3034219014560251
2025-02-18 10:30:00,https://soho.nascom.nasa.gov/data/REPROCESSING/Completed/2025/hmiigr/20250218/20250218_1030_hmiigr_1024.jpg,4.299863554465425,119.89453983306885,80.11220715557994,-0.8137793263668239,1.6910642954571877,0.9998442116625589,0.10529918655629444,1.330149237643162,5628.042445113686,0.9877788290806755,23.719516277313232,1.3569361997184697,77.67819554382048,0.30296103334565705
2025-02-18 12:00:00,https://soho.nascom.nasa.gov/data/REPROCESSING/Completed/2025/hmiigr/20250218/20250218_1200_hmiigr_1024.jpg,4.3160586237142455,119.91482257843018,80.1063630029298,-0.8140271416096703,1.6920753903744528,0.9998441889342228,0.10485469193736208,1.333099556571842,5626.380527259055,0.9878201090636568,23.75251054763794,1.3568052496915697,77.93984490691511,0.30217780144512346
2025-02-18 13:30:00,https://soho.nascom.nasa.gov/data/REPROCESSING/Completed/2025/hmiigr/20250218/20250218_1330_hmiigr_1024.jpg,4.3210591705724015,119.94022560119629,80.096915653701,-0.8146478864805577,1.693187233511743,0.9998441521822722,0.1044479099327873,1.33942609391366,5624.129850317132,0.9877285300581355,23.74379873275757,1.3582310013336178,77.43510743977895,0.3025830430405812
2025-02-18 15:00:00,https://soho.nascom.nasa.gov/data/REPROCESSING/Completed/2025/hmiigr/20250218/20250218_1500_hmiigr_1024.jpg,4.311716007177795,119.96163368225098,80.08561085034168,-0.8155065355388375,1.69425622033029,0.9998441081873874,0.10463271379376238,1.3402718179450606,5621.655301292458,0.9877043295644662,23.73878288269043,1.3573484318796691,77.74952763293834,0.3034035709478841
2025-02-18 16:30:00,https://soho.nascom.nasa.gov/data/REPROCESSING/Completed/2025/hmiigr/20250218/20250218_1630_hmiigr_1024.jpg,4.2956922397668,119.98262596130371,80.07868988867881,-0.8163306565351656,1.6950740153443045,0.9998440812438985,0.10517863281347672,1.3349327620791047,5620.005648711841,0.9877174289327112,23.736756801605225,1.3582819284880974,77.4754330702193,0.30329997126069913
2025-02-18 18:00:00,https://soho.nascom.nasa.gov/data/REPROCESSING/Completed/2025/hmiigr/20250218/20250218_1800_hmiigr_1024.jpg,4.279387471788564,119.99323654174805,80.07232519984929,-0.8169538687368254,1.6955394473058356,0.9998440564598288,0.10569861383919488,1.3332995164054353,5618.726666692631,0.9877483489353683,23.70712184906006,1.3581702974149565,77.60101755939061,0.3039681532935824
2025-02-18 19:30:00,https://soho.nascom.nasa.gov/data/REPROCESSING/Completed/2025/hmiigr/20250218/20250218_1930_hmiigr_1024.jpg,4.2801674318243474,119.99646759033203,80.07464319862405,-0.8169358522986533,1.6955093632981082,0.9998440654867896,0.10565591721388046,1.3382627461176912,5619.0769073660595,0.9877232550283631,23.69758367538452,1.3586905828887545,77.2039729848786,0.30435763256381054
2025-02-18 21:00:00,https://soho.nascom.nasa.gov/data/REPROCESSING/Completed/2025/hmiigr/20250218/20250218_2100_hmiigr_1024.jpg,4.286428458601011,119.98214912414551,80.0784795620682,-0.8165000881394421,1.6949558011502825,0.999844080424982,0.10546621573121229,1.335752706109637,5620.074115203423,0.9877423763844334,23.701379776000977,1.3580862022601607,77.2682233938381,0.3041811074824634
2025-02-18 22:30:00,https://soho.nascom.nasa.gov/data/REPROCESSING/Completed/2025/hmiigr/20250218/20250218_2230_hmiigr_1024.jpg,4.289654765656912,119.96415042877197,80.08794022937482,-0.8158190681857462,1.6940635277307123,0.9998441172541517,0.10540998020769621,1.3380112605201187,5622.142192628978,0.987719390629427,23.697521209716797,1.3578901379298642,77.00420205197842,0.3039982477358985
2025-02-19 00:00:00,https://soho.nascom.nasa.gov/data/REPROCESSING/Completed/2025/hmiigr/20250219/20250219_0000_hmiigr_1024.jpg,4.292398280277142,119.93190002441406,80.09663541966844,-0.8149854915718794,1.692712264209726,0.9998441510919109,0.10535401628840191,1.3380974366226603,5624.484979904504,0.987757558917217,23.7154803276062,1.3575494804247294,78.1441720001311,0.30379317703306746
2025-02-19 01:30:00,https://soho.nascom.nasa.gov/data/REPROCESSING/Completed/2025/hmiigr/20250219/20250219_0130_hmiigr_1024.jpg,4.291692142698166,119.9062089920044,80.11147651831484,-0.8141329857259142,1.6912948884131285,0.9998442088213292,0.10554133684854605,1.3391635288618822,5627.747948486812,0.987743604773955,23.699860095977783,1.3569321279764863,77.18872115600024,0.303916265556496
2025-02-19 03:00:00,https://soho.nascom.nasa.gov/data/REPROCESSING/Completed/2025/hmiigr/20250219/20250219_0300_hmiigr_1024.jpg,4.29217771487123,119.88013935089111,80.12370560238215,-0.8133068559059486,1.6900167462039002,0.9998442563663427,0.10563904351329256,1.336943851527893,5630.530315572647,0.9878163019952583,23.687114715576172,1.356249086325199,77.6552174907016,0.30364629261341175
2025-02-19 04:30:00,https://soho.nascom.nasa.gov/data/REPROCESSING/Completed/2025/hmiigr/20250219/20250219_0430_hmiigr_1024.jpg,4.283991361074241,119.85751152038574,80.13282960671933,-0.8127517955123169,1.6889620007708301,0.9998442918250542,0.10606097429263173,1.333282009083694,5632.691781728576,0.9879013301214609,23.667619228363037,1.3557508044507078,77.25806786522902,0.3042005111580197
2025-02-19 06:00:00,https://soho.nascom.nasa.gov/data/REPROCESSING/Completed/2025/hmiigr/20250219/20250219_0600_hmiigr_1024.jpg,4.2802557263621335,119.8429651260376,80.13953360190352,-0.812372290995453,1.6882164117752891,0.9998443178711426,0.10623679464697489,1.3349922636622436,5634.256205589963,0.987874187595059,23.670806407928467,1.3557204452641756,77.78946041272624,0.3040885189847261
2025-02-19 07:30:00,https://soho.nascom.nasa.gov/data/REPROCESSING/Completed/2025/hmiigr/20250219/20250219_0730_hmiigr_1024.jpg,4.278712904775711,119.83110904693604,80.14107128044584,-0.8121659605784591,1.687793917187405,0.9998443238443471,0.10633447067448287,1.3342000951762787,5634.824999629415,0.9878909036601563,23.67277765274048,1.3552815313660795,77.07975035444963,0.3036374564502797
2025-02-19 09:00:00,https://soho.nascom.nasa.gov/data/REPROCESSING/Completed/2025/hmiigr/20250219/20250219_0900_hmiigr_1024.jpg,4.283048355455635,119.83699893951416,80.13938181419118,-0.8122290436223428,1.688099918156554,0.9998443172814955,0.10618388250259159,1.3328666489650411,5634.332062886706,0.9878688724575653,23.693997383117676,1.3552509035079623,77.84371686267606,0.3033005617417988
2025-02-19 10:30:00,https://soho.nascom.nasa.gov/data/REPROCESSING/Completed/2025/hmiigr/20250219/20250219_1030_hmiigr_1024.jpg,4.300723628961625,119.84481906890869,80.13773656606425,-0.8121376081740574,1.68852540736053,0.9998443108900134,0.10571762044855859,1.333608061150501,5633.7457555936535,0.9879099894466538,23.71614360809326,1.355907716367431,77.4087701959031,0.3024861767213875
2025-02-19 12:00:00,https://soho.nascom.nasa.gov/data/REPROCESSING/Completed/2025/hmiigr/20250219/20250219_1200_hmiigr_1024.jpg,4.316844439709472,119.86146545410156,80.13116046901243,-0.8123878373251854,1.6893874364082015,0.9998442853391722,0.10502035855097347,1.334886884041913,5632.102493751136,0.9878247316507968,23.72151231765747,1.3575481863642838,77.54516455353486,0.3025943345396657
2025-02-19 13:30:00,https://soho.nascom.nasa.gov/data/REPROCESSING/Completed/2025/hmiigr/20250219/20250219_1330_hmiigr_1024.jpg,4.318365804713923,119.88351058959961,80.12241486145547,-0.8129725888684588,1.6904429243980512,0.9998442513491451,0.10490811725139793,1.3343616417520752,5629.994007757572,0.9878099749074968,23.72186040878296,1.3574440967223689,77.10807378168231,0.30259407445454767
2025-02-19 15:00:00,https://soho.nascom.nasa.gov/data/REPROCESSING/Completed/2025/hmiigr/20250219/20250219_1500_hmiigr_1024.jpg,4.310560506810983,119.90875625610352,80.11226529145532,-0.8138411608399873,1.6915613696519602,0.9998442118886286,0.10505688717421435,1.3376720356148564,5627.637109810415,0.9877919435258707,23.729299545288086,1.357410767154516,77.4755807234589,0.30324969537883895
2025-02-19 16:30:00,https://soho.nascom.nasa.gov/data/REPROCESSING/Completed/2025/hmiigr/20250219/20250219_1630_hmiigr_1024.jpg,4.2970406855017735,119.92482376098633,80.10276483538021,-0.8146129820243615,1.692268716303001,0.9998441749382128,0.1052472551491519,1.340215861048268,5625.7144112895685,0.987779198728869,23.71764326095581,1.357771228108131,77.21720251697937,0.30317395795253005
2025-02-19 18:00:00,https://soho.nascom.nasa.gov/data/REPROCESSING/Completed/2025/hmiigr/20250219/20250219_1800_hmiigr_1024.jpg,4.2835348596979,119.93342781066895,80.09673948129826,-0.81514436573429,1.6927465266431871,0.9998441514968052,0.10575953584157105,1.3304193189989644,5624.471133370014,0.9877649443426185,23.703528881072998,1.3575969438011617,77.3667761695761,0.30411816258528424
2025-02-19 19:30:00,https://soho.nascom.nasa.gov/data/REPROCESSING/Completed/2025/hmiigr/20250219/20250219_1930_hmiigr_1024.jpg,4.284850569033465,119.93104362487793,80.10000687145737,-0.8149708986032668,1.692653893223937,0.9998441642091169,0.10601297808170784,1.3292555520571916,5625.006978307132,0.987795129922255,23.68701982498169,1.3570469259751385,76.93909575721331,0.30398275337074626
2025-02-19 21:00:00,https://soho.nascom.nasa.gov/data/REPROCESSING/Completed/2025/hmiigr/20250219/20250219_2100_hmiigr_1024.jpg,4.286022179353091,119.91898155212402,80.10142617330425,-0.8147381566904517,1.6922511494166739,0.9998441697306566,0.10592806637032481,1.3331750768727493,5625.540980416184,0.9878072485923329,23.68104600906372,1.3563635718531084,76.94073950210851,0.30409473017847893
2025-02-19 22:30:00,https://soho.nascom.nasa.gov/data/REPROCESSING/Completed/2025/hmiigr/20250219/20250219_2230_hmiigr_1024.jpg,4.293990543924828,119.90372848510742,80.10887592909832,-0.8140947869418818,1.6915534628034026,0.9998441987077854,0.10568622066784883,1.3354512335467794,5627.1675113510455,0.9878526521218569,23.68655824661255,1.3571422153153534,76.72714855093052,0.3038617877910374
2025-02-20 00:00:00,https://soho.nascom.nasa.gov/data/REPROCESSING/Completed/2025/hmiigr/20250220/20250220_0000_hmiigr_1024.jpg,4.295214585983298,119.87792587280273,80.11904592320818,-0.8133476903014037,1.690388480876672,0.9998442382527114,0.1056740102085314,1.3340902324723791,5629.565892555687,0.9878131928191327,23.68483257293701,1.3574488644334832,77.99894631559268,0.303698914731701
2025-02-20 01:30:00,https://soho.nascom.nasa.gov/data/REPROCESSING/Completed/2025/hmiigr/20250220/20250220_0130_hmiigr_1024.jpg,4.293251701110315,119.84633445739746,80.13146691772293,-0.8124899714875334,1.6889752756629046,0.9998442865299912,0.10599089450442989,1.335692095335625,5632.489143742889,0.9878479365077791,23.683698654174805,1.3556865575374322,77.34708634076041,0.30340835423672796
2025-02-20 03:00:00,https://soho.nascom.nasa.gov/data/REPROCESSING/Completed/2025/hmiigr/20250220/20250220_0300_hmiigr_1024.jpg,4.292357472595797,119.82318782806396,80.14388783237261,-0.8117152576272023,1.6877563842430114,0.9998443347845206,0.10607627175158996,1.3318534849783077,5635.252406857665,0.9878874862782207,23.682393074035645,1.3552201519646345,77.78590738029133,0.3036905746494846
2025-02-20 04:30:00,https://soho.nascom.nasa.gov/data/REPROCESSING/Completed/2025/hmiigr/20250220/20250220_0430_hmiigr_1024.jpg,4.2881553724999835,119.80119132995605,80.15018428674092,-0.8111956083354702,1.6867787888424504,0.9998443592373123,0.10614860472378496,1.3369785108190126,5636.954349309424,0.9879388470836173,23.667460441589355,1.3568722750509368,77.47766094880099,0.3038852156525903
2025-02-20 06:00:00,https://soho.nascom.nasa.gov/data/REPROCESSING/Completed/2025/hmiigr/20250220/20250220_0600_hmiigr_1024.jpg,4.284142130458778,119.78876399993896,80.15663216994463,-0.8108498608007411,1.6860901817444527,0.9998443842722198,0.1062860933070624,1.332461849491216,5638.436887819075,0.9879118193014633,23.659038543701172,1.355662075015311,77.92600391225123,0.3041311164279058
2025-02-20 07:30:00,https://soho.nascom.nasa.gov/data/REPROCESSING/Completed/2025/hmiigr/20250220/20250220_0730_hmiigr_1024.jpg,4.280967366267276,119.78341102600098,80.15783579473494,-0.8107867806562171,1.6858150998603476,0.9998443889448109,0.10645017845308757,1.3339380366736584,5638.836226601413,0.9879087885696163,23.66226816177368,1.354215344860772,77.26147324921519,0.30384503345725666
2025-02-20 09:00:00,https://soho.nascom.nasa.gov/data/REPROCESSING/Completed/2025/hmiigr/20250220/20250220_0900_hmiigr_1024.jpg,4.2927374351651535,119.78050994873047,80.15651116535386,-0.810565306793388,1.6859329765933198,0.9998443838024563,0.1061291160149267,1.3303551516243481,5638.551298539557,0.9879288062970537,23.699224948883057,1.3555842632454853,78.21869382606833,0.30329832380068644
2025-02-20 10:30:00,https://soho.nascom.nasa.gov/data/REPROCESSING/Completed/2025/hmiigr/20250220/20250220_1030_hmiigr_1024.jpg,4.304749417018127,119.79086685180664,80.1536411196869,-0.8106812126918449,1.6863803298617006,0.999844372659754,0.1056765283101413,1.333974882795734,5637.773572197848,0.9878860624348972,23.715210437774658,1.3552101409792614,77.65066770320045,0.3026953485075648
2025-02-20 12:00:00,https://soho.nascom.nasa.gov/data/REPROCESSING/Completed/2025/hmiigr/20250220/20250220_1200_hmiigr_1024.jpg,4.316725919594093,119.8052568435669,80.14659447686209,-0.8109230469476533,1.6871945146666973,0.9998443452967003,0.10528047119805706,1.3262218113792266,5636.102180400327,0.9879028014444979,23.724096298217773,1.3562352228155046,77.79034623237803,0.30253243695977566
2025-02-20 13:30:00,https://soho.nascom.nasa.gov/data/REPROCESSING/Completed/2025/hmiigr/20250220/20250220_1330_hmiigr_1024.jpg,4.320928708656228,119.83170127868652,80.13902870265693,-0.811524538009102,1.6883575386783451,0.9998443159097562,0.1050580772698595,1.3374985650062543,5634.06746969338,0.9878436749476488,23.72176456451416,1.3568197271953022,77.352509694391,0.3024529257768092
2025-02-20 15:00:00,https://soho.nascom.nasa.gov/data/REPROCESSING/Completed/2025/hmiigr/20250220/20250220_1500_hmiigr_1024.jpg,4.3139647710272,119.84957218170166,80.13177450447753,-0.8121386488511788,1.6891528629954053,0.9998442877252187,0.1052780348509259,1.3299589247625156,5632.384336294847,0.9878157631195337,23.71657133102417,1.3559472462021005,77.87559768177228,0.30274874905672255
2025-02-20 16:30:00,https://soho.nascom.nasa.gov/data/REPROCESSING/Completed/2025/hmiigr/20250220/20250220_1630_hmiigr_1024.jpg,4.299945846650896,119.86601543426514,80.12219969610364,-0.8129007258649655,1.6899416265371776,0.9998442505127593,0.105569617358924,1.3355318718672682,5630.381235905225,0.9878211758976649,23.7056303024292,1.3561489297848393,77.61507624405554,0.3035321984913754
2025-02-20 18:00:00,https://soho.nascom.nasa.gov/data/REPROCESSING/Completed/2025/hmiigr/20250220/20250220_1800_hmiigr_1024.jpg,4.29552420994949,119.88160514831543,80.11815747252551,-0.8132955189463417,1.6905532250034887,0.9998442347986669,0.10565782135563495,1.334698427059734,5629.303887216199,0.9877855249410207,23.699673175811768,1.3569374760928725,77.9094689750231,0.30367101437374444
2025-02-20 19:30:00,https://soho.nascom.nasa.gov/data/REPROCESSING/Completed/2025/hmiigr/20250220/20250220_1930_hmiigr_1024.jpg,4.297080548852383,119.87948513031006,80.12180211091406,-0.8130939762404953,1.6903741934095609,0.9998442489672573,0.10567988094589964,1.3331905757677391,5629.965122760906,0.9878299437750608,23.690658569335938,1.3569205695851485,77.44878997209655,0.3038105172556397
2025-02-20 21:00:00,https://soho.nascom.nasa.gov/data/REPROCESSING/Completed/2025/hmiigr/20250220/20250220_2100_hmiigr_1024.jpg,4.302875480435702,119.86568069458008,80.12611190769327,-0.8126243858126845,1.689857307677355,0.9998442657191675,0.10555462400043325,1.337001882443643,5631.001330886181,0.9878065349309971,23.69370937347412,1.3557799730135012,77.53000116521187,0.30365935639436287
2025-02-20 22:30:00,https://soho.nascom.nasa.gov/data/REPROCESSING/Completed/2025/hmiigr/20250220/20250220_2230_hmiigr_1024.jpg,4.3023460800329705,119.84792900085449,80.13544537106496,-0.8119838678093061,1.6890654193457983,0.9998443019884925,0.10586087343472173,1.3344632205149851,5632.973294393774,0.9878231663346028,23.689866542816162,1.356095706505266,77.21873652263855,0.3036506024709948
2025-02-21 00:00:00,https://soho.nascom.nasa.gov/data/REPROCESSING/Completed/2025/hmiigr/20250221/20250221_0000_hmiigr_1024.jpg,4.304104850253998,119.82600498199463,80.14810442744957,-0.8112217640530052,1.6878345990147587,0.9998443511606472,0.10590089055767749,1.3358591094173418,5635.780102541053,0.9878375306467542,23.691606998443604,1.3545805830299609,77.91520681918819,0.3036394896010915
2025-02-21 01:30:00,https://soho.nascom.nasa.gov/data/REPROCESSING/Completed/2025/hmiigr/20250221/20250221_0130_hmiigr_1024.jpg,4.30241477540366,119.79103088378906,80.15883076214345,-0.8103338956894307,1.6863037383401955,0.9998443928072144,0.10604952327594219,1.330754263519952,5638.567668279199,0.9878882412022137,23.693140029907227,1.3545140941119782,77.14177998047415,0.3034980704163979
2025-02-21 03:00:00,https://soho.nascom.nasa.gov/data/REPROCESSING/Completed/2025/hmiigr/20250221/20250221_0300_hmiigr_1024.jpg,4.300571501887061,119.76592350006104,80.168988307655,-0.80961412425234,1.685134358663422,0.9998444322299681,0.10610542702852399,1.3351886941334772,5640.974970136996,0.9879109603576274,23.68770456314087,1.3550048019185108,77.62403264328711,0.303526828917238
2025-02-21 04:30:00,https://soho.nascom.nasa.gov/data/REPROCESSING/Completed/2025/hmiigr/20250221/20250221_0430_hmiigr_1024.jpg,4.29510139766888,119.74183940887451,80.18106668564073,-0.8089402096089628,1.6838669669761102,0.9998444790882273,0.1064557819172478,1.3331577925108467,5643.736318123856,0.9879757114083331,23.68203067779541,1.3549060523290173,77.34154169467362,0.30347889458445065
2025-02-21 06:00:00,https://soho.nascom.nasa.gov/data/REPROCESSING/Completed/2025/hmiigr/20250221/20250221_0600_hmiigr_1024.jpg,4.293059164326963,119.73055839538574,80.18325257243481,-0.8087044644537429,1.6833543050701338,0.9998444875661474,0.10643117627478205,1.3331081600509962,5644.473711345524,0.9879272538632616,23.676207065582275,1.354340172468206,77.80828293456396,0.3037325655810536
2025-02-21 07:30:00,https://soho.nascom.nasa.gov/data/REPROCESSING/Completed/2025/hmiigr/20250221/20250221_0730_hmiigr_1024.jpg,4.288603247868423,119.72194385528564,80.1872139841111,-0.8085268667849801,1.6828762876337633,0.9998445029286406,0.10665714186143305,1.3266098928767471,5645.432271775684,0.9879736508543174,23.672510623931885,1.354609759428483,77.0897331841797,0.3034912225181714
2025-02-21 09:00:00,https://soho.nascom.nasa.gov/data/REPROCESSING/Completed/2025/hmiigr/20250221/20250221_0900_hmiigr_1024.jpg,4.295299739703548,119.72577667236328,80.18560802298579,-0.8085187840963199,1.6831108786397557,0.9998444967009414,0.10642123379511759,1.3302020607952119,5645.009427941835,0.9879741385886254,23.705939292907715,1.3549080039479429,77.83693445918605,0.30303598970134304
2025-02-21 10:30:00,https://soho.nascom.nasa.gov/data/REPROCESSING/Completed/2025/hmiigr/20250221/20250221_1030_hmiigr_1024.jpg,4.311114464189515,119.73651790618896,80.18546241974465,-0.8084733273439768,1.6834751942847819,0.9998444961362933,0.10590000868796778,1.3279612604612612,5644.683498808986,0.9879273620179682,23.707438468933105,1.3548272247141415,77.42328701372288,0.3023855227642868
2025-02-21 12:00:00,https://soho.nascom.nasa.gov/data/REPROCESSING/Completed/2025/hmiigr/20250221/20250221_1200_hmiigr_1024.jpg,4.325503660003058,119.7532434463501,80.18103104998826,-0.8086476899002668,1.684266162043442,0.9998444789500093,0.10544757445859432,1.3319490598654826,5643.39686062308,0.9879106631383469,23.723516941070557,1.3550659730278491,77.6072713977393,0.3024302200990316
2025-02-21 13:30:00,https://soho.nascom.nasa.gov/data/REPROCESSING/Completed/2025/hmiigr/20250221/20250221_1330_hmiigr_1024.jpg,4.32607896545536,119.77838039398193,80.17489887708072,-0.8092263288711157,1.6852770276746594,0.9998444551627614,0.10533580245100893,1.3318225135465127,5641.687370989503,0.9878498531142466,23.724631309509277,1.355013331414485,77.27237313656435,0.30250839249149936
2025-02-21 15:00:00,https://soho.nascom.nasa.gov/data/REPROCESSING/Completed/2025/hmiigr/20250221/20250221_1500_hmiigr_1024.jpg,4.317728649335047,119.79746532440186,80.16635858163966,-0.8099115660039841,1.686175797566567,0.999844422025097,0.10559539194400713,1.3312223671248034,5639.7337438294435,0.9878943419876636,23.72776746749878,1.3557962667452574,77.87842496010991,0.3022915010937557
2025-02-21 16:30:00,https://soho.nascom.nasa.gov/data/REPROCESSING/Completed/2025/hmiigr/20250221/20250221_1630_hmiigr_1024.jpg,4.303926459582442,119.8192138671875,80.15445086289341,-0.8108415966243905,1.687185877630118,0.9998443758036326,0.10580100505467271,1.3311069647765827,5637.214409134666,0.9878765787628969,23.696237564086914,1.3558200248829089,77.35059323147618,0.3030221582957007
2025-02-21 18:00:00,https://soho.nascom.nasa.gov/data/REPROCESSING/Completed/2025/hmiigr/20250221/20250221_1800_hmiigr_1024.jpg,4.294870771638523,119.82716178894043,80.15313982271825,-0.8111029626426896,1.6875180291465395,0.9998443707133894,0.10624024984826974,1.329761170466411,5636.752598895117,0.9878656445668644,23.696019172668457,1.3557616250616826,77.59709491181665,0.30339337373804354
2025-02-21 19:30:00,https://soho.nascom.nasa.gov/data/REPROCESSING/Completed/2025/hmiigr/20250221/20250221_1930_hmiigr_1024.jpg,4.296074984947341,119.82771015167236,80.15205462915468,-0.8111096245123568,1.6875888454742427,0.9998443664998291,0.10610208290381706,1.3327572641288004,5636.540834790338,0.9878855131093562,23.68822717666626,1.3558282364720409,77.113770668276,0.3038417416133208
2025-02-21 21:00:00,https://soho.nascom.nasa.gov/data/REPROCESSING/Completed/2025/hmiigr/20250221/20250221_2100_hmiigr_1024.jpg,4.30429624205168,119.81380844116211,80.16111237175296,-0.8104417139830498,1.68689975535819,0.9998444016637426,0.10599300365538511,1.3320084798809577,5638.390510440286,0.9878725972496336,23.68934202194214,1.3562624911212222,77.37807080737622,0.3036880050276158
2025-02-21 22:30:00,https://soho.nascom.nasa.gov/data/REPROCESSING/Completed/2025/hmiigr/20250221/20250221_2230_hmiigr_1024.jpg,4.306793310461791,119.79776573181152,80.16995939751185,-0.8098372408016612,1.6860622017823081,0.9998444359981093,0.10590002004209964,1.3359696460348585,5640.335390910754,0.98791313467587,23.706592082977295,1.355677780656481,77.25449843875536,0.3035996999363584
2025-02-22 00:00:00,https://soho.nascom.nasa.gov/data/REPROCESSING/Completed/2025/hmiigr/20250222/20250222_0000_hmiigr_1024.jpg,4.305188696689973,119.77767658233643,80.18265885911497,-0.8091209899966988,1.6850346986251628,0.9998444852635102,0.10629064884051331,1.3354313892018024,5642.982385689123,0.9879234054770182,23.70806884765625,1.3548180722321048,78.51323085154786,0.30323165486092435
2025-02-22 01:30:00,https://soho.nascom.nasa.gov/data/REPROCESSING/Completed/2025/hmiigr/20250222/20250222_0130_hmiigr_1024.jpg,4.307066430233324,119.74787425994873,80.19434980814762,-0.8082118302915193,1.683598769729372,0.9998445305958733,0.10628959719724662,1.3365006471390601,5645.831224577901,0.9880184890600661,23.70610237121582,1.354325935762816,77.70278234088275,0.3029446589266397
2025-02-22 03:00:00,https://soho.nascom.nasa.gov/data/REPROCESSING/Completed/2025/hmiigr/20250222/20250222_0300_hmiigr_1024.jpg,4.304176154462487,119.7227087020874,80.20657044263936,-0.8074370353696069,1.6823039783369391,0.9998445779609393,0.10633850641352183,1.3343359594594413,5648.638417701576,0.9879947305745733,23.689940929412842,1.3531335996214515,78.1366542869449,0.3032673787817425
2025-02-22 04:30:00,https://soho.nascom.nasa.gov/data/REPROCESSING/Completed/2025/hmiigr/20250222/20250222_0430_hmiigr_1024.jpg,4.303779902240766,119.69974708557129,80.2156560914065,-0.8067786122183594,1.6812143323357767,0.9998446131613165,0.10631075809033064,1.3328480523973778,5650.833472782415,0.9879723269992889,23.69288206100464,1.3540446600093272,77.89953834996554,0.3037065504404974
2025-02-22 06:00:00,https://soho.nascom.nasa.gov/data/REPROCESSING/Completed/2025/hmiigr/20250222/20250222_0600_hmiigr_1024.jpg,4.294873368453754,119.6845293045044,80.22481023202708,-0.8063624028076741,1.6803354179408823,0.9998446486149586,0.10669059567408112,1.333555703569171,5652.862236154845,0.9880263668617518,23.675200939178467,1.3538758433161096,78.444462078415,0.3036739358934055
2025-02-22 07:30:00,https://soho.nascom.nasa.gov/data/REPROCESSING/Completed/2025/hmiigr/20250222/20250222_0730_hmiigr_1024.jpg,4.294274835116057,119.68106460571289,80.2258258849224,-0.8062928865573947,1.6801451645840848,0.9998446525477962,0.10668164655544388,1.3324095429799183,5653.165392993808,0.9880434247345206,23.67303466796875,1.3534020743857331,77.8035732470762,0.30348782391409135
2025-02-22 09:00:00,https://soho.nascom.nasa.gov/data/REPROCESSING/Completed/2025/hmiigr/20250222/20250222_0900_hmiigr_1024.jpg,4.297474955031874,119.67953109741211,80.22825569752793,-0.8061269830795101,1.6800943876408014,0.999844661955974,0.10678328032554418,1.3255256411466436,5653.550550400069,0.9881081217177733,23.687400817871094,1.3522349506202027,78.51531318722297,0.3032339115947796
2025-02-22 10:30:00,https://soho.nascom.nasa.gov/data/REPROCESSING/Completed/2025/hmiigr/20250222/20250222_1030_hmiigr_1024.jpg,4.3190950426452375,119.69168376922607,80.22363264322395,-0.806159700827315,1.6807147302712362,0.9998446440548815,0.10581168603312108,1.3321311602285497,5652.37732566214,0.9880083517655692,23.72508478164673,1.3549230782561503,78.1935401628468,0.30245828295037747
2025-02-22 12:00:00,https://soho.nascom.nasa.gov/data/REPROCESSING/Completed/2025/hmiigr/20250222/20250222_1200_hmiigr_1024.jpg,4.328228117617723,119.70231819152832,80.21892893840679,-0.8063162713897256,1.6814026425120554,0.9998446258383235,0.10579362610405951,1.33176180064267,5651.136359915879,0.9880248689903463,23.722651958465576,1.3538966829657788,78.15247480768606,0.30199595855018463
2025-02-22 13:30:00,https://soho.nascom.nasa.gov/data/REPROCESSING/Completed/2025/hmiigr/20250222/20250222_1330_hmiigr_1024.jpg,4.336419415273188,119.7286376953125,80.21408901774437,-0.8067222269217789,1.6824058514485665,0.9998446070908826,0.10535640582020278,1.3348015023275936,5649.611948520948,0.9879760221709976,23.731236457824707,1.3549596021220582,77.76019433587773,0.30228792432756585
2025-02-22 15:00:00,https://soho.nascom.nasa.gov/data/REPROCESSING/Completed/2025/hmiigr/20250222/20250222_1500_hmiigr_1024.jpg,4.329544623786756,119.7525110244751,80.20262958805964,-0.8075276349392094,1.6835846924688844,0.9998445626892332,0.1056627278430824,1.3346583154265468,5647.008912817086,0.9879663208305682,23.74430513381958,1.3542696416790307,77.9922785087601,0.3021220378883155
2025-02-22 16:30:00,https://soho.nascom.nasa.gov/data/REPROCESSING/Completed/2025/hmiigr/20250222/20250222_1630_hmiigr_1024.jpg,4.312908490609557,119.77428245544434,80.19424954011272,-0.808420001986095,1.6844596178459617,0.9998445302071622,0.10611321393844264,1.3335040046539253,5645.095640272895,0.9878955293047978,23.725603580474854,1.3535732464281356,77.62882132653701,0.30262370019547025
2025-02-22 18:00:00,https://soho.nascom.nasa.gov/data/REPROCESSING/Completed/2025/hmiigr/20250222/20250222_1800_hmiigr_1024.jpg,4.304745748285943,119.7826623916626,80.19019290416688,-0.8087741533232043,1.6848413448190942,0.9998445144794974,0.10625228937715292,1.3314368662706542,5644.204798166317,0.9879430584271096,23.697166442871094,1.354114991377117,77.8956676534702,0.30309827194496547
2025-02-22 19:30:00,https://soho.nascom.nasa.gov/data/REPROCESSING/Completed/2025/hmiigr/20250222/20250222_1930_hmiigr_1024.jpg,4.301695923862268,119.77963256835938,80.18948417258409,-0.8087557951631257,1.6848163693697615,0.9998445117314849,0.1063989433732786,1.331179801562157,5644.125946854948,0.9879411869958585,23.7034273147583,1.3538202479729715,77.42882643036276,0.3032451394681079
2025-02-22 21:00:00,https://soho.nascom.nasa.gov/data/REPROCESSING/Completed/2025/hmiigr/20250222/20250222_2100_hmiigr_1024.jpg,4.3082004630881965,119.76901531219482,80.1941018325458,-0.8083725320855452,1.684300445264115,0.9998445296345386,0.10619720642716857,1.339036698718299,5645.208210554831,0.9879533140327827,23.705891609191895,1.3536250340732914,77.77500971794628,0.3032114892635022
2025-02-22 22:30:00,https://soho.nascom.nasa.gov/data/REPROCESSING/Completed/2025/hmiigr/20250222/20250222_2230_hmiigr_1024.jpg,4.310575057815009,119.74881553649902,80.20392138728864,-0.8076347084748926,1.6833721543479716,0.9998445676954965,0.10620279299837421,1.3349913828937647,5647.369064983134,0.9879691808374235,23.714739322662354,1.3549281273221259,77.61014343931198,0.30267371022557515
2025-02-23 00:00:00,https://soho.nascom.nasa.gov/data/REPROCESSING/Completed/2025/hmiigr/20250223/20250223_0000_hmiigr_1024.jpg,4.316053964051557,119.72367286682129,80.21344932583597,-0.806841341582763,1.68222972302017,0.9998446046127811,0.10603909702149394,1.338298670152987,5649.669709315403,0.9879780249209696,23.72645330429077,1.3546713598038755,78.65297136115598,0.3027474924965237
2025-02-23 01:30:00,https://soho.nascom.nasa.gov/data/REPROCESSING/Completed/2025/hmiigr/20250223/20250223_0130_hmiigr_1024.jpg,4.3137596542874395,119.69426155090332,80.22525076127441,-0.8060876644598604,1.680796736885179,0.9998446503208057,0.10616318595748453,1.3366621952384468,5652.53639653277,0.987984393020585,23.713777542114258,1.3537944001145295,77.8873623291658,0.3032399426484587
2025-02-23 03:00:00,https://soho.nascom.nasa.gov/data/REPROCESSING/Completed/2025/hmiigr/20250223/20250223_0300_hmiigr_1024.jpg,4.31425394622541,119.6668701171875,80.23579361644857,-0.8052850561826773,1.679570761849038,0.9998446911371831,0.10618557519592287,1.3363534598473437,5655.053640687358,0.9880209285644087,23.69740581512451,1.3543013615630453,78.29007085692517,0.3030283836232899
2025-02-23 04:30:00,https://soho.nascom.nasa.gov/data/REPROCESSING/Completed/2025/hmiigr/20250223/20250223_0430_hmiigr_1024.jpg,4.304555174598378,119.64561080932617,80.24526225308448,-0.8047852111476976,1.678526459860428,0.9998447277810437,0.10666632045831648,1.3342772599807549,5657.268007717126,0.9880512086433696,23.670281887054443,1.3533748409570685,77.8228223942159,0.30357592162017083
2025-02-23 06:00:00,https://soho.nascom.nasa.gov/data/REPROCESSING/Completed/2025/hmiigr/20250223/20250223_0600_hmiigr_1024.jpg,4.303922236644524,119.62897777557373,80.24914095563616,-0.8043978507122279,1.677843903728416,0.9998447427879755,0.10660593814827735,1.3361184393301437,5658.390235573421,0.9880351012495246,23.677372455596924,1.353335612347585,78.37406258680839,0.3032638132004219
2025-02-23 07:30:00,https://soho.nascom.nasa.gov/data/REPROCESSING/Completed/2025/hmiigr/20250223/20250223_0730_hmiigr_1024.jpg,4.298126866579134,119.62194633483887,80.25149005161452,-0.8043379651334747,1.6775605234384217,0.9998447518757105,0.10694599630551238,1.3305741450824147,5658.960469680191,0.9881166655979946,23.665560722351074,1.351280880843483,77.5903920086024,0.30356046837967127
2025-02-23 09:00:00,https://soho.nascom.nasa.gov/data/REPROCESSING/Completed/2025/hmiigr/20250223/20250223_0900_hmiigr_1024.jpg,4.310449219849513,119.62635707855225,80.25232479447023,-0.804165485778005,1.6778436751298198,0.9998447551048124,0.10657715312845539,1.3317744361834034,5658.839424029604,0.9881173738395961,23.696243286132812,1.3532237301434522,78.48098395906823,0.3027368863047087
2025-02-23 10:30:00,https://soho.nascom.nasa.gov/data/REPROCESSING/Completed/2025/hmiigr/20250223/20250223_1030_hmiigr_1024.jpg,4.326927302895133,119.63321495056152,80.24967589111723,-0.804068013978338,1.678270582607795,0.9998447448575022,0.1061551129732834,1.3304125804145157,5658.105990271003,0.9880954467783492,23.725109100341797,1.3520727570061624,78.30270441620475,0.30214684143794474
2025-02-23 12:00:00,https://soho.nascom.nasa.gov/data/REPROCESSING/Completed/2025/hmiigr/20250223/20250223_1200_hmiigr_1024.jpg,4.334448613419521,119.64692115783691,80.24379887862176,-0.8043687023094044,1.6789740567925349,0.9998447221185952,0.10579809880982793,1.3337979030575564,5656.684608563301,0.9880092705552542,23.732423782348633,1.3533389949819228,78.39562152747473,0.30210597675788614
2025-02-23 13:30:00,https://soho.nascom.nasa.gov/data/REPROCESSING/Completed/2025/hmiigr/20250223/20250223_1330_hmiigr_1024.jpg,4.338033665530443,119.66828632354736,80.23483833113575,-0.8049427888300816,1.68006542711084,0.9998446874394846,0.10578667691515875,1.334305092828751,5654.50269019666,0.9880398549484719,23.727540493011475,1.3530242409093485,77.93912891546904,0.30200104384945575
2025-02-23 15:00:00,https://soho.nascom.nasa.gov/data/REPROCESSING/Completed/2025/hmiigr/20250223/20250223_1500_hmiigr_1024.jpg,4.328174811316764,119.68675899505615,80.22309580652927,-0.8057775147099563,1.6810107961690466,0.9998446419759766,0.10600056596013019,1.3349575255533475,5652.052784737086,0.9880293443245174,23.7221040725708,1.3520544823362382,78.31845497575276,0.30232389217452355
2025-02-23 16:30:00,https://soho.nascom.nasa.gov/data/REPROCESSING/Completed/2025/hmiigr/20250223/20250223_1630_hmiigr_1024.jpg,4.318612144029241,119.70985412597656,80.21160551335595,-0.8066957645539038,1.6819896133762566,0.999844597469707,0.10597462503938004,1.3328966604267878,5649.61158925441,0.9879823329810201,23.71360969543457,1.354533704457861,77.9680535443135,0.3027271025112115
2025-02-23 18:00:00,https://soho.nascom.nasa.gov/data/REPROCESSING/Completed/2025/hmiigr/20250223/20250223_1800_hmiigr_1024.jpg,4.309141089475887,119.72011756896973,80.20782677294812,-0.8071389875030721,1.6824152858860624,0.9998445828290314,0.1062915323273046,1.3350182413387262,5648.721943206442,0.9879837625531379,23.69793939590454,1.354002403658837,78.13460009979238,0.3030610957022044
2025-02-23 19:30:00,https://soho.nascom.nasa.gov/data/REPROCESSING/Completed/2025/hmiigr/20250223/20250223_1930_hmiigr_1024.jpg,4.307141049166034,119.71507740020752,80.20706688877632,-0.8071149370027487,1.682295674847079,0.9998445798846212,0.10629845233779633,1.3382089235345476,5648.715313702336,0.9879765362898566,23.693163871765137,1.3540543257888022,77.74288034823748,0.303407096976502
2025-02-23 21:00:00,https://soho.nascom.nasa.gov/data/REPROCESSING/Completed/2025/hmiigr/20250223/20250223_2100_hmiigr_1024.jpg,4.3092818399341555,119.70555877685547,80.21134987140168,-0.8068129939129682,1.6818713053396799,0.9998445964792911,0.10635214148715022,1.3354934336968391,5649.674927161729,0.9880140602469872,23.698633670806885,1.3542105792512253,77.87226759092312,0.3033217615013713
2025-02-23 22:30:00,https://soho.nascom.nasa.gov/data/REPROCESSING/Completed/2025/hmiigr/20250223/20250223_2230_hmiigr_1024.jpg,4.315141566899141,119.6895923614502,80.22057938525674,-0.8061527785752862,1.6810287508584827,0.9998446322305564,0.10620635254053923,1.3353555796517436,5651.6831142923365,0.9879934865973278,23.70616912841797,1.3549749171920684,77.77387869567347,0.30310078750999686
2025-02-24 00:00:00,https://soho.nascom.nasa.gov/data/REPROCESSING/Completed/2025/hmiigr/20250224/20250224_0000_hmiigr_1024.jpg,4.314888628324378,119.66236686706543,80.2317431850326,-0.8053897682284845,1.6797887719336955,0.9998446754579509,0.10635938315499516,1.3336953720116034,5654.299228167742,0.9880198343555286,23.706477165222168,1.3531374402038328,78.86972691459734,0.30289790086755997
2025-02-24 01:30:00,https://soho.nascom.nasa.gov/data/REPROCESSING/Completed/2025/hmiigr/20250224/20250224_0130_hmiigr_1024.jpg,4.316445536476464,119.63161182403564,80.24147852940658,-0.8045755802022329,1.678386476558802,0.9998447131394942,0.10631432800619223,1.3308972883351091,5656.8524615950455,0.9880603557875884,23.70241069793701,1.353820294594001,78.1258983063319,0.30265269145781976
2025-02-24 03:00:00,https://soho.nascom.nasa.gov/data/REPROCESSING/Completed/2025/hmiigr/20250224/20250224_0300_hmiigr_1024.jpg,4.312618058148736,119.6031665802002,80.2518307702558,-0.8038433551354077,1.6770976943024465,0.9998447531937515,0.10655147828038025,1.3340488629284764,5659.39891071464,0.988115661941441,23.692683219909668,1.3529468550327235,78.49621118713556,0.3028705368385341
2025-02-24 04:30:00,https://soho.nascom.nasa.gov/data/REPROCESSING/Completed/2025/hmiigr/20250224/20250224_0430_hmiigr_1024.jpg,4.308838937635201,119.58338451385498,80.26011377267969,-0.8033240354671233,1.6761915953985915,0.9998447852306794,0.10680580094049219,1.33503026927221,5661.332042073981,0.9881227083892757,23.686877727508545,1.351910040900867,78.21907087714138,0.3030853476549778
2025-02-24 06:00:00,https://soho.nascom.nasa.gov/data/REPROCESSING/Completed/2025/hmiigr/20250224/20250224_0600_hmiigr_1024.jpg,4.306032353678621,119.56883144378662,80.26207616201644,-0.8031170619483238,1.6756137895076302,0.9998447928193396,0.1067745594536973,1.3339950267142924,5662.096902180138,0.9881370237382476,23.68571710586548,1.3519553230916526,78.76659047639865,0.30283192101977974
2025-02-24 07:30:00,https://soho.nascom.nasa.gov/data/REPROCESSING/Completed/2025/hmiigr/20250224/20250224_0730_hmiigr_1024.jpg,4.303936867392315,119.56024169921875,80.26139781887461,-0.8030491533793366,1.675354557274443,0.9998447901962149,0.10688094824217842,1.3363500319351138,5662.220206562078,0.988129032480474,23.681469917297363,1.3524257920461111,77.95306225680515,0.30319223133398676
2025-02-24 09:00:00,https://soho.nascom.nasa.gov/data/REPROCESSING/Completed/2025/hmiigr/20250224/20250224_0900_hmiigr_1024.jpg,4.3072507746047375,119.56458473205566,80.25906949587768,-0.8031574213047074,1.6756091799661812,0.9998447811921806,0.10672348736443382,1.3310813917051842,5661.676592706664,0.9881114469186114,23.692811965942383,1.3515770177680155,78.72281118583386,0.30313733302796847
2025-02-24 10:30:00,https://soho.nascom.nasa.gov/data/REPROCESSING/Completed/2025/hmiigr/20250224/20250224_1030_hmiigr_1024.jpg,4.328273981918281,119.57254695892334,80.26098364702,-0.8029068617230749,1.675908422422976,0.9998447885945968,0.10620843441574834,1.3297835505238111,5661.693894320437,0.9881241103743742,23.72292184829712,1.3522752435584737,78.46965534134137,0.3017036746702608
2025-02-24 12:00:00,https://soho.nascom.nasa.gov/data/REPROCESSING/Completed/2025/hmiigr/20250224/20250224_1200_hmiigr_1024.jpg,4.336563085164197,119.5888147354126,80.25355193202556,-0.8033095247941457,1.6767066364481384,0.9998447598516631,0.10585869671740511,1.3256544531940957,5659.971638012899,0.9881278913117457,23.712218761444092,1.3523586289324476,78.43473711908855,0.30194082280948437
2025-02-24 13:30:00,https://soho.nascom.nasa.gov/data/REPROCESSING/Completed/2025/hmiigr/20250224/20250224_1330_hmiigr_1024.jpg,4.338772330141471,119.61153411865234,80.24603104721481,-0.8039016799557404,1.6777081974237,0.999844730755727,0.10570907840701693,1.3346514004380285,5658.066094476296,0.988074627309456,23.736365795135498,1.3524693382265363,78.09462274701056,0.3014267673937658
2025-02-24 15:00:00,https://soho.nascom.nasa.gov/data/REPROCESSING/Completed/2025/hmiigr/20250224/20250224_1500_hmiigr_1024.jpg,4.329340159016997,119.63039970397949,80.23422448565917,-0.8047090842351957,1.6787127216204705,0.9998446850633548,0.10596536603770801,1.3296888150052966,5655.554906804782,0.9880752761816427,23.722415924072266,1.3524790960550468,78.47474883412492,0.3017867287883918
2025-02-24 16:30:00,https://soho.nascom.nasa.gov/data/REPROCESSING/Completed/2025/hmiigr/20250224/20250224_1630_hmiigr_1024.jpg,4.31507609664773,119.64928150177002,80.22033030350575,-0.8056971513384237,1.6796601921659917,0.9998446312658802,0.10614323996924213,1.3311605260380532,5652.798883042826,0.9880024897043795,23.71368980407715,1.3533052756445692,78.1871046747096,0.3028115896725275
2025-02-24 18:00:00,https://soho.nascom.nasa.gov/data/REPROCESSING/Completed/2025/hmiigr/20250224/20250224_1800_hmiigr_1024.jpg,4.306250466851316,119.65818691253662,80.21499856472123,-0.8061459024886924,1.6801308757297384,0.9998446106142732,0.10649300135446538,1.333330161340298,5651.651603742642,0.988026939475376,23.702749252319336,1.3533763235483645,78.42711701796223,0.3029365463316736
2025-02-24 19:30:00,https://soho.nascom.nasa.gov/data/REPROCESSING/Completed/2025/hmiigr/20250224/20250224_1930_hmiigr_1024.jpg,4.303534212815535,119.6533088684082,80.21478659170486,-0.8061246702556558,1.6800466782315993,0.9998446097931458,0.10668923748380621,1.3311308497007555,5651.692542187819,0.9880805238882502,23.690490245819092,1.3521965277585144,77.94588345169599,0.3030584529398824
2025-02-24 21:00:00,https://soho.nascom.nasa.gov/data/REPROCESSING/Completed/2025/hmiigr/20250224/20250224_2100_hmiigr_1024.jpg,4.306837255128212,119.64011573791504,80.21802674033556,-0.805769417928703,1.679538990747937,0.9998446223439149,0.10662557648538495,1.3308014932910948,5652.576215163162,0.9880847175194554,23.682179927825928,1.3511313637172182,78.0583940009508,0.30289190646262104
2025-02-24 22:30:00,https://soho.nascom.nasa.gov/data/REPROCESSING/Completed/2025/hmiigr/20250224/20250224_2230_hmiigr_1024.jpg,4.312854734926251,119.62160205841064,80.22696962968918,-0.805073767766767,1.6787103703496808,0.9998446569764557,0.10649199271210819,1.3326695004072375,5654.5341715761015,0.9880964249189702,23.700429916381836,1.3520080578349185,77.98451180288457,0.30263830609143816
2025-02-25 00:00:00,https://soho.nascom.nasa.gov/data/REPROCESSING/Completed/2025/hmiigr/20250225/20250225_0000_hmiigr_1024.jpg,4.3112342276751505,119.5940523147583,80.23358281364476,-0.804442012665628,1.6776303003564061,0.999844682579453,0.10661495711610769,1.3350509658384866,5656.376464476285,0.9880978405136115,23.69577646255493,1.3520614551582242,78.8870478683911,0.3024908187364479
2025-02-25 01:30:00,https://soho.nascom.nasa.gov/data/REPROCESSING/Completed/2025/hmiigr/20250225/20250225_0130_hmiigr_1024.jpg,4.312394904147514,119.56757545471191,80.24438504298793,-0.8036846356844581,1.6763324910204165,0.9998447243867638,0.10658425917426939,1.330038538051974,5658.994419360282,0.9881280345861273,23.6843900680542,1.3521060087646952,78.08318925262184,0.3024352868013955
2025-02-25 03:00:00,https://soho.nascom.nasa.gov/data/REPROCESSING/Completed/2025/hmiigr/20250225/20250225_0300_hmiigr_1024.jpg,4.307155471788108,119.54225063323975,80.2550162067923,-0.8030010707169712,1.6751044130173118,0.9998447655155301,0.10677587405007216,1.3347213952333286,5661.531172263327,0.9880557382761964,23.684605598449707,1.3525091678211623,78.41797269198852,0.30315867143764236
2025-02-25 04:30:00,https://soho.nascom.nasa.gov/data/REPROCESSING/Completed/2025/hmiigr/20250225/20250225_0430_hmiigr_1024.jpg,4.304325949500736,119.51900100708008,80.26004603257428,-0.8024847460216936,1.6742221859270932,0.999844784968715,0.10689163821916736,1.3298833386347786,5662.986623704223,0.9881036732811576,23.67908477783203,1.3512456997542315,78.15677079509027,0.3029906769306535
2025-02-25 06:00:00,https://soho.nascom.nasa.gov/data/REPROCESSING/Completed/2025/hmiigr/20250225/20250225_0600_hmiigr_1024.jpg,4.297266896282938,119.50236320495605,80.2634679963418,-0.8022372663394175,1.673491864000567,0.999844798201297,0.10703759550960967,1.329594794010285,5664.087319649613,0.9881352210096883,23.681467056274414,1.351471215355397,78.54992354840189,0.3032264048208367
2025-02-25 07:30:00,https://soho.nascom.nasa.gov/data/REPROCESSING/Completed/2025/hmiigr/20250225/20250225_0730_hmiigr_1024.jpg,4.298216779074467,119.49493312835693,80.26229141010836,-0.8021885499653484,1.6732959733112953,0.9998447936516811,0.1070354157454858,1.3342856329345911,5664.0870203689865,0.9881130259009256,23.683186054229736,1.3512435344213871,77.75145835883606,0.30301400910318904
2025-02-25 09:00:00,https://soho.nascom.nasa.gov/data/REPROCESSING/Completed/2025/hmiigr/20250225/20250225_0900_hmiigr_1024.jpg,4.305454738322732,119.50059604644775,80.26234041460104,-0.8021947741548565,1.673509824825507,0.9998447938411754,0.10672838908794802,1.3314292516770811,5663.912979860558,0.9880684861225439,23.690767765045166,1.3512531228067441,78.50748816143673,0.30260408812160583
2025-02-25 10:30:00,https://soho.nascom.nasa.gov/data/REPROCESSING/Completed/2025/hmiigr/20250225/20250225_1030_hmiigr_1024.jpg,4.317780089290206,119.50332927703857,80.25469554329725,-0.8022902410854043,1.6740549961455693,0.9998447642752187,0.1063871293754346,1.3301156164394154,5662.372977541385,0.988136248546878,23.709720611572266,1.3519025309318073,78.15716636380625,0.30243245468456537
2025-02-25 12:00:00,https://soho.nascom.nasa.gov/data/REPROCESSING/Completed/2025/hmiigr/20250225/20250225_1200_hmiigr_1024.jpg,4.334056750357133,119.51630210876465,80.2489835569697,-0.8024256601229268,1.6747948294909187,0.9998447421790331,0.10583901278005214,1.3347517482777478,5660.941640655791,0.9880942039484913,23.715611457824707,1.3520188607399584,78.35474127944548,0.3019564940611523
2025-02-25 13:30:00,https://soho.nascom.nasa.gov/data/REPROCESSING/Completed/2025/hmiigr/20250225/20250225_1330_hmiigr_1024.jpg,4.331020755158799,119.53691005706787,80.23944328648189,-0.803104004592313,1.6758748415110811,0.9998447052630335,0.10595365620974917,1.3347272603873803,5658.683689501096,0.9881607182887757,23.713234901428223,1.3532976871847684,77.85395538963536,0.301967118880055
2025-02-25 15:00:00,https://soho.nascom.nasa.gov/data/REPROCESSING/Completed/2025/hmiigr/20250225/20250225_1500_hmiigr_1024.jpg,4.320891039424192,119.5556993484497,80.2242790006675,-0.8040782107798214,1.676996137289073,0.9998446465578511,0.10618246081503457,1.3315140435389472,5655.599269805563,0.9881601099434792,23.711369514465332,1.3516430606189016,78.27784073599973,0.3020133977382572
2025-02-25 16:30:00,https://soho.nascom.nasa.gov/data/REPROCESSING/Completed/2025/hmiigr/20250225/20250225_1630_hmiigr_1024.jpg,4.309066611271875,119.57457256317139,80.21430058014194,-0.8048942897856486,1.6779406811002269,0.9998446079104408,0.1065226158589212,1.3304524179403316,5653.396572469789,0.9880779206812919,23.706722259521484,1.3522021578106624,77.97698891838839,0.3021805255653227
2025-02-25 18:00:00,https://soho.nascom.nasa.gov/data/REPROCESSING/Completed/2025/hmiigr/20250225/20250225_1800_hmiigr_1024.jpg,4.300552606238281,119.57998371124268,80.20418258998917,-0.8054362475727201,1.6784689528498058,0.999844568707737,0.10669097472964495,1.3341643596331645,5651.525687865821,0.9880859998297246,23.69643497467041,1.3526185408686415,78.18224396962826,0.3029030204132146
2025-02-25 19:30:00,https://soho.nascom.nasa.gov/data/REPROCESSING/Completed/2025/hmiigr/20250225/20250225_1930_hmiigr_1024.jpg,4.2967114766583165,119.5767011642456,80.2024041395521,-0.8055018893391541,1.6785133481486274,0.999844561815501,0.10686161261946836,1.3285249183144976,5651.23768810976,0.9881195311199665,23.676272869110107,1.3524710849560155,77.67798468311591,0.30319223009137986
2025-02-25 21:00:00,https://soho.nascom.nasa.gov/data/REPROCESSING/Completed/2025/hmiigr/20250225/20250225_2100_hmiigr_1024.jpg,4.302189376296469,119.5614767074585,80.20626587105939,-0.805069170212561,1.677925511193911,0.9998445767807356,0.10670907736857771,1.3297622232302,5652.276853403618,0.9880228836136046,23.684772968292236,1.3523482243642466,77.77182540367032,0.3027846376401569
2025-02-25 22:30:00,https://soho.nascom.nasa.gov/data/REPROCESSING/Completed/2025/hmiigr/20250225/20250225_2230_hmiigr_1024.jpg,4.302639714023424,119.54109573364258,80.20991732658987,-0.8045816098009996,1.6772625430616768,0.9998445909291072,0.10678691559223807,1.3353706242351084,5653.350023180695,0.9880945181232875,23.676648139953613,1.351708091541847,77.55090788493577,0.30281345922546266
2025-02-26 00:00:00,https://soho.nascom.nasa.gov/data/REPROCESSING/Completed/2025/hmiigr/20250226/20250226_0000_hmiigr_1024.jpg,4.3030951901478804,119.51532745361328,80.21882455021903,-0.8039171126606028,1.6761239759912292,0.9998446254340114,0.10674448786630819,1.3290556531397368,5655.565718275156,0.9881097716468488,23.705915451049805,1.3517433653817652,78.89994498667056,0.3025363407989176
2025-02-26 01:30:00,https://soho.nascom.nasa.gov/data/REPROCESSING/Completed/2025/hmiigr/20250226/20250226_0130_hmiigr_1024.jpg,4.300305180934171,119.4859037399292,80.2291648035891,-0.8031725292291603,1.6747692977769977,0.9998446654757919,0.1068581593590352,1.3332550110223391,5658.167432477063,0.9881320464747732,23.69279909133911,1.3516062538202436,77.96501303985283,0.30304888456693374
2025-02-26 03:00:00,https://soho.nascom.nasa.gov/data/REPROCESSING/Completed/2025/hmiigr/20250226/20250226_0300_hmiigr_1024.jpg,4.302034943423218,119.46409606933594,80.24026634800131,-0.8024210420071455,1.6737018782358146,0.9998447084483824,0.10691495453102107,1.3272774737912945,5660.635586879616,0.9881180107225895,23.695695400238037,1.35165622611622,78.5319752604367,0.30268400222102176
2025-02-26 04:30:00,https://soho.nascom.nasa.gov/data/REPROCESSING/Completed/2025/hmiigr/20250226/20250226_0430_hmiigr_1024.jpg,4.293840646948731,119.4393081665039,80.24676031526423,-0.8019349149379541,1.6726780299941209,0.9998447335773937,0.10715372169397597,1.3330713732822568,5662.418033609581,0.9881654594128205,23.670329093933105,1.351178596670493,78.14510038883112,0.30315313114291853
2025-02-26 06:00:00,https://soho.nascom.nasa.gov/data/REPROCESSING/Completed/2025/hmiigr/20250226/20250226_0600_hmiigr_1024.jpg,4.29297534684867,119.42263984680176,80.25055426230364,-0.80158356615184,1.671973898519936,0.9998447482556028,0.10703727122017881,1.3325321966377122,5663.549594470746,0.9881129214842514,23.67129945755005,1.3515191019190138,78.68554171883527,0.3031344463312603
2025-02-26 07:30:00,https://soho.nascom.nasa.gov/data/REPROCESSING/Completed/2025/hmiigr/20250226/20250226_0730_hmiigr_1024.jpg,4.289928962112041,119.4163122177124,80.2504154809318,-0.8015487518315882,1.6717692947643823,0.9998447477187152,0.10722494430046936,1.3312724569371344,5663.703284402245,0.9881235123938079,23.66938066482544,1.3509911031495263,77.84228082293114,0.3035234645310289
2025-02-26 09:00:00,https://soho.nascom.nasa.gov/data/REPROCESSING/Completed/2025/hmiigr/20250226/20250226_0900_hmiigr_1024.jpg,4.29673809137849,119.42005157470703,80.24757692810681,-0.8015956496483738,1.6720888311296496,0.9998447367369214,0.10697951718248078,1.3348155147396579,5663.032043784612,0.9881569655937006,23.690372467041016,1.351509864566053,78.69073659106455,0.30263698236164543
2025-02-26 10:30:00,https://soho.nascom.nasa.gov/data/REPROCESSING/Completed/2025/hmiigr/20250226/20250226_1030_hmiigr_1024.jpg,4.310554813277659,119.42667961120605,80.24404762143268,-0.8016240541855013,1.672478751830592,0.9998447230811139,0.10645554640359478,1.3307439303109936,5662.203863059105,0.988111859595199,23.694745540618896,1.350712845148683,78.12296843349834,0.30267227231076854
2025-02-26 12:00:00,https://soho.nascom.nasa.gov/data/REPROCESSING/Completed/2025/hmiigr/20250226/20250226_1200_hmiigr_1024.jpg,4.323561862361833,119.44060516357422,80.23685854500492,-0.801859730517825,1.673358691608336,0.9998446952591306,0.10616553742147516,1.3325578929497817,5660.444968710082,0.988080368555498,23.716540336608887,1.350831652676091,78.28703332809224,0.3023937466125894
2025-02-26 13:30:00,https://soho.nascom.nasa.gov/data/REPROCESSING/Completed/2025/hmiigr/20250226/20250226_1330_hmiigr_1024.jpg,4.323549667985988,119.4603099822998,80.225764980579,-0.8025238373031927,1.6744481391480064,0.9998446523119651,0.10606747475685552,1.3340973966365195,5657.959163310823,0.9880745011546272,23.70915174484253,1.351908696608677,77.73134969598047,0.3020276499457188
2025-02-26 15:00:00,https://soho.nascom.nasa.gov/data/REPROCESSING/Completed/2025/hmiigr/20250226/20250226_1500_hmiigr_1024.jpg,4.311966682858016,119.48106479644775,80.2160400482223,-0.803353673810939,1.6754526748551433,0.9998446146486106,0.10645136045604886,1.3306761855533222,5655.739478048112,0.9880930390237549,23.70014715194702,1.3519377657660279,78.05843149976982,0.30215735608143185
2025-02-26 16:30:00,https://soho.nascom.nasa.gov/data/REPROCESSING/Completed/2025/hmiigr/20250226/20250226_1630_hmiigr_1024.jpg,4.298961085499873,119.49435234069824,80.20384717210491,-0.804179687710823,1.6762441303661015,0.9998445674078881,0.1067143989221222,1.3335037708989745,5653.352739731787,0.9880957822814006,23.691767692565918,1.3523399147199258,77.76074191013866,0.30267907840637576
2025-02-26 18:00:00,https://soho.nascom.nasa.gov/data/REPROCESSING/Completed/2025/hmiigr/20250226/20250226_1800_hmiigr_1024.jpg,4.2874598180319925,119.5023717880249,80.19771920586257,-0.8046752810351199,1.676715787716294,0.9998445436572377,0.10708804691421392,1.3356302230661523,5652.091334269713,0.9880780976847917,23.669429779052734,1.3522203315475176,77.88343364804622,0.3031720134061011
2025-02-26 19:30:00,https://soho.nascom.nasa.gov/data/REPROCESSING/Completed/2025/hmiigr/20250226/20250226_1930_hmiigr_1024.jpg,4.284902484453023,119.50102233886719,80.19657950553477,-0.8047130083500758,1.6767520911084581,0.9998445392394094,0.10713884234064608,1.3283868404371566,5651.900097421872,0.9881232671754611,23.65525722503662,1.3518449849858765,77.40537451991096,0.30326109675653284
2025-02-26 21:00:00,https://soho.nascom.nasa.gov/data/REPROCESSING/Completed/2025/hmiigr/20250226/20250226_2100_hmiigr_1024.jpg,4.288850704649052,119.48754119873047,80.20291426754183,-0.8042386455470836,1.6761243500111984,0.9998445637925062,0.10701472177061078,1.3339436791434893,5653.322220539183,0.9881053477126321,23.647642612457275,1.3516497525109903,77.4480458874349,0.30351365778634837
2025-02-26 22:30:00,https://soho.nascom.nasa.gov/data/REPROCESSING/Completed/2025/hmiigr/20250226/20250226_2230_hmiigr_1024.jpg,4.294295329386559,119.47371292114258,80.21215772671954,-0.8035924512804755,1.6755129016791506,0.9998445996090766,0.10702598939133168,1.3333566302857862,5655.141214641032,0.9881263031852239,23.667402744293213,1.3511661033223925,77.32296698446271,0.3033844738103148
2025-02-27 00:00:00,https://soho.nascom.nasa.gov/data/REPROCESSING/Completed/2025/hmiigr/20250227/20250227_0000_hmiigr_1024.jpg,4.293366591230099,119.44345760345459,80.21774158004649,-0.8029493175752533,1.6743173054265519,0.9998446212394029,0.10702434140875994,1.330514439739155,5656.9380168943,0.9880979916130314,23.66255235671997,1.3513397625588102,78.04408047133434,0.30322892052472605
2025-02-27 01:30:00,https://soho.nascom.nasa.gov/data/REPROCESSING/Completed/2025/hmiigr/20250227/20250227_0130_hmiigr_1024.jpg,4.294691151331241,119.41455364227295,80.22908101662239,-0.8020969796662665,1.6729624137584538,0.9998446651513959,0.10702139112436271,1.3366637597830422,5659.68276948974,0.9881127618337137,23.658977508544922,1.3520840531360248,77.28852718293905,0.3034186041814341
2025-02-27 03:00:00,https://soho.nascom.nasa.gov/data/REPROCESSING/Completed/2025/hmiigr/20250227/20250227_0300_hmiigr_1024.jpg,4.293751848331332,119.38541221618652,80.24123960921052,-0.8012885610622227,1.6715996810195906,0.9998447122148958,0.1070450221432111,1.3342025762160954,5662.5518099773135,0.9880785897674653,23.65149450302124,1.3509386057130413,77.66697990152961,0.30362818055161084
2025-02-27 04:30:00,https://soho.nascom.nasa.gov/data/REPROCESSING/Completed/2025/hmiigr/20250227/20250227_0430_hmiigr_1024.jpg,4.287237104790313,119.36069297790527,80.24607160267642,-0.8008138445371337,1.670635138040076,0.9998447309126453,0.10723943727680307,1.334630946222611,5664.051050944607,0.9881005113091499,23.645832061767578,1.3508611957780101,77.42159470776244,0.303726793390535
2025-02-27 06:00:00,https://soho.nascom.nasa.gov/data/REPROCESSING/Completed/2025/hmiigr/20250227/20250227_0600_hmiigr_1024.jpg,4.279269519557867,119.3452730178833,80.24816674149979,-0.8006572939654416,1.669991827868411,0.9998447390188875,0.10744200911176449,1.3324897784734662,5664.892242073142,0.9881180733935236,23.6430926322937,1.350664649300244,77.8411116632186,0.3037963636509103
2025-02-27 07:30:00,https://soho.nascom.nasa.gov/data/REPROCESSING/Completed/2025/hmiigr/20250227/20250227_0730_hmiigr_1024.jpg,4.277636621188089,119.34228420257568,80.24853631603759,-0.8006551701592621,1.669832102734992,0.999844740448732,0.10750145822748891,1.336180929424355,5665.079883283335,0.9880955983928007,23.628684043884277,1.3511970060780918,76.97390538542285,0.30387565684347934
2025-02-27 09:00:00,https://soho.nascom.nasa.gov/data/REPROCESSING/Completed/2025/hmiigr/20250227/20250227_0900_hmiigr_1024.jpg,4.284666342258987,119.34303951263428,80.2470999616072,-0.8005811780107406,1.6699926162766108,0.9998447348915189,0.10721720936817292,1.333749287439691,5664.740961873592,0.9880602171317606,23.641228675842285,1.3507839863258881,77.72802225077538,0.3033890030581276
2025-02-27 10:30:00,https://soho.nascom.nasa.gov/data/REPROCESSING/Completed/2025/hmiigr/20250227/20250227_1030_hmiigr_1024.jpg,4.299328395379386,119.35283374786377,80.24416500067018,-0.8006467485414634,1.6704806248372674,0.9998447235353137,0.10680726766440785,1.332020653538409,5663.912869851971,0.9880841365614472,23.65492582321167,1.3518955520463953,77.2658779680904,0.3029769912809697
2025-02-27 12:00:00,https://soho.nascom.nasa.gov/data/REPROCESSING/Completed/2025/hmiigr/20250227/20250227_1200_hmiigr_1024.jpg,4.312973804968423,119.37135982513428,80.2380701975476,-0.8009181679578128,1.6714284162809125,0.9998446999487932,0.1063867092198052,1.331858858557187,5662.249531632154,0.9881233155591141,23.66847038269043,1.351024355058037,77.40337583045937,0.30235828771121387
2025-02-27 13:30:00,https://soho.nascom.nasa.gov/data/REPROCESSING/Completed/2025/hmiigr/20250227/20250227_1330_hmiigr_1024.jpg,4.3112014846474676,119.3900785446167,80.22766393268543,-0.80160084242688,1.6723878033503752,0.9998446596647531,0.10634345527614641,1.334373238289389,5659.968905934924,0.9880746737094485,23.670039176940918,1.3521275300384632,77.00023288431927,0.303128966904791
2025-02-27 15:00:00,https://soho.nascom.nasa.gov/data/REPROCESSING/Completed/2025/hmiigr/20250227/20250227_1500_hmiigr_1024.jpg,4.302845764293925,119.41489505767822,80.21703918630004,-0.8024858386169679,1.6735017759982196,0.9998446185187693,0.10657811858618516,1.3296868865568923,5657.527997565332,0.9880347252830496,23.65939998626709,1.3515090248600783,77.43413213584104,0.30299029316034987
2025-02-27 16:30:00,https://soho.nascom.nasa.gov/data/REPROCESSING/Completed/2025/hmiigr/20250227/20250227_1630_hmiigr_1024.jpg,4.28230134906595,119.42911338806152,80.2053915030808,-0.8034209661869189,1.6742757412927032,0.9998445733925169,0.10709933018915763,1.3319821249924948,5655.2313988320075,0.9880671744632701,23.64986801147461,1.3513767533419936,77.02173945739582,0.30348743338777606
2025-02-27 18:00:00,https://soho.nascom.nasa.gov/data/REPROCESSING/Completed/2025/hmiigr/20250227/20250227_1800_hmiigr_1024.jpg,4.275731908298537,119.43708896636963,80.19930024084246,-0.8038092222723525,1.6747732616517617,0.9998445497855029,0.10730551544838818,1.329392420974705,5653.952470290807,0.9881104326584126,23.641265392303467,1.351077824866408,77.35335926502464,0.3036533499893422
2025-02-27 19:30:00,https://soho.nascom.nasa.gov/data/REPROCESSING/Completed/2025/hmiigr/20250227/20250227_1930_hmiigr_1024.jpg,4.268622933316429,119.43563079833984,80.1996739086954,-0.8038765252640075,1.674727817256388,0.9998445512338275,0.10754688751148933,1.334746345164278,5654.043512186673,0.9880853278357593,23.622761726379395,1.3509666752996052,76.8934846717059,0.3040649208284443
2025-02-27 21:00:00,https://soho.nascom.nasa.gov/data/REPROCESSING/Completed/2025/hmiigr/20250227/20250227_2100_hmiigr_1024.jpg,4.270961418077767,119.4206771850586,80.2018046311943,-0.803570534567864,1.6741184725526657,0.9998445594920532,0.10742090548228589,1.332256028042073,5654.858392292782,0.9880938657971895,23.611290454864502,1.351551551262589,77.00773864357919,0.3040607234464778
2025-02-27 22:30:00,https://soho.nascom.nasa.gov/data/REPROCESSING/Completed/2025/hmiigr/20250227/20250227_2230_hmiigr_1024.jpg,4.27332498365918,119.40304851531982,80.21183491933961,-0.8028962414163657,1.6732684747316453,0.9998445983584706,0.10734628227874055,1.3307109371073929,5656.991100032247,0.988099189651942,23.628098964691162,1.3515265659172202,76.86659330623996,0.3038244625319734
2025-02-28 00:00:00,https://soho.nascom.nasa.gov/data/REPROCESSING/Completed/2025/hmiigr/20250228/20250228_0000_hmiigr_1024.jpg,4.275311341408733,119.37811660766602,80.2202004980439,-0.8022247170504551,1.6721721008251014,0.9998446307631491,0.10732364604336908,1.33092117066738,5659.098366268947,0.9881023679614392,23.63992929458618,1.352170585236094,78.27390421344047,0.3037808235491673
2025-02-28 01:30:00,https://soho.nascom.nasa.gov/data/REPROCESSING/Completed/2025/hmiigr/20250228/20250228_0130_hmiigr_1024.jpg,4.269121743912601,119.34841728210449,80.22889610554617,-0.8016080395784323,1.670844355876168,0.9998446644354767,0.10766598219379375,1.3338073083453486,5661.4494549047695,0.9880646859251241,23.622064113616943,1.3507586489219114,77.25197055940158,0.30403308730525397
2025-02-28 03:00:00,https://soho.nascom.nasa.gov/data/REPROCESSING/Completed/2025/hmiigr/20250228/20250228_0300_hmiigr_1024.jpg,4.270282700816093,119.3197078704834,80.2413546802884,-0.8007527055392829,1.669422853369102,0.999844712660211,0.1074931070979801,1.3351931556105818,5664.413061587124,0.9881235271572905,23.620911598205566,1.351118796123446,77.6390812336808,0.30415491598271993
2025-02-28 04:30:00,https://soho.nascom.nasa.gov/data/REPROCESSING/Completed/2025/hmiigr/20250228/20250228_0430_hmiigr_1024.jpg,4.262001213775189,119.29888153076172,80.24595401658796,-0.8004242766131152,1.668509131240298,0.9998447304576774,0.10771072331954201,1.340136286390028,5665.837861971015,0.9881117487237687,23.604572296142578,1.350537612528978,77.20924220655841,0.3046507227552586
2025-02-28 06:00:00,https://soho.nascom.nasa.gov/data/REPROCESSING/Completed/2025/hmiigr/20250228/20250228_0600_hmiigr_1024.jpg,4.257883987691081,119.28629684448242,80.24853612059037,-0.8002456781304278,1.6679120116474409,0.9998447404479758,0.10778665536599874,1.3360236051579704,5666.709554472803,0.9881416259169601,23.594370365142822,1.3507699969054254,77.6587723437085,0.3045122375903213
2025-02-28 07:30:00,https://soho.nascom.nasa.gov/data/REPROCESSING/Completed/2025/hmiigr/20250228/20250228_0730_hmiigr_1024.jpg,4.257495618532037,119.27486228942871,80.24952999963779,-0.8000528714289655,1.6674988503581796,0.99984474429309,0.10785485789529048,1.3339637972016243,5667.200910441485,0.9881251442750727,23.602596759796143,1.3506669918457679,76.95468845341942,0.3040003401413526
2025-02-28 09:00:00,https://soho.nascom.nasa.gov/data/REPROCESSING/Completed/2025/hmiigr/20250228/20250228_0900_hmiigr_1024.jpg,4.26003040354149,119.28239250183105,80.24884859938435,-0.8001963233526597,1.667747917326837,0.9998447416569076,0.10777704141764843,1.3323475591558784,5666.893072361854,0.98807005273839,23.60222625732422,1.3509050831743297,77.55659567867691,0.30450256443927465
2025-02-28 10:30:00,https://soho.nascom.nasa.gov/data/REPROCESSING/Completed/2025/hmiigr/20250228/20250228_1030_hmiigr_1024.jpg,4.275653476108517,119.29245185852051,80.2479743778996,-0.800184710030564,1.6681321260222457,0.9998447382746454,0.10727647246312699,1.3340782304369518,5666.443279500494,0.9880920531075649,23.624218940734863,1.3503936723138819,77.21129637529043,0.30380979586869045
2025-02-28 12:00:00,https://soho.nascom.nasa.gov/data/REPROCESSING/Completed/2025/hmiigr/20250228/20250228_1200_hmiigr_1024.jpg,4.292856307803889,119.31085109710693,80.24697458366013,-0.8002674549190141,1.668810407135051,0.9998447344064212,0.10677406564900593,1.3361095429620964,5665.726237043612,0.9880422016323137,23.638410568237305,1.3516918051454263,77.38833252886273,0.3033004492495475
2025-02-28 13:30:00,https://soho.nascom.nasa.gov/data/REPROCESSING/Completed/2025/hmiigr/20250228/20250228_1330_hmiigr_1024.jpg,4.291308077548397,119.32879543304443,80.23850588131585,-0.8008545554178356,1.6696688298242093,0.9998447016350415,0.10676834088371834,1.3327696774586402,5663.802245042069,0.9881048750266217,23.64275312423706,1.3505004610232756,76.94046918758951,0.3031138315325795
2025-02-28 15:00:00,https://soho.nascom.nasa.gov/data/REPROCESSING/Completed/2025/hmiigr/20250228/20250228_1500_hmiigr_1024.jpg,4.278827720138853,119.34966659545898,80.2276071699785,-0.8017340979519932,1.6705971937641748,0.9998446594449741,0.10700243837709422,1.3359101203643156,5661.476927953076,0.9880301912014493,23.62857151031494,1.3510975683389888,77.35306190236805,0.30360525939696864
2025-02-28 16:30:00,https://soho.nascom.nasa.gov/data/REPROCESSING/Completed/2025/hmiigr/20250228/20250228_1630_hmiigr_1024.jpg,4.266802182608665,119.36737155914307,80.22128176127895,-0.8024089543040543,1.6712817573003897,0.9998446349507614,0.10742013911658432,1.330608319292484,5660.0044857746425,0.9881030868890933,23.622313022613525,1.3512242844807039,77.2085738264567,0.3035885356919043
2025-02-28 18:00:00,https://soho.nascom.nasa.gov/data/REPROCESSING/Completed/2025/hmiigr/20250228/20250228_1800_hmiigr_1024.jpg,4.255075093991742,119.38307571411133,80.21506935901097,-0.8030595975664029,1.6718460367701793,0.9998446108885102,0.1075621116488037,1.332057964998864,5658.650312914974,0.988087680640502,23.598843097686768,1.3510821957661001,77.45087084412128,0.30439997210835473
2025-02-28 19:30:00,https://soho.nascom.nasa.gov/data/REPROCESSING/Completed/2025/hmiigr/20250228/20250228_1930_hmiigr_1024.jpg,4.2512238276773395,119.38033199310303,80.2174463285125,-0.803006627779806,1.6716169644949093,0.999844620095792,0.10778880036741612,1.330801877198149,5659.179539008105,0.9880500193180635,23.59449338912964,1.351863417100294,76.88577677378711,0.30468951230894903
2025-02-28 21:00:00,https://soho.nascom.nasa.gov/data/REPROCESSING/Completed/2025/hmiigr/20250228/20250228_2100_hmiigr_1024.jpg,4.253261609429147,119.37045669555664,80.22233855483364,-0.8026740628845451,1.6710859520997658,0.9998446390434417,0.1077698720000626,1.3295771487071668,5660.319406885706,0.9880816390508145,23.59839153289795,1.3507733094938459,76.97287157031869,0.3043026702927641
2025-02-28 22:30:00,https://soho.nascom.nasa.gov/data/REPROCESSING/Completed/2025/hmiigr/20250228/20250228_2230_hmiigr_1024.jpg,4.259006034973574,119.34910106658936,80.23402863462198,-0.8018542741722221,1.6700466793097293,0.999844684305225,0.10759738824890519,1.333080901409739,5662.849839636983,0.9880264300666447,23.60016918182373,1.3515193519408912,76.87085931187866,0.304102190444081
2025-03-01 00:00:00,https://soho.nascom.nasa.gov/data/REPROCESSING/Completed/2025/hmiigr/20250301/20250301_0000_hmiigr_1024.jpg,4.256807792710009,119.31978034973145,80.24297148191795,-0.8011749388093348,1.6687068634531603,0.9998447189168913,0.1077222538569913,1.333505601763305,5665.248863382649,0.9880906983178823,23.605631828308105,1.3502462909585984,77.71566834495908,0.30451496242865567
2025-03-01 01:30:00,https://soho.nascom.nasa.gov/data/REPROCESSING/Completed/2025/hmiigr/20250301/20250301_0130_hmiigr_1024.jpg,4.25795014670057,119.29080486297607,80.25393197467184,-0.8003511287742655,1.6673297765495467,0.9998447613217114,0.10765804493712494,1.3375831610999505,5667.966339578497,0.9881192455123737,23.589977741241455,1.3511301272201925,76.85848843939623,0.3044202296978312
2025-03-01 03:00:00,https://soho.nascom.nasa.gov/data/REPROCESSING/Completed/2025/hmiigr/20250301/20250301_0300_hmiigr_1024.jpg,4.254484324995172,119.26519393920898,80.26260015573305,-0.7997107609869947,1.6662035359793832,0.999844794845556,0.1078216763180535,1.3407798128124808,5670.1485476490025,0.9881282322339304,23.58474111557007,1.3500492301892402,77.26380161763896,0.3047145112843537
2025-03-01 04:30:00,https://soho.nascom.nasa.gov/data/REPROCESSING/Completed/2025/hmiigr/20250301/20250301_0430_hmiigr_1024.jpg,4.250758967915593,119.24688625335693,80.27140579263887,-0.7991989757930649,1.665232105092596,0.9998448288898886,0.10789724110509269,1.3358665874744764,5672.219699678689,0.9881013880670683,23.57138681411743,1.3501320544914226,76.9471756621449,0.30467218536800633
2025-03-01 06:00:00,https://soho.nascom.nasa.gov/data/REPROCESSING/Completed/2025/hmiigr/20250301/20250301_0600_hmiigr_1024.jpg,4.245784904915896,119.23202610015869,80.27764071778934,-0.7988423038064185,1.6644902598761748,0.9998448529885686,0.10809818966117746,1.33914621322565,5673.732895373074,0.9881053337864703,23.569361209869385,1.3510688563435105,77.42540102243322,0.3048222956560754
2025-03-01 07:30:00,https://soho.nascom.nasa.gov/data/REPROCESSING/Completed/2025/hmiigr/20250301/20250301_0730_hmiigr_1024.jpg,4.241097797996849,119.22659397125244,80.2758469241757,-0.7988959140166895,1.664335220469424,0.9998448460559318,0.10814279658734449,1.338964775626144,5673.61146267751,0.9880644926862909,23.560485363006592,1.3496285906201217,76.53651622611603,0.30491627433502416
2025-03-01 09:00:00,https://soho.nascom.nasa.gov/data/REPROCESSING/Completed/2025/hmiigr/20250301/20250301_0900_hmiigr_1024.jpg,4.255031679666789,119.22995567321777,80.2780606401158,-0.7986302522261896,1.66446993945629,0.9998448546114135,0.10776004179024312,1.3379628799407617,5673.80956952779,0.9880966824138547,23.58371639251709,1.3508246530298835,77.3238067028998,0.3046454495329479
2025-03-01 10:30:00,https://soho.nascom.nasa.gov/data/REPROCESSING/Completed/2025/hmiigr/20250301/20250301_1030_hmiigr_1024.jpg,4.268313819834032,119.2384672164917,80.2793212399613,-0.798542711290005,1.664769840004249,0.9998448594830136,0.10744432400861115,1.3372079921426725,5673.73220877133,0.9881068771727244,23.596778869628906,1.3506761435800687,76.83754181181946,0.3041704330015675
2025-03-01 12:00:00,https://soho.nascom.nasa.gov/data/REPROCESSING/Completed/2025/hmiigr/20250301/20250301_1200_hmiigr_1024.jpg,4.281753928274941,119.25447654724121,80.2762690891815,-0.7986974651074796,1.6655020522519428,0.999844847687553,0.10704845561303955,1.3364996472981197,5672.677148541874,0.9880802301085615,23.616215705871582,1.3506621500183298,77.10902864036487,0.3036687086515176
2025-03-01 13:30:00,https://soho.nascom.nasa.gov/data/REPROCESSING/Completed/2025/hmiigr/20250301/20250301_1330_hmiigr_1024.jpg,4.2865900591191926,119.27016258239746,80.26688053409423,-0.7991510306257551,1.66641142411757,0.9998448113957439,0.10685582846781472,1.3365221907060818,5670.576470418204,0.9880805374126088,23.612159729003906,1.350532723393065,76.64120308106449,0.3038701146266084
2025-03-01 15:00:00,https://soho.nascom.nasa.gov/data/REPROCESSING/Completed/2025/hmiigr/20250301/20250301_1500_hmiigr_1024.jpg,4.272917119346349,119.29578971862793,80.25576400527963,-0.8001431882564919,1.6675616144488068,0.9998447684079218,0.10722456903386046,1.3290245882853953,5668.028097440322,0.9881107572572652,23.60876178741455,1.350994301936988,77.0231677310128,0.3040133498391658
2025-03-01 16:30:00,https://soho.nascom.nasa.gov/data/REPROCESSING/Completed/2025/hmiigr/20250301/20250301_1630_hmiigr_1024.jpg,4.254268784348614,119.31085109710693,80.24444470993043,-0.8010278652849149,1.6683379181764368,0.9998447246176427,0.10776642634300515,1.3326335949586792,5665.770085056556,0.9880681789973146,23.57891273498535,1.3507881823006267,76.65243060889527,0.3044699523471589
2025-03-01 18:00:00,https://soho.nascom.nasa.gov/data/REPROCESSING/Completed/2025/hmiigr/20250301/20250301_1800_hmiigr_1024.jpg,4.245887878697419,119.31629085540771,80.2392198538837,-0.8014053470016907,1.6686610823650305,0.9998447043983051,0.10795050612068735,1.3378971826434713,5664.757990653911,0.9880274107872532,23.57314682006836,1.3502481287224923,76.94287200969144,0.3046694900593515
2025-03-01 19:30:00,https://soho.nascom.nasa.gov/data/REPROCESSING/Completed/2025/hmiigr/20250301/20250301_1930_hmiigr_1024.jpg,4.243560438406574,119.31491947174072,80.23797842541768,-0.8014511351806082,1.6686376704036576,0.9998446995935996,0.10799733400926925,1.3369947424516844,5664.602575608554,0.9880807512177914,23.570505142211914,1.3508511239964534,76.46702874720113,0.30484962694326595
2025-03-01 21:00:00,https://soho.nascom.nasa.gov/data/REPROCESSING/Completed/2025/hmiigr/20250301/20250301_2100_hmiigr_1024.jpg,4.2480935403807685,119.30615520477295,80.24644051684146,-0.8009819724853189,1.6680480941943583,0.9998447323400467,0.10796291171573102,1.3332423615134303,5666.298025607151,0.9881033159992193,23.566452980041504,1.3503761554521239,76.56641357449729,0.3049905573378391
2025-03-01 22:30:00,https://soho.nascom.nasa.gov/data/REPROCESSING/Completed/2025/hmiigr/20250301/20250301_2230_hmiigr_1024.jpg,4.2514013806543245,119.28674983978271,80.25503096063485,-0.8003089844715944,1.6672108245436235,0.9998447655725969,0.10788474542277982,1.3355815768935708,5668.222672746234,0.988076744583747,23.574912071228027,1.3503888985598418,76.41424859396908,0.30486416245565695
2025-03-02 00:00:00,https://soho.nascom.nasa.gov/data/REPROCESSING/Completed/2025/hmiigr/20250302/20250302_0000_hmiigr_1024.jpg,4.251687096440055,119.26442623138428,80.26451338060455,-0.7996464998158549,1.6661510207507475,0.9998448022434141,0.10785965934337582,1.3359350497448113,5670.463551074752,0.9880332530336827,23.584737300872803,1.3501354124681846,77.66545651463673,0.30459254590571794
2025-03-02 01:30:00,https://soho.nascom.nasa.gov/data/REPROCESSING/Completed/2025/hmiigr/20250302/20250302_0130_hmiigr_1024.jpg,4.255685139158754,119.2368335723877,80.27743631230663,-0.7987445215987622,1.6647911855646893,0.9998448521986077,0.10791461916051048,1.3361637397205406,5673.447591741505,0.9880845944302595,23.581713676452637,1.3498919194745818,76.89873998930148,0.30446392472048583
2025-03-02 03:00:00,https://soho.nascom.nasa.gov/data/REPROCESSING/Completed/2025/hmiigr/20250302/20250302_0300_hmiigr_1024.jpg,4.253332275952971,119.21033191680908,80.28709114481416,-0.7979997187333782,1.6635794701468916,0.9998448895048202,0.10790615828045702,1.3360788032870388,5675.845416448752,0.988084908356949,23.569161891937256,1.3495137277764526,77.27440252877035,0.30490008879884933
2025-03-02 04:30:00,https://soho.nascom.nasa.gov/data/REPROCESSING/Completed/2025/hmiigr/20250302/20250302_0430_hmiigr_1024.jpg,4.250275912692148,119.18819236755371,80.29654503207544,-0.7973840292293058,1.6624813869717234,0.9998449260215451,0.10796385708090384,1.3337225831423563,5678.119393109722,0.9881312099934347,23.57085657119751,1.3500373538148707,77.11573700012681,0.3048019049083613
2025-03-02 06:00:00,https://soho.nascom.nasa.gov/data/REPROCESSING/Completed/2025/hmiigr/20250302/20250302_0600_hmiigr_1024.jpg,4.241206280333796,119.17889404296875,80.30188816090455,-0.7972052257004811,1.661886185269406,0.9998449466542906,0.1083354487818724,1.334555331502305,5679.383491783391,0.9881378064054229,23.550769329071045,1.3498376788369737,77.46985971401328,0.3054063943740056
2025-03-02 07:30:00,https://soho.nascom.nasa.gov/data/REPROCESSING/Completed/2025/hmiigr/20250302/20250302_0730_hmiigr_1024.jpg,4.241326126007044,119.17181587219238,80.30695572241781,-0.7969422028248956,1.6614379957900807,0.9998449662191154,0.1082919125638,1.3346092691287739,5680.483352264566,0.9881545926852088,23.5481276512146,1.350320506683783,76.78713245332463,0.30505117037159696
2025-03-02 09:00:00,https://soho.nascom.nasa.gov/data/REPROCESSING/Completed/2025/hmiigr/20250302/20250302_0900_hmiigr_1024.jpg,4.2541297018865,119.17973804473877,80.3081761243434,-0.7968009031121945,1.661739232743689,0.9998449709302859,0.10799011458220775,1.338103930024562,5680.398540796553,0.9881157963626593,23.574861526489258,1.3494887830051676,77.5343331277987,0.30443040192574067
2025-03-02 10:30:00,https://soho.nascom.nasa.gov/data/REPROCESSING/Completed/2025/hmiigr/20250302/20250302_1030_hmiigr_1024.jpg,4.269649650983549,119.18682193756104,80.30847595549335,-0.7966801198393804,1.6620228094140648,0.9998449720877043,0.10755946094650426,1.3325526567476147,5680.198639780946,0.9880828396598562,23.59523105621338,1.3490342320750042,77.1388604464956,0.3040413993044984
2025-03-02 12:00:00,https://soho.nascom.nasa.gov/data/REPROCESSING/Completed/2025/hmiigr/20250302/20250302_1200_hmiigr_1024.jpg,4.2840814684105855,119.2055253982544,80.30753575535714,-0.7967804124147454,1.662741018540069,0.9998449684582685,0.1071662374852167,1.3336729760424746,5679.452174973913,0.9880418398765194,23.604004383087158,1.3506428363856644,77.34138749779218,0.30371317146442683
2025-03-02 13:30:00,https://soho.nascom.nasa.gov/data/REPROCESSING/Completed/2025/hmiigr/20250302/20250302_1330_hmiigr_1024.jpg,4.286250846589428,119.22823810577393,80.3006945288762,-0.7973203868210528,1.663685420864031,0.999844942045381,0.10696665821888018,1.3364547642030102,5677.6785463444485,0.9880960964150699,23.613160133361816,1.350228148472572,76.97057051195418,0.30376216439147896
2025-03-02 15:00:00,https://soho.nascom.nasa.gov/data/REPROCESSING/Completed/2025/hmiigr/20250302/20250302_1500_hmiigr_1024.jpg,4.275142121062083,119.24710655212402,80.28975164863984,-0.7981304160812721,1.6646133983462255,0.9998448997826257,0.1072556154213089,1.335181087981815,5675.339975905036,0.9880718731830473,23.61104679107666,1.3506367205565466,77.27173666978668,0.30427686361063616
2025-03-02 16:30:00,https://soho.nascom.nasa.gov/data/REPROCESSING/Completed/2025/hmiigr/20250302/20250302_1630_hmiigr_1024.jpg,4.261575835875638,119.26215171813965,80.28373988312079,-0.798764704575038,1.6651672834990008,0.9998448765570908,0.10769733023698791,1.336815445717378,5674.018179854454,0.9881171357337124,23.59583282470703,1.350591745802726,77.03701596059369,0.30469036345403483
2025-03-02 18:00:00,https://soho.nascom.nasa.gov/data/REPROCESSING/Completed/2025/hmiigr/20250302/20250302_1800_hmiigr_1024.jpg,4.250147578339414,119.270827293396,80.28217207134614,-0.799114154631803,1.6654047240637944,0.9998448704992325,0.10804463413842313,1.337861847543702,5673.594330840934,0.9880458998078868,23.571542263031006,1.3502334552281603,77.25700613262337,0.30519903670755333
2025-03-02 19:30:00,https://soho.nascom.nasa.gov/data/REPROCESSING/Completed/2025/hmiigr/20250302/20250302_1930_hmiigr_1024.jpg,4.251460296786723,119.26998329162598,80.28420537685979,-0.7990046590454558,1.665209883134195,0.9998448783556407,0.10791055791560211,1.3336766454069433,5674.047688024543,0.9880871324652503,23.568962574005127,1.3508992019149808,76.7850747043775,0.30511348343423894
2025-03-02 21:00:00,https://soho.nascom.nasa.gov/data/REPROCESSING/Completed/2025/hmiigr/20250302/20250302_2100_hmiigr_1024.jpg,4.254338868178094,119.2608118057251,80.29225677747101,-0.7985629445645039,1.6646034507865144,0.9998449094592675,0.10794430867281335,1.3291357087944622,5675.702614541009,0.9880760864683038,23.567261219024658,1.3497797201949446,76.93956756802386,0.30516336421901147
2025-03-02 22:30:00,https://soho.nascom.nasa.gov/data/REPROCESSING/Completed/2025/hmiigr/20250302/20250302_2230_hmiigr_1024.jpg,4.2615340787261395,119.24705028533936,80.30191139079655,-0.7978925113627146,1.66390723384897,0.9998449467439849,0.10779727640328929,1.3361467692688398,5677.661388731971,0.988091418853012,23.57259702682495,1.3504966107886565,76.81720279657107,0.30466989188686094
2025-03-03 00:00:00,https://soho.nascom.nasa.gov/data/REPROCESSING/Completed/2025/hmiigr/20250303/20250303_0000_hmiigr_1024.jpg,4.261422317790459,119.22310161590576,80.31254138770956,-0.7971799164193901,1.6627153609649055,0.9998449877799439,0.10783558885486855,1.3361723268513435,5680.1821192444595,0.9880415666433549,23.571664333343506,1.3502770908886448,77.67967210704411,0.3046173104214991
2025-03-03 01:30:00,https://soho.nascom.nasa.gov/data/REPROCESSING/Completed/2025/hmiigr/20250303/20250303_0130_hmiigr_1024.jpg,4.259753874496799,119.18922710418701,80.32644379536777,-0.7962188335240221,1.6610875117072184,0.9998450414241131,0.10791834934207145,1.3353810253064342,5683.540412931229,0.9881030650193123,23.563986778259277,1.3507025740136211,76.93651893594775,0.304872128621494
2025-03-03 03:00:00,https://soho.nascom.nasa.gov/data/REPROCESSING/Completed/2025/hmiigr/20250303/20250303_0300_hmiigr_1024.jpg,4.25679763316397,119.16356086730957,80.33705762548695,-0.7954805515177018,1.6599159625152626,0.999845082360155,0.10810130771460535,1.3351290113086995,5686.04533026545,0.988107946808099,23.566528797149658,1.3495376177893836,77.44317206752874,0.3049404413518848
2025-03-03 04:30:00,https://soho.nascom.nasa.gov/data/REPROCESSING/Completed/2025/hmiigr/20250303/20250303_0430_hmiigr_1024.jpg,4.254219279319755,119.14640140533447,80.34653768955533,-0.7949334206774331,1.6589503663278902,0.9998451189097091,0.10815778183678049,1.33596707654392,5688.214766284504,0.9880957653243977,23.554582118988037,1.3497463858319276,77.20249471636795,0.30530510725282
2025-03-03 06:00:00,https://soho.nascom.nasa.gov/data/REPROCESSING/Completed/2025/hmiigr/20250303/20250303_0600_hmiigr_1024.jpg,4.250969313985168,119.13271903991699,80.3519939406772,-0.7946041505262089,1.6582723508197825,0.9998451399399417,0.10828681133898499,1.3368231148221952,5689.5687771455805,0.9881417334855404,23.546555042266846,1.3497876299416902,77.6798599565311,0.3052595286828639
2025-03-03 07:30:00,https://soho.nascom.nasa.gov/data/REPROCESSING/Completed/2025/hmiigr/20250303/20250303_0730_hmiigr_1024.jpg,4.249116931193273,119.12785053253174,80.35430907205946,-0.7944819025916485,1.6579747515762522,0.999845148861945,0.108341968676541,1.3412978295567812,5690.151952519694,0.9880658634949123,23.53999376296997,1.3494514805579811,76.88696398998218,0.30552608873055764
2025-03-03 09:00:00,https://soho.nascom.nasa.gov/data/REPROCESSING/Completed/2025/hmiigr/20250303/20250303_0900_hmiigr_1024.jpg,4.256881072620842,119.13255310058594,80.35612674479935,-0.7943766182510927,1.6580789086655578,0.9998451558663126,0.10806529984620283,1.3356610878568973,5690.320019114358,0.9881251983224794,23.55669069290161,1.348642632277084,77.67144478129767,0.3051073129761524
2025-03-03 10:30:00,https://soho.nascom.nasa.gov/data/REPROCESSING/Completed/2025/hmiigr/20250303/20250303_1030_hmiigr_1024.jpg,4.273747153129613,119.14307975769043,80.35899773790582,-0.7942276010639219,1.6583765401812394,0.9998451669286623,0.10767702386510791,1.338978024531594,5690.471289889828,0.9880964971553954,23.581980228424072,1.3506216691405895,77.26467597307294,0.3043378120942978
2025-03-03 12:00:00,https://soho.nascom.nasa.gov/data/REPROCESSING/Completed/2025/hmiigr/20250303/20250303_1200_hmiigr_1024.jpg,4.290523853215712,119.15941905975342,80.35431937855908,-0.7943638952167296,1.6591835754128952,0.9998451489016622,0.1071129585889139,1.3364420577769847,5689.1167166105615,0.9880692149807013,23.614802360534668,1.349895486143282,77.56036224750483,0.3036536006354903
2025-03-03 13:30:00,https://soho.nascom.nasa.gov/data/REPROCESSING/Completed/2025/hmiigr/20250303/20250303_1330_hmiigr_1024.jpg,4.289447625266305,119.18168067932129,80.34777377272614,-0.7949471801467171,1.6600784097709624,0.9998451236743658,0.10704771814016567,1.3400547516789725,5687.423208334806,0.9880739565517178,23.605921745300293,1.350173631227079,77.03371178791409,0.30379458447874663
2025-03-03 15:00:00,https://soho.nascom.nasa.gov/data/REPROCESSING/Completed/2025/hmiigr/20250303/20250303_1500_hmiigr_1024.jpg,4.2800034066976345,119.20369529724121,80.3395986517725,-0.7957048035086439,1.660981155522306,0.9998450921581276,0.10727435349690495,1.3384134994834254,5685.4931330746385,0.988084705875667,23.596792697906494,1.3500500930811512,77.51226956695258,0.3043213320192293
2025-03-03 16:30:00,https://soho.nascom.nasa.gov/data/REPROCESSING/Completed/2025/hmiigr/20250303/20250303_1630_hmiigr_1024.jpg,4.265242200676762,119.22122859954834,80.32998980655427,-0.7965114111506899,1.661770390006671,0.9998450551023814,0.10770483708074607,1.334795641417723,5683.458191981393,0.9880840654791704,23.579473972320557,1.3504250973989635,77.18539792011616,0.3044831555184426
2025-03-03 18:00:00,https://soho.nascom.nasa.gov/data/REPROCESSING/Completed/2025/hmiigr/20250303/20250303_1800_hmiigr_1024.jpg,4.255631123538235,119.23137760162354,80.32545800587765,-0.7969403768258835,1.6622086018573532,0.999845037621239,0.10802088553828071,1.3373727577138481,5682.442367166149,0.9881081620977811,23.563603401184082,1.349404036153918,77.38348718894771,0.30503386880308286
2025-03-03 19:30:00,https://soho.nascom.nasa.gov/data/REPROCESSING/Completed/2025/hmiigr/20250303/20250303_1930_hmiigr_1024.jpg,4.253301437008363,119.22748756408691,80.32637909520363,-0.7968849058800008,1.661983737818923,0.999845041174524,0.10809272831102135,1.337280308395711,5682.764889915796,0.9881164586515951,23.568196296691895,1.3498121407051467,76.95935586873159,0.30508238369034363
2025-03-03 21:00:00,https://soho.nascom.nasa.gov/data/REPROCESSING/Completed/2025/hmiigr/20250303/20250303_2100_hmiigr_1024.jpg,4.256484779571292,119.21778106689453,80.33462896109506,-0.7964516450583446,1.661393217893788,0.9998450729945711,0.108026486759627,1.3357194932689607,5684.437240884849,0.9880743505731983,23.553147315979004,1.349911058985813,76.99595995589503,0.3052114303131615
2025-03-03 22:30:00,https://soho.nascom.nasa.gov/data/REPROCESSING/Completed/2025/hmiigr/20250303/20250303_2230_hmiigr_1024.jpg,4.2609966182954615,119.19989013671875,80.34577242600699,-0.7957237023823488,1.6605277111581622,0.9998451159597825,0.10798852727748454,1.33417509595537,5686.755138886481,0.9880683662303238,23.552911281585693,1.3506015429197593,76.88123623676844,0.3051555468546335
2025-03-04 00:00:00,https://soho.nascom.nasa.gov/data/REPROCESSING/Completed/2025/hmiigr/20250304/20250304_0000_hmiigr_1024.jpg,4.268005070977058,119.17335319519043,80.35598226670898,-0.7948398356565407,1.659322794788049,0.9998451553095864,0.10788079673875473,1.3352153028837594,5689.232845491662,0.9881013121770181,23.579577445983887,1.3493592181229457,78.16826916514567,0.30471226604285495
2025-03-04 01:30:00,https://soho.nascom.nasa.gov/data/REPROCESSING/Completed/2025/hmiigr/20250304/20250304_0130_hmiigr_1024.jpg,4.2705307106401875,119.14415740966797,80.3681916645392,-0.7939645996702356,1.6579338801268544,0.99984520234621,0.10773690494715993,1.3392961159630608,5692.153346352873,0.9880768283221802,23.575372219085693,1.3495232938056512,77.30182694779069,0.30472839049087735
2025-03-04 03:00:00,https://soho.nascom.nasa.gov/data/REPROCESSING/Completed/2025/hmiigr/20250304/20250304_0300_hmiigr_1024.jpg,4.26732090182437,119.1243085861206,80.37999681183707,-0.7933121781844719,1.656844100035158,0.9998452478050855,0.10784718129252724,1.3388964992853014,5694.761730444354,0.9881055249872516,23.57598304748535,1.3499601404685537,77.72060151452177,0.30457327145177265
2025-03-04 04:30:00,https://soho.nascom.nasa.gov/data/REPROCESSING/Completed/2025/hmiigr/20250304/20250304_0430_hmiigr_1024.jpg,4.261592288710456,119.10476207733154,80.38690489399696,-0.792840841099812,1.6559134771966624,0.9998452743972163,0.10800818956340663,1.3407438949552009,5696.540702566694,0.9880987149782607,23.54921245574951,1.3497357093752707,77.56437942050098,0.3053972517722818
2025-03-04 06:00:00,https://soho.nascom.nasa.gov/data/REPROCESSING/Completed/2025/hmiigr/20250304/20250304_0600_hmiigr_1024.jpg,4.260520982115486,119.09470176696777,80.39540656147027,-0.7924384913543383,1.6552784869690995,0.9998453071143242,0.10816802071167331,1.3401154426026856,5698.292048339831,0.9880715679974746,23.54839849472046,1.3492302822260618,78.03162550424526,0.30529174668350556
2025-03-04 07:30:00,https://soho.nascom.nasa.gov/data/REPROCESSING/Completed/2025/hmiigr/20250304/20250304_0730_hmiigr_1024.jpg,4.257919333816268,119.0844497680664,80.39720864909212,-0.7922785098788154,1.6548298605241756,0.999845314047995,0.10818176889551978,1.3391694532828415,5698.933690701465,0.9881101937099728,23.55143690109253,1.3496685747697243,77.32554163864471,0.305349922579981
2025-03-04 09:00:00,https://soho.nascom.nasa.gov/data/REPROCESSING/Completed/2025/hmiigr/20250304/20250304_0900_hmiigr_1024.jpg,4.266545853855491,119.09158897399902,80.39513594671173,-0.7923216262289748,1.655232920610979,0.9998453060730729,0.1078985133281094,1.3407396446146975,5698.292902889961,0.9880758403477304,23.57671880722046,1.349595382816125,78.01147032997507,0.3046822707413613
2025-03-04 10:30:00,https://soho.nascom.nasa.gov/data/REPROCESSING/Completed/2025/hmiigr/20250304/20250304_1030_hmiigr_1024.jpg,4.2828080421865575,119.09576225280762,80.3943031122323,-0.7921518318458259,1.6555088905522828,0.9998453028684883,0.10749106623188709,1.3361760067243242,5697.937359889568,0.9880905497577875,23.58986759185791,1.3485458624832305,77.59043726895403,0.304023533409619
2025-03-04 12:00:00,https://soho.nascom.nasa.gov/data/REPROCESSING/Completed/2025/hmiigr/20250304/20250304_1200_hmiigr_1024.jpg,4.295309989436398,119.1128797531128,80.39198545093326,-0.7923300474339651,1.6561947388288891,0.9998452939500556,0.10706334936367057,1.3399059344927424,5697.018884559099,0.9880692003044478,23.601667881011963,1.3501127656972225,77.72679367946054,0.30351688459685805
2025-03-04 13:30:00,https://soho.nascom.nasa.gov/data/REPROCESSING/Completed/2025/hmiigr/20250304/20250304_1330_hmiigr_1024.jpg,4.297628763582726,119.13364601135254,80.3836154213023,-0.7928669459205557,1.6572283231163756,0.9998452617354991,0.10706857609693543,1.3400775354859078,5694.944347953768,0.9881149474644513,23.60557460784912,1.3500035041450678,77.3743822695958,0.30391169369374765
2025-03-04 15:00:00,https://soho.nascom.nasa.gov/data/REPROCESSING/Completed/2025/hmiigr/20250304/20250304_1500_hmiigr_1024.jpg,4.287123314138507,119.15381145477295,80.37291804906668,-0.7936894271069723,1.6581797846162056,0.9998452205488211,0.10726798648829572,1.335561055293994,5692.611797287077,0.9881114841415757,23.597002506256104,1.3501911355139158,77.7439359305944,0.30380675577992744
2025-03-04 16:30:00,https://soho.nascom.nasa.gov/data/REPROCESSING/Completed/2025/hmiigr/20250304/20250304_1630_hmiigr_1024.jpg,4.275220296000811,119.17057704925537,80.36603164517902,-0.7943397421007465,1.6589059725574207,0.9998451940263103,0.10773428077482095,1.3386597389882064,5691.013363398836,0.9881082670731828,23.590989112854004,1.3498253874143444,77.56009318319889,0.3041181054331225
2025-03-04 18:00:00,https://soho.nascom.nasa.gov/data/REPROCESSING/Completed/2025/hmiigr/20250304/20250304_1800_hmiigr_1024.jpg,4.269422591557688,119.1785945892334,80.36518832363004,-0.7945692109716129,1.6591890423841964,0.999845190777847,0.10793436608582851,1.3373475556165368,5690.651184046174,0.9880569826671244,23.570398807525635,1.349911233705635,77.72036221615132,0.3045242461372282
2025-03-04 19:30:00,https://soho.nascom.nasa.gov/data/REPROCESSING/Completed/2025/hmiigr/20250304/20250304_1930_hmiigr_1024.jpg,4.270432554732249,119.174072265625,80.36453540208878,-0.7944687910953311,1.6590893058620728,0.9998451882627315,0.1078264116695209,1.3373696363878858,5690.6442381723145,0.9880857461357673,23.56827402114868,1.3497624887998645,77.31892869305806,0.30466939068357446
2025-03-04 21:00:00,https://soho.nascom.nasa.gov/data/REPROCESSING/Completed/2025/hmiigr/20250304/20250304_2100_hmiigr_1024.jpg,4.277682078036294,119.1675033569336,80.37202530993952,-0.7940033178765047,1.6586387876279263,0.9998452171108823,0.1076317522329191,1.3391354929168469,5692.091469030489,0.9881199108025397,23.569358348846436,1.3493889576976081,77.47685082501614,0.30486227210860306
2025-03-04 22:30:00,https://soho.nascom.nasa.gov/data/REPROCESSING/Completed/2025/hmiigr/20250304/20250304_2230_hmiigr_1024.jpg,4.281471945140113,119.14988136291504,80.38130514675416,-0.7933127623225398,1.6578616660834757,0.9998452528419464,0.10762509905362094,1.3393320800071904,5694.0730522095555,0.9881455225951524,23.569700241088867,1.3504114089134513,77.2569903296346,0.3044106324368925
2025-03-05 00:00:00,https://soho.nascom.nasa.gov/data/REPROCESSING/Completed/2025/hmiigr/20250305/20250305_0000_hmiigr_1024.jpg,4.285742287749764,119.11841583251953,80.39209282304707,-0.7923653593414343,1.656594969323137,0.9998452943632439,0.10766093817619549,1.3388395271147124,5696.6899729393335,0.9881206728005519,23.573806285858154,1.3495805499017524,78.21390219974029,0.30436646863837175
2025-03-05 01:30:00,https://soho.nascom.nasa.gov/data/REPROCESSING/Completed/2025/hmiigr/20250305/20250305_0130_hmiigr_1024.jpg,4.283023578699552,119.09134769439697,80.40053847486732,-0.7917129719731731,1.6554073274837393,0.9998453268585296,0.10772199162238394,1.3337191139692575,5698.908662398142,0.9881225923173288,23.571818828582764,1.3499048754711476,77.4582302726959,0.3045305084043431
2025-03-05 03:00:00,https://soho.nascom.nasa.gov/data/REPROCESSING/Completed/2025/hmiigr/20250305/20250305_0300_hmiigr_1024.jpg,4.283307641152126,119.06677436828613,80.4119582366381,-0.7909292485527696,1.6542919026150222,0.9998453707806509,0.10775755713984836,1.3437155098254876,5701.488344769657,0.9881502442992239,23.583208084106445,1.349251281562542,77.89835629698219,0.3045184484032887
2025-03-05 04:30:00,https://soho.nascom.nasa.gov/data/REPROCESSING/Completed/2025/hmiigr/20250305/20250305_0430_hmiigr_1024.jpg,4.278243921093412,119.04730319976807,80.41702830865869,-0.7905149869080669,1.6534839675754742,0.9998453902749141,0.10795401520226733,1.342867619992287,5702.903772925999,0.988130488696617,23.558130264282227,1.34913508916783,77.4581533333057,0.3046098935012385
2025-03-05 06:00:00,https://soho.nascom.nasa.gov/data/REPROCESSING/Completed/2025/hmiigr/20250305/20250305_0600_hmiigr_1024.jpg,4.273437632439255,119.03091430664062,80.4201237443974,-0.7902364392614045,1.6528358666358478,0.9998454021749523,0.10801859365165001,1.3440814944961934,5703.9018257395,0.988168701101367,23.555214881896973,1.3478773897568632,77.98221037292244,0.3046055942120003
2025-03-05 07:30:00,https://soho.nascom.nasa.gov/data/REPROCESSING/Completed/2025/hmiigr/20250305/20250305_0730_hmiigr_1024.jpg,4.275771683601877,119.02099418640137,80.42160123565533,-0.7899991331234885,1.6524590690692311,0.9998454078545091,0.10792864879294939,1.3411220120183327,5704.436552033876,0.9880561959213034,23.55936574935913,1.348660417826836,77.46009446436356,0.30477742610192055
2025-03-05 09:00:00,https://soho.nascom.nasa.gov/data/REPROCESSING/Completed/2025/hmiigr/20250305/20250305_0900_hmiigr_1024.jpg,4.278323640629277,119.02837562561035,80.41836704268592,-0.7901754018919285,1.6528938416740038,0.999845395421688,0.10786789521262108,1.34153234780458,5703.602621378007,0.9881234920897577,23.58235788345337,1.3481617186661183,78.19807438563741,0.30433086690875577
2025-03-05 10:30:00,https://soho.nascom.nasa.gov/data/REPROCESSING/Completed/2025/hmiigr/20250305/20250305_1030_hmiigr_1024.jpg,4.296117633814365,119.03305625915527,80.416030770481,-0.7900801794203082,1.6532145773116256,0.9998453864397034,0.10728317473331117,1.3405826554062792,5702.994590910829,0.9881043292577005,23.601837635040283,1.3494911403634096,77.80547768116938,0.3035416746784745
2025-03-05 12:00:00,https://soho.nascom.nasa.gov/data/REPROCESSING/Completed/2025/hmiigr/20250305/20250305_1200_hmiigr_1024.jpg,4.307106293970044,119.05039119720459,80.41096793122873,-0.7903592537421484,1.6540323103848933,0.9998453669725282,0.10695568258051935,1.342096402201453,5701.571599877146,0.9880688255124267,23.616136074066162,1.3495670642612092,77.9033732880534,0.3033980594087836
2025-03-05 13:30:00,https://soho.nascom.nasa.gov/data/REPROCESSING/Completed/2025/hmiigr/20250305/20250305_1330_hmiigr_1024.jpg,4.312069399584774,119.069748878479,80.40349417737418,-0.7908207511947849,1.6549514852188512,0.9998453382284007,0.10671875102889317,1.3425726661261383,5699.720096463207,0.9881216982568498,23.622244358062744,1.34929367802935,77.4164052748199,0.30343686312646956
2025-03-05 15:00:00,https://soho.nascom.nasa.gov/data/REPROCESSING/Completed/2025/hmiigr/20250305/20250305_1500_hmiigr_1024.jpg,4.301545012394595,119.0890302658081,80.39516726091523,-0.7915409975857945,1.6558673740599015,0.9998453061935618,0.10709797787967545,1.3403288172346597,5697.751431036195,0.9880933215830044,23.61776113510132,1.3498728122710335,77.91238308267775,0.3036338636722092
2025-03-05 16:30:00,https://soho.nascom.nasa.gov/data/REPROCESSING/Completed/2025/hmiigr/20250305/20250305_1630_hmiigr_1024.jpg,4.288907868039228,119.10175228118896,80.3862535571371,-0.7921839891590036,1.656533387400259,0.9998452718902379,0.10744391942353104,1.3388236157571407,5695.915382227229,0.9880935609864552,23.603418827056885,1.3501785922394922,77.5444133294518,0.3038785279542775
2025-03-05 18:00:00,https://soho.nascom.nasa.gov/data/REPROCESSING/Completed/2025/hmiigr/20250305/20250305_1800_hmiigr_1024.jpg,4.281836780230262,119.11428356170654,80.38486295510897,-0.7925165089533746,1.656937285163823,0.9998452665376433,0.10762490418710513,1.3373916118355458,5695.371185464888,0.9881293839488708,23.588285446166992,1.3499192713017634,77.72875948136938,0.3041043295739833
2025-03-05 19:30:00,https://soho.nascom.nasa.gov/data/REPROCESSING/Completed/2025/hmiigr/20250305/20250305_1930_hmiigr_1024.jpg,4.283640500085947,119.109206199646,80.38643672662192,-0.7923251684201392,1.6567840920227541,0.9998452725952586,0.10769230783444073,1.3399307358711101,5695.725850140786,0.9880887176101434,23.579651832580566,1.349490490198067,77.25730269028818,0.3043193287319798
2025-03-05 21:00:00,https://soho.nascom.nasa.gov/data/REPROCESSING/Completed/2025/hmiigr/20250305/20250305_2100_hmiigr_1024.jpg,4.285746839272085,119.09659957885742,80.39279996480958,-0.7918559973273555,1.6562360963419385,0.9998452970844182,0.10772791633098677,1.3399814072295413,5697.098761213023,0.988142093874271,23.58564281463623,1.3492328793997859,77.3670498976976,0.30416215053010814
2025-03-05 22:30:00,https://soho.nascom.nasa.gov/data/REPROCESSING/Completed/2025/hmiigr/20250305/20250305_2230_hmiigr_1024.jpg,4.293549057276656,119.07967948913574,80.400080164463,-0.7911540140504747,1.6555947381183396,0.9998453250954082,0.10753005258993653,1.342133535286743,5698.682409341195,0.988090372956466,23.595796585083008,1.3493261279065518,77.19925989458856,0.3042568488613051
2025-03-06 00:00:00,https://soho.nascom.nasa.gov/data/REPROCESSING/Completed/2025/hmiigr/20250306/20250306_0000_hmiigr_1024.jpg,4.293618898979527,119.05483627319336,80.40747811210485,-0.7905337243238219,1.6545434159478392,0.9998453535516484,0.10754132290094276,1.3440732589813051,5700.636385202564,0.9881223197483342,23.596073627471924,1.3486184595947321,78.47550331203703,0.3041698520018433
2025-03-06 01:30:00,https://soho.nascom.nasa.gov/data/REPROCESSING/Completed/2025/hmiigr/20250306/20250306_0130_hmiigr_1024.jpg,4.295193604757585,119.02499866485596,80.41836220424007,-0.7896779340936373,1.6532036670207946,0.9998453954030871,0.10752455832880514,1.3450677469438357,5703.334689599933,0.9881107228332079,23.586781978607178,1.349015180695692,77.66486244744367,0.30417578323793154
2025-03-06 03:00:00,https://soho.nascom.nasa.gov/data/REPROCESSING/Completed/2025/hmiigr/20250306/20250306_0300_hmiigr_1024.jpg,4.288768395346574,118.99843883514404,80.42854577249884,-0.7890262781767141,1.6520269090136241,0.9998454345454946,0.10780525835798471,1.339154729092438,5705.794858621933,0.9881671821891844,23.575830459594727,1.348179319185032,78.0104294524733,0.3044336649515913
2025-03-06 04:30:00,https://soho.nascom.nasa.gov/data/REPROCESSING/Completed/2025/hmiigr/20250306/20250306_0430_hmiigr_1024.jpg,4.2889655201657355,118.97749042510986,80.43400698760468,-0.7885124563479051,1.651108108695113,0.999845455530551,0.10770799598140002,1.346991755480108,5707.363473628908,0.9881563403192015,23.566781997680664,1.3495859355971653,77.64060930217018,0.3043070054565654
2025-03-06 06:00:00,https://soho.nascom.nasa.gov/data/REPROCESSING/Completed/2025/hmiigr/20250306/20250306_0600_hmiigr_1024.jpg,4.28102083671964,118.96491527557373,80.43848565167201,-0.7883215284030903,1.6505131860540228,0.9998454727369053,0.10804663274211634,1.3424575390840188,5708.513365682354,0.9881187357745295,23.556732654571533,1.3489996276742684,78.07851766594281,0.30466604153073573
2025-03-06 07:30:00,https://soho.nascom.nasa.gov/data/REPROCESSING/Completed/2025/hmiigr/20250306/20250306_0730_hmiigr_1024.jpg,4.278113527159231,118.95863342285156,80.43856954083365,-0.7883026776961202,1.6502472187009756,0.9998454730591675,0.10808238783283741,1.341760918819316,5708.755266754395,0.9881990604559441,23.554033279418945,1.3480335142475919,77.35973973133932,0.30432773246196976
2025-03-06 09:00:00,https://soho.nascom.nasa.gov/data/REPROCESSING/Completed/2025/hmiigr/20250306/20250306_0900_hmiigr_1024.jpg,4.28287035948725,118.96383953094482,80.43563985209705,-0.7884196830448401,1.6505800474137289,0.9998454618041038,0.10794616946986935,1.3411357070802081,5708.0516479975995,0.9880515168945847,23.567628860473633,1.3481783106214231,78.06749535403542,0.3041543506363776
2025-03-06 10:30:00,https://soho.nascom.nasa.gov/data/REPROCESSING/Completed/2025/hmiigr/20250306/20250306_1030_hmiigr_1024.jpg,4.296685272539746,118.96725463867188,80.4318787339674,-0.7884087076515088,1.6508822318242098,0.9998454473531132,0.10750885610286787,1.3416996883144277,5707.256650989764,0.988080383734701,23.58350944519043,1.3482346726644359,77.58254022759711,0.30362817279297066
2025-03-06 12:00:00,https://soho.nascom.nasa.gov/data/REPROCESSING/Completed/2025/hmiigr/20250306/20250306_1200_hmiigr_1024.jpg,4.307128261626403,118.97947788238525,80.4257703371573,-0.78866805561824,1.6515310099734337,0.9998454238790747,0.10718992199326749,1.3421163181343672,5705.829309917992,0.9880886089373168,23.59705877304077,1.3474775456944081,77.81934198639208,0.3033290019616294
2025-03-06 13:30:00,https://soho.nascom.nasa.gov/data/REPROCESSING/Completed/2025/hmiigr/20250306/20250306_1330_hmiigr_1024.jpg,4.307435654363558,119.00146961212158,80.41553199548525,-0.7893390203186563,1.652579503482183,0.9998453845220218,0.10700009995889559,1.3390791892792029,5703.471664960617,0.9880695836297283,23.59659481048584,1.348937815780211,77.20023421383222,0.3038474940735564
2025-03-06 15:00:00,https://soho.nascom.nasa.gov/data/REPROCESSING/Completed/2025/hmiigr/20250306/20250306_1500_hmiigr_1024.jpg,4.300733929415333,119.01958274841309,80.40956230405853,-0.7899557865222876,1.6533172367079292,0.9998453615670848,0.10719914264700492,1.3449981764629564,5701.988641475538,0.9881113499732107,23.60483455657959,1.3481774246079075,77.7235107399837,0.3036113260879706
2025-03-06 16:30:00,https://soho.nascom.nasa.gov/data/REPROCESSING/Completed/2025/hmiigr/20250306/20250306_1630_hmiigr_1024.jpg,4.286558117824759,119.03588581085205,80.39701838689636,-0.7908278527305761,1.654208785716858,0.9998453133159686,0.10756616815160669,1.3410990661928004,5699.441557528157,0.9881230850344294,23.594874382019043,1.3491735967048426,77.46542907786157,0.30376788773918534
2025-03-06 18:00:00,https://soho.nascom.nasa.gov/data/REPROCESSING/Completed/2025/hmiigr/20250306/20250306_1800_hmiigr_1024.jpg,4.279106947607319,119.04576015472412,80.39265901261084,-0.7912315204102395,1.654652214624637,0.9998452965420214,0.10782614969321003,1.3432780308116186,5698.441647538374,0.9881081717138475,23.575597763061523,1.3484936955659377,77.71117403632609,0.30471978964329416
2025-03-06 19:30:00,https://soho.nascom.nasa.gov/data/REPROCESSING/Completed/2025/hmiigr/20250306/20250306_1930_hmiigr_1024.jpg,4.278382370128952,119.04359912872314,80.39340642169638,-0.7911976295424308,1.6545643242684722,0.9998452994180866,0.10788804118965345,1.335718008087225,5698.623279765198,0.988165504855381,23.56663703918457,1.348589066287258,77.22401479178879,0.3050260721449238
2025-03-06 21:00:00,https://soho.nascom.nasa.gov/data/REPROCESSING/Completed/2025/hmiigr/20250306/20250306_2100_hmiigr_1024.jpg,4.282735868635153,119.02822208404541,80.39969983913052,-0.790686474534287,1.6538481238515457,0.9998453236322729,0.10773937153862789,1.3432417681942892,5700.132467462225,0.9881633733456573,23.584505558013916,1.34892804278684,77.39261805944939,0.3039614549202348
2025-03-06 22:30:00,https://soho.nascom.nasa.gov/data/REPROCESSING/Completed/2025/hmiigr/20250306/20250306_2230_hmiigr_1024.jpg,4.285918321009592,119.01247787475586,80.40647050633527,-0.7901527908295752,1.6532182244692337,0.9998453496763501,0.10777538238289708,1.3427546307146483,5701.635525284566,0.9881190749255359,23.57447624206543,1.34864116501748,77.09706993125003,0.30425600368361816
2025-03-07 00:00:00,https://soho.nascom.nasa.gov/data/REPROCESSING/Completed/2025/hmiigr/20250307/20250307_0000_hmiigr_1024.jpg,4.285049789333993,118.98159408569336,80.41673362142292,-0.789362833239675,1.651834305571504,0.9998453891419522,0.10780253135453677,1.344388788246013,5704.285284187894,0.9881038090419556,23.555086135864258,1.3484170277821035,77.76502966348433,0.30459752027576065
2025-03-07 01:30:00,https://soho.nascom.nasa.gov/data/REPROCESSING/Completed/2025/hmiigr/20250307/20250307_0130_hmiigr_1024.jpg,4.286902186029264,118.95416069030762,80.42806610466764,-0.7885384585676664,1.6505129519659925,0.9998454327021371,0.10773359052109299,1.3456145749044663,5707.0347666761145,0.9881687509990544,23.55397653579712,1.3496014192719832,77.16179117541641,0.30456738067738304
2025-03-07 03:00:00,https://soho.nascom.nasa.gov/data/REPROCESSING/Completed/2025/hmiigr/20250307/20250307_0300_hmiigr_1024.jpg,4.282637533111409,118.92795085906982,80.44028364200422,-0.787798373018033,1.6492478321198452,0.9998454796437056,0.10793551525603107,1.3380512477984734,5709.863237117614,0.9881135217452927,23.53980541229248,1.3480390161335083,77.64088330001253,0.30463963965302093
2025-03-07 04:30:00,https://soho.nascom.nasa.gov/data/REPROCESSING/Completed/2025/hmiigr/20250307/20250307_0430_hmiigr_1024.jpg,4.27553884208105,118.90840911865234,80.44558105905088,-0.7874399874092101,1.6483819348238609,0.9998454999905126,0.1081297698419803,1.3450176162797358,5711.365111947137,0.9881315318800562,23.531678199768066,1.3487916890973295,77.27884001357829,0.3049326021381546
2025-03-07 06:00:00,https://soho.nascom.nasa.gov/data/REPROCESSING/Completed/2025/hmiigr/20250307/20250307_0600_hmiigr_1024.jpg,4.272000842762799,118.89449119567871,80.45151779480253,-0.7870868885627272,1.6476679717324958,0.9998455227880987,0.10820820965454914,1.3433846005592684,5712.8268186804835,0.9881521279816121,23.51636266708374,1.3480808488326783,77.7616200394824,0.30493852621035944
2025-03-07 07:30:00,https://soho.nascom.nasa.gov/data/REPROCESSING/Completed/2025/hmiigr/20250307/20250307_0730_hmiigr_1024.jpg,4.270611543537882,118.88640117645264,80.45214371044172,-0.7869722738159084,1.6473799561628693,0.9998455251913757,0.10819451073621167,1.3440552488116018,5713.165395489993,0.9881543520654861,23.522934436798096,1.3477572816059202,77.01016524232844,0.3049913784139184
2025-03-07 09:00:00,https://soho.nascom.nasa.gov/data/REPROCESSING/Completed/2025/hmiigr/20250307/20250307_0900_hmiigr_1024.jpg,4.280024473791961,118.88991355895996,80.4496091504899,-0.7869581979229944,1.647621756970376,0.9998455154592875,0.10781521744684142,1.3437984183003973,5712.595815897806,0.9881184648243762,23.536388874053955,1.3477018365303304,77.6285827491292,0.304583169857432
2025-03-07 10:30:00,https://soho.nascom.nasa.gov/data/REPROCESSING/Completed/2025/hmiigr/20250307/20250307_1030_hmiigr_1024.jpg,4.289607210872139,118.89716625213623,80.44826469647948,-0.7870088446211005,1.6479974168480431,0.9998455102965407,0.1077080921477318,1.3402137766368107,5712.079319989097,0.9881450607243935,23.556387424468994,1.348830967526514,77.20425329710662,0.30413463293479986
2025-03-07 12:00:00,https://soho.nascom.nasa.gov/data/REPROCESSING/Completed/2025/hmiigr/20250307/20250307_1200_hmiigr_1024.jpg,4.303948359588588,118.91229629516602,80.44296059034181,-0.7872037974285768,1.6487586252296422,0.9998454899260775,0.10720345674781129,1.3415292230081897,5710.66680479947,0.9881446406857397,23.564561367034912,1.3489509656296619,77.31517172177224,0.30366718823785455
2025-03-07 13:30:00,https://soho.nascom.nasa.gov/data/REPROCESSING/Completed/2025/hmiigr/20250307/20250307_1330_hmiigr_1024.jpg,4.300082665223693,118.93393039703369,80.43612887741999,-0.7878376175973844,1.649695391585674,0.9998454636828911,0.10735089473018888,1.3427845328299162,5708.886151712319,0.9880947637282328,23.561841011047363,1.3492610933931979,76.79466666627698,0.3036371972150733
2025-03-07 15:00:00,https://soho.nascom.nasa.gov/data/REPROCESSING/Completed/2025/hmiigr/20250307/20250307_1500_hmiigr_1024.jpg,4.291994659773842,118.95425605773926,80.42530567801269,-0.7886046568007261,1.6506222785107287,0.9998454220932111,0.10741935096484667,1.3444878112323662,5706.548528184323,0.9881104760493574,23.561609745025635,1.348378869920015,77.16808674892586,0.30389023839844415
2025-03-07 16:30:00,https://soho.nascom.nasa.gov/data/REPROCESSING/Completed/2025/hmiigr/20250307/20250307_1630_hmiigr_1024.jpg,4.280704233419393,118.96640968322754,80.41650649529929,-0.7892705142792844,1.6512669746300745,0.9998453882687288,0.10770300108924857,1.3452231340423422,5704.742956165714,0.988140312317458,23.559965133666992,1.3492897687089207,77.03997853786178,0.30417808017784165
2025-03-07 18:00:00,https://soho.nascom.nasa.gov/data/REPROCESSING/Completed/2025/hmiigr/20250307/20250307_1800_hmiigr_1024.jpg,4.269089186365381,118.97344779968262,80.41203214807048,-0.7896851246931702,1.6516440066614786,0.9998453710648645,0.10810722509268089,1.3444411396706797,5703.782597109229,0.9881130939894478,23.540132522583008,1.3486653169440503,77.13802202276773,0.30447933104868596
2025-03-07 19:30:00,https://soho.nascom.nasa.gov/data/REPROCESSING/Completed/2025/hmiigr/20250307/20250307_1930_hmiigr_1024.jpg,4.26984084560783,118.97296524047852,80.41092104411132,-0.7897054824511002,1.651652640421471,0.9998453667922249,0.10806622528434673,1.3417468986912506,5703.6175189274645,0.9881518110941274,23.54155445098877,1.348850855361815,76.7940441377814,0.3044325480715808
2025-03-07 21:00:00,https://soho.nascom.nasa.gov/data/REPROCESSING/Completed/2025/hmiigr/20250307/20250307_2100_hmiigr_1024.jpg,4.272401643330495,118.96282196044922,80.418253273778,-0.7892797827084038,1.6510817937897502,0.9998453949843126,0.10804433519115264,1.3468375984491014,5705.150748946097,0.9881215925382493,23.54069757461548,1.349686159402983,76.97354588437499,0.30490806694205985
2025-03-07 22:30:00,https://soho.nascom.nasa.gov/data/REPROCESSING/Completed/2025/hmiigr/20250307/20250307_2230_hmiigr_1024.jpg,4.275392536707957,118.94772815704346,80.42715558271,-0.7886897037126439,1.6503906405993947,0.999845429202922,0.10811087832735211,1.3391057804983655,5707.011281865598,0.9881079296353066,23.539082050323486,1.347282484138351,76.74008509930587,0.304485652406108
2025-03-08 00:00:00,https://soho.nascom.nasa.gov/data/REPROCESSING/Completed/2025/hmiigr/20250308/20250308_0000_hmiigr_1024.jpg,4.278795744079318,118.92554473876953,80.43832962052224,-0.7879044609084358,1.649354440792833,0.9998454721375054,0.10802661826710391,1.3451358284727495,5709.493573003524,0.9881139607036775,23.547637939453125,1.3482355408803912,78.27369636120963,0.30445414835580786
2025-03-08 01:30:00,https://soho.nascom.nasa.gov/data/REPROCESSING/Completed/2025/hmiigr/20250308/20250308_0130_hmiigr_1024.jpg,4.279133004601539,118.89334869384766,80.44793906699277,-0.7870990856295863,1.6479573928733826,0.999845509046074,0.10801529321361159,1.3421639347040106,5712.067760401244,0.9881171841639419,23.524779796600342,1.3483133395983156,77.22762582992333,0.30471511428091574
2025-03-08 03:00:00,https://soho.nascom.nasa.gov/data/REPROCESSING/Completed/2025/hmiigr/20250308/20250308_0300_hmiigr_1024.jpg,4.273374934552387,118.86801624298096,80.45866188653346,-0.7864327714168522,1.6467195516043243,0.9998455502153492,0.10819633037317544,1.3430245086341668,5714.6639985185975,0.9881265066026792,23.523282051086426,1.3484065531690062,77.66610414769096,0.3047217325267832
2025-03-08 04:30:00,https://soho.nascom.nasa.gov/data/REPROCESSING/Completed/2025/hmiigr/20250308/20250308_0430_hmiigr_1024.jpg,4.271302891039358,118.84892654418945,80.46451211766906,-0.7859892011760284,1.6458845046914936,0.9998455726698334,0.10825140620727325,1.343301879727797,5716.21987444632,0.988146316086155,23.516322135925293,1.3478477588386821,77.41330581991573,0.30450917592866567
2025-03-08 06:00:00,https://soho.nascom.nasa.gov/data/REPROCESSING/Completed/2025/hmiigr/20250308/20250308_0600_hmiigr_1024.jpg,4.260420587318436,118.83206176757812,80.46558102042943,-0.7858868635654457,1.6452716964814593,0.9998455767719902,0.10855729523245827,1.3434873122330742,5716.903960298066,0.9881900871064838,23.498059272766113,1.347593729563904,77.77204493844145,0.3048992824441656
2025-03-08 07:30:00,https://soho.nascom.nasa.gov/data/REPROCESSING/Completed/2025/hmiigr/20250308/20250308_0730_hmiigr_1024.jpg,4.261514799253893,118.82719230651855,80.46842957605256,-0.7857245057021826,1.6449821720450561,0.9998455877031702,0.10855500732759538,1.341802330518908,5717.560286349182,0.9881745493934628,23.493209838867188,1.3465381465031558,77.059183740612,0.3051413083516295
2025-03-08 09:00:00,https://soho.nascom.nasa.gov/data/REPROCESSING/Completed/2025/hmiigr/20250308/20250308_0900_hmiigr_1024.jpg,4.269379002164168,118.82972717285156,80.46677380438229,-0.7857068325858695,1.6451809746577888,0.9998455813493762,0.10835381625292939,1.3384481716972971,5717.152264862361,0.9881716635489249,23.52406883239746,1.3474159354771988,77.8533787517829,0.30434910547702987
2025-03-08 10:30:00,https://soho.nascom.nasa.gov/data/REPROCESSING/Completed/2025/hmiigr/20250308/20250308_1030_hmiigr_1024.jpg,4.28052269329953,118.83570098876953,80.46416215023615,-0.7857523681176163,1.6455382053312955,0.9998455713267185,0.10799849839168019,1.3421644477529313,5716.470865662414,0.9881108095669603,23.534552097320557,1.3469422364320633,77.43525301593131,0.30407939948266227
2025-03-08 12:00:00,https://soho.nascom.nasa.gov/data/REPROCESSING/Completed/2025/hmiigr/20250308/20250308_1200_hmiigr_1024.jpg,4.293804720818789,118.85070323944092,80.45838357608287,-0.7859900203687843,1.6462878719109502,0.9998455491470098,0.10750210732112464,1.3365145840583021,5714.999040756367,0.9881517151584946,23.54875135421753,1.3487462009915225,77.67540563639128,0.30371575582780297
2025-03-08 13:30:00,https://soho.nascom.nasa.gov/data/REPROCESSING/Completed/2025/hmiigr/20250308/20250308_1330_hmiigr_1024.jpg,4.290789555487205,118.87048625946045,80.44975932132375,-0.7866294951695332,1.647222970930044,0.9998455160359322,0.10756770360967494,1.3430908610070327,5712.962861700702,0.9881341202052796,23.532970428466797,1.3471244039271257,77.3462254980071,0.30389502752568515
2025-03-08 15:00:00,https://soho.nascom.nasa.gov/data/REPROCESSING/Completed/2025/hmiigr/20250308/20250308_1500_hmiigr_1024.jpg,4.283751554783748,118.88908290863037,80.44241269862697,-0.7872835912266997,1.647972654578154,0.9998454878216653,0.10768755745630187,1.3413642304387041,5711.269783819064,0.9881278700232072,23.5372633934021,1.3481735731816296,77.76344579687749,0.30421762972296656
2025-03-08 16:30:00,https://soho.nascom.nasa.gov/data/REPROCESSING/Completed/2025/hmiigr/20250308/20250308_1630_hmiigr_1024.jpg,4.270815445889117,118.90627574920654,80.43159132413382,-0.7881091226752006,1.64880442842726,0.999845446248742,0.10801401061144134,1.3382581443094723,5709.013055235301,0.9881222079870233,23.523616790771484,1.3469522524477118,77.46643107058611,0.3045174079467536
2025-03-08 18:00:00,https://soho.nascom.nasa.gov/data/REPROCESSING/Completed/2025/hmiigr/20250308/20250308_1800_hmiigr_1024.jpg,4.2595551862420775,118.91300868988037,80.42833316569372,-0.7885154852418044,1.6490410659303605,0.9998454337284534,0.108341048577131,1.3409465084656556,5708.345732789373,0.9881264201072999,23.52750253677368,1.347387956141778,77.73855653010673,0.304782852564166
2025-03-08 19:30:00,https://soho.nascom.nasa.gov/data/REPROCESSING/Completed/2025/hmiigr/20250308/20250308_1930_hmiigr_1024.jpg,4.2653124267093565,118.91280460357666,80.43189335937222,-0.7882882542950019,1.6489366937906995,0.9998454474093109,0.10818708741317096,1.3450488260040283,5708.941444197242,0.9881330796081786,23.51551580429077,1.348824928335887,77.33412568689103,0.3047910279584422
2025-03-08 21:00:00,https://soho.nascom.nasa.gov/data/REPROCESSING/Completed/2025/hmiigr/20250308/20250308_2100_hmiigr_1024.jpg,4.26647045552324,118.90289211273193,80.43721560145241,-0.7879488633244323,1.6484228210261171,0.9998454678578551,0.10816828962742875,1.3414954193074156,5710.141927088325,0.9881513299393512,23.519822597503662,1.3488830202379454,77.4503028138197,0.30516791185359327
2025-03-08 22:30:00,https://soho.nascom.nasa.gov/data/REPROCESSING/Completed/2025/hmiigr/20250308/20250308_2230_hmiigr_1024.jpg,4.26901892999615,118.88573551177979,80.44503815489426,-0.7873694372005479,1.6476618855697316,0.9998454979054612,0.10807978314005595,1.3448152839958343,5711.911897669113,0.9881437301473639,23.523277759552002,1.34884275061653,77.27614025340502,0.3047001166810448
2025-03-09 00:00:00,https://soho.nascom.nasa.gov/data/REPROCESSING/Completed/2025/hmiigr/20250309/20250309_0000_hmiigr_1024.jpg,4.272694038657359,118.86083126068115,80.45661163477006,-0.7865718102637149,1.6464553244720228,0.9998455423448693,0.10807154880058079,1.3449574831125426,5714.602009799068,0.9881420098339202,23.51899003982544,1.3478842020581139,78.11760621334655,0.3048755178832287
2025-03-09 01:30:00,https://soho.nascom.nasa.gov/data/REPROCESSING/Completed/2025/hmiigr/20250309/20250309_0130_hmiigr_1024.jpg,4.266895996186926,118.83446216583252,80.46497098835262,-0.7859717948524155,1.6452700050310944,0.9998455744308737,0.10842876729111595,1.34199254104701,5716.818747050103,0.988102736906248,23.50307846069336,1.3470613379541807,77.24092198092801,0.30489769120362936
2025-03-09 03:00:00,https://soho.nascom.nasa.gov/data/REPROCESSING/Completed/2025/hmiigr/20250309/20250309_0300_hmiigr_1024.jpg,4.264994129888053,118.80744743347168,80.4754124195135,-0.7852379867639908,1.644102970664372,0.9998456144945498,0.1085455639531574,1.3421833250186916,5719.317000571696,0.988209123752872,23.49874782562256,1.3469306067846567,77.60389847776104,0.3048100459769844
2025-03-09 04:30:00,https://soho.nascom.nasa.gov/data/REPROCESSING/Completed/2025/hmiigr/20250309/20250309_0430_hmiigr_1024.jpg,4.26156967759694,118.78848075866699,80.48497751878098,-0.7846748616532782,1.6431177074863124,0.9998456511820676,0.10866353097480896,1.3414431401696274,5721.534027814087,0.9881774645738873,23.494163513183594,1.3469738764375634,77.43044881574542,0.3044865535033143
2025-03-09 06:00:00,https://soho.nascom.nasa.gov/data/REPROCESSING/Completed/2025/hmiigr/20250309/20250309_0600_hmiigr_1024.jpg,4.255804152563591,118.77167320251465,80.48688618517184,-0.7844287591908022,1.642479794914407,0.9998456585013081,0.10875490072612592,1.3444091371773608,5722.360881694523,0.9881339197039307,23.489728927612305,1.346580056893285,77.94789766853151,0.30505133561115155
2025-03-09 07:30:00,https://soho.nascom.nasa.gov/data/REPROCESSING/Completed/2025/hmiigr/20250309/20250309_0730_hmiigr_1024.jpg,4.252250243698177,118.7652759552002,80.48702006397477,-0.7843870874778256,1.6422396650667253,0.999845659014679,0.10886600911908317,1.3413385499868238,5722.5890899131855,0.9881914667671816,23.47745132446289,1.3460529140847424,77.03222461674727,0.3051314278984136
2025-03-09 09:00:00,https://soho.nascom.nasa.gov/data/REPROCESSING/Completed/2025/hmiigr/20250309/20250309_0900_hmiigr_1024.jpg,4.2648752148632845,118.76580238342285,80.4873723921703,-0.7841720155158778,1.6423975072302002,0.9998456603657027,0.10846782186854398,1.3435628899590828,5722.501692635029,0.9881950411490997,23.504660606384277,1.3475293517725855,77.89278008117539,0.30477730057183366
2025-03-09 10:30:00,https://soho.nascom.nasa.gov/data/REPROCESSING/Completed/2025/hmiigr/20250309/20250309_1030_hmiigr_1024.jpg,4.285091336265444,118.77277946472168,80.48755134199178,-0.783964526522877,1.6427549715086076,0.9998456610518897,0.10791012537629285,1.3389064053541382,5722.215807082825,0.9881848282353705,23.522377014160156,1.3471999971965665,77.46953972365934,0.30423574626559413
2025-03-09 12:00:00,https://soho.nascom.nasa.gov/data/REPROCESSING/Completed/2025/hmiigr/20250309/20250309_1200_hmiigr_1024.jpg,4.291668867533983,118.79280948638916,80.48106779954888,-0.7844067623336539,1.6436484222669943,0.9998456361876829,0.10764963707515562,1.3369542271218822,5720.51630622928,0.9881701910060953,23.532997131347656,1.347570615821826,77.4858676373751,0.3039742761065632
2025-03-09 13:30:00,https://soho.nascom.nasa.gov/data/REPROCESSING/Completed/2025/hmiigr/20250309/20250309_1330_hmiigr_1024.jpg,4.296156198791698,118.81189823150635,80.4746186540099,-0.7848408099291431,1.6445084877287244,0.9998456114494264,0.10751446350514016,1.3397075597110073,5718.851571430026,0.9881769083532663,23.540483474731445,1.3473632589626443,77.21229445148771,0.3037156412024773
2025-03-09 15:00:00,https://soho.nascom.nasa.gov/data/REPROCESSING/Completed/2025/hmiigr/20250309/20250309_1500_hmiigr_1024.jpg,4.285149173966423,118.83275413513184,80.46333176879524,-0.7856941790998763,1.6454746013616688,0.9998455681397871,0.10775516654939565,1.3426046366956548,5716.408118547268,0.9880905893488637,23.531525135040283,1.3469784455254286,77.59684424570102,0.3040602784884906
2025-03-09 16:30:00,https://soho.nascom.nasa.gov/data/REPROCESSING/Completed/2025/hmiigr/20250309/20250309_1630_hmiigr_1024.jpg,4.272561718098781,118.84755897521973,80.45482636165836,-0.7864198584894646,1.6460882691866727,0.9998455354910962,0.10795605962994159,1.341691063901909,5714.666935821493,0.9881196731834326,23.52442741394043,1.3470517057389395,77.20937321596789,0.30461099727258373
2025-03-09 18:00:00,https://soho.nascom.nasa.gov/data/REPROCESSING/Completed/2025/hmiigr/20250309/20250309_1800_hmiigr_1024.jpg,4.263102959528842,118.85453033447266,80.45061581400896,-0.7868283530845241,1.6464253923348187,0.9998455193247384,0.10826865478520631,1.3462749619301264,5713.776278610065,0.9881228000183089,23.504632472991943,1.3479725569916674,77.41396757736709,0.3049884518836613
2025-03-09 19:30:00,https://soho.nascom.nasa.gov/data/REPROCESSING/Completed/2025/hmiigr/20250309/20250309_1930_hmiigr_1024.jpg,4.258134855241212,118.85478019714355,80.45231484164181,-0.7868668256810932,1.6462923079932836,0.9998455258484443,0.10839758599286142,1.3424428725635107,5714.1330934955595,0.9881294792317619,23.49634552001953,1.3469205356308336,76.97359331427029,0.3052727819256668
2025-03-09 21:00:00,https://soho.nascom.nasa.gov/data/REPROCESSING/Completed/2025/hmiigr/20250309/20250309_2100_hmiigr_1024.jpg,4.261589332717349,118.83963394165039,80.45774541170601,-0.7864302373675973,1.6456240445175283,0.9998455466972719,0.10837815265949757,1.3409006192886936,5715.484629137598,0.9881390155631452,23.50550079345703,1.3471424131949585,77.2910189544947,0.30506920564830625
2025-03-09 22:30:00,https://soho.nascom.nasa.gov/data/REPROCESSING/Completed/2025/hmiigr/20250309/20250309_2230_hmiigr_1024.jpg,4.2670766923233705,118.82346630096436,80.46762345511577,-0.7857245487294182,1.6448586575995814,0.999845584609842,0.10833604168146849,1.342129090656745,5717.553061034045,0.9881338458366716,23.498746395111084,1.3468506082931753,77.05201993808002,0.3049279290471472
2025-03-10 00:00:00,https://soho.nascom.nasa.gov/data/REPROCESSING/Completed/2025/hmiigr/20250310/20250310_0000_hmiigr_1024.jpg,4.268878100996107,118.79629707336426,80.47850938868821,-0.7849546934742156,1.643547728417895,0.9998456263745945,0.10827832373070123,1.344356796939024,5720.240224206426,0.9881477699367918,23.501561164855957,1.3478957100562736,77.88550388811757,0.304767003867648
2025-03-10 01:30:00,https://soho.nascom.nasa.gov/data/REPROCESSING/Completed/2025/hmiigr/20250310/20250310_0130_hmiigr_1024.jpg,4.268609182308746,118.76899719238281,80.4902384957041,-0.7841575213500048,1.6422514055453903,0.9998456713552893,0.10840191649185726,1.3426050254027675,5723.036528450239,0.9881027020280297,23.485209465026855,1.346260566183884,77.13275961436167,0.3044970523161485
2025-03-10 03:00:00,https://soho.nascom.nasa.gov/data/REPROCESSING/Completed/2025/hmiigr/20250310/20250310_0300_hmiigr_1024.jpg,4.263010451178226,118.74304008483887,80.49644147344735,-0.783595598602389,1.6412496132688918,0.9998456951355345,0.10865847787863459,1.3429416767433324,5724.791900742976,0.9882144266241971,23.49525499343872,1.3459593944256631,77.54668037902523,0.3046097377959744
2025-03-10 04:30:00,https://soho.nascom.nasa.gov/data/REPROCESSING/Completed/2025/hmiigr/20250310/20250310_0430_hmiigr_1024.jpg,4.25885556586851,118.72692966461182,80.50479559152427,-0.783155068105298,1.640399772308771,0.9998457271538833,0.108837117535586,1.3377810766621703,5726.721698066356,0.9882767286440642,23.484264850616455,1.345022261640771,77.27257323695902,0.30511366791197087
2025-03-10 06:00:00,https://soho.nascom.nasa.gov/data/REPROCESSING/Completed/2025/hmiigr/20250310/20250310_0600_hmiigr_1024.jpg,4.256431778339618,118.71302604675293,80.51130584745557,-0.782747265748701,1.6396984937585581,0.9998457520984592,0.10893044325348455,1.3383726017775306,5728.260264404399,0.9882494383581308,23.486310482025146,1.3460739263005492,77.76036710470406,0.30507823907497605
2025-03-10 07:30:00,https://soho.nascom.nasa.gov/data/REPROCESSING/Completed/2025/hmiigr/20250310/20250310_0730_hmiigr_1024.jpg,4.259840984033741,118.7110242843628,80.5126040975278,-0.7826302707136847,1.6395701454369258,0.9998457570720867,0.10869943114994385,1.3422156479162528,5728.557107834557,0.9881913638472866,23.48555040359497,1.3459669386370672,77.05246099140253,0.30498287492221926
2025-03-10 09:00:00,https://soho.nascom.nasa.gov/data/REPROCESSING/Completed/2025/hmiigr/20250310/20250310_0900_hmiigr_1024.jpg,4.26860310891568,118.71313285827637,80.51403407735059,-0.7824397962841595,1.6397361542273476,0.9998457625500955,0.10847780008771224,1.3442353900987947,5728.615596704027,0.9881241749201278,23.49479866027832,1.3457149698508175,77.92252773181607,0.30464132448462333
2025-03-10 10:30:00,https://soho.nascom.nasa.gov/data/REPROCESSING/Completed/2025/hmiigr/20250310/20250310_1030_hmiigr_1024.jpg,4.280232445784573,118.72086811065674,80.51514909261633,-0.7823449431682492,1.6400239160709742,0.9998457668213264,0.10829846676642774,1.3449293687775776,5728.522953584843,0.9881938989088832,23.514634132385254,1.3453778556157359,77.43777625287775,0.3041616605896395
2025-03-10 12:00:00,https://soho.nascom.nasa.gov/data/REPROCESSING/Completed/2025/hmiigr/20250310/20250310_1200_hmiigr_1024.jpg,4.297157057687966,118.7360315322876,80.51437415988269,-0.7823510086584238,1.6406141728476196,0.9998457638528507,0.10777685450921126,1.3388551234387551,5727.897375039837,0.988163686369091,23.52080488204956,1.3464275137410917,77.48798682522046,0.3041027554553414
2025-03-10 13:30:00,https://soho.nascom.nasa.gov/data/REPROCESSING/Completed/2025/hmiigr/20250310/20250310_1330_hmiigr_1024.jpg,4.29971143970648,118.75282001495361,80.50736896575195,-0.782763838993914,1.6414531079725265,0.9998457370146994,0.10762907532080135,1.3405476916233883,5726.1688161997245,0.9881224907844018,23.515254974365234,1.3470732535807977,76.98478449102603,0.30398902251199966
2025-03-10 15:00:00,https://soho.nascom.nasa.gov/data/REPROCESSING/Completed/2025/hmiigr/20250310/20250310_1500_hmiigr_1024.jpg,4.288402590910641,118.77151489257812,80.4982422620424,-0.7835260368341391,1.6423111005152522,0.9998457020381561,0.10800983962690225,1.3435296382265154,5724.122740023987,0.9881489297167151,23.51290225982666,1.3459987349135456,77.32812706653469,0.30423345730905177
2025-03-10 16:30:00,https://soho.nascom.nasa.gov/data/REPROCESSING/Completed/2025/hmiigr/20250310/20250310_1630_hmiigr_1024.jpg,4.270799167582652,118.78604507446289,80.48727083939495,-0.7843990543374276,1.643000307250756,0.9998456599762943,0.10842506964763743,1.3396969906039429,5721.962299467141,0.9881245184141213,23.49157190322876,1.347143826408067,76.94128842018112,0.30456923440890155
2025-03-10 18:00:00,https://soho.nascom.nasa.gov/data/REPROCESSING/Completed/2025/hmiigr/20250310/20250310_1800_hmiigr_1024.jpg,4.266932644675332,118.79489994049072,80.48568508014871,-0.7846527992357775,1.6432618184400039,0.9998456538954427,0.10851483069382084,1.3397347022520845,5721.509178557203,0.9881656203279254,23.48502206802368,1.3470148858212878,77.21787195515401,0.3047203813011738
2025-03-10 19:30:00,https://soho.nascom.nasa.gov/data/REPROCESSING/Completed/2025/hmiigr/20250310/20250310_1930_hmiigr_1024.jpg,4.265705301081195,118.79459857940674,80.48569030722238,-0.7846762683722398,1.6431968628169364,0.9998456539154873,0.10850485281844158,1.342834119388691,5721.5664637423315,0.9881566165918066,23.485360145568848,1.3469724710392057,76.75421522939818,0.305221578332939
2025-03-10 21:00:00,https://soho.nascom.nasa.gov/data/REPROCESSING/Completed/2025/hmiigr/20250310/20250310_2100_hmiigr_1024.jpg,4.26834209986302,118.77967071533203,80.49216418830324,-0.7841750339734547,1.6424996989233736,0.999845678738371,0.10850398239927017,1.3421512111851923,5723.094066260085,0.9881390394632139,23.484689235687256,1.3470809762742153,76.94289537611968,0.30509170790228385
2025-03-10 22:30:00,https://soho.nascom.nasa.gov/data/REPROCESSING/Completed/2025/hmiigr/20250310/20250310_2230_hmiigr_1024.jpg,4.271421447667316,118.76519298553467,80.50164460617229,-0.7835733434033746,1.641804998116143,0.9998457150784532,0.10855079287284752,1.34257228452114,5725.047738028086,0.9881820733208528,23.499220371246338,1.34680870323912,76.76826576142608,0.3046120813974667
2025-03-11 00:00:00,https://soho.nascom.nasa.gov/data/REPROCESSING/Completed/2025/hmiigr/20250311/20250311_0000_hmiigr_1024.jpg,4.275093923937711,118.73953151702881,80.51180776389664,-0.7827970598040209,1.6405219618171225,0.9998457540213418,0.10836746451968793,1.339696118572197,5727.612709443526,0.9881147541969909,23.494035720825195,1.3462900556815403,77.39815465907735,0.30495502069438435
2025-03-11 01:30:00,https://soho.nascom.nasa.gov/data/REPROCESSING/Completed/2025/hmiigr/20250311/20250311_0130_hmiigr_1024.jpg,4.274553596016325,118.70777893066406,80.52373569819372,-0.7819165005633035,1.6391200571480669,0.9998457997076462,0.10852772888392792,1.3425517857093685,5730.534589103205,0.9882300260645156,23.493842124938965,1.3464244007523678,76.71573884629254,0.3046379203676621
2025-03-11 03:00:00,https://soho.nascom.nasa.gov/data/REPROCESSING/Completed/2025/hmiigr/20250311/20250311_0300_hmiigr_1024.jpg,4.270557994573061,118.6873550415039,80.53533659305648,-0.781276625053887,1.6380715635187095,0.9998458441218591,0.10879414521514263,1.3427266201613655,5733.10292302736,0.9882092388459466,23.48654556274414,1.3460261248372647,77.05379990126761,0.3047578980004928
2025-03-11 04:30:00,https://soho.nascom.nasa.gov/data/REPROCESSING/Completed/2025/hmiigr/20250311/20250311_0430_hmiigr_1024.jpg,4.27077869786022,118.6687593460083,80.54763353053089,-0.780565187907529,1.6370186967312226,0.9998458911799364,0.10882645773745026,1.3381270013740998,5735.77571766916,0.9882863364491508,23.466805458068848,1.3446882014784716,76.87172337921824,0.30456553082253685
2025-03-11 06:00:00,https://soho.nascom.nasa.gov/data/REPROCESSING/Completed/2025/hmiigr/20250311/20250311_0600_hmiigr_1024.jpg,4.26939302796046,118.65424633026123,80.5568261607272,-0.7800367165080027,1.6361984823949887,0.9998459263443382,0.10886032227972464,1.34149632400012,5737.803856487177,0.9882407432872966,23.480976104736328,1.3453400989224873,77.4619750017739,0.30440715960475
2025-03-11 07:30:00,https://soho.nascom.nasa.gov/data/REPROCESSING/Completed/2025/hmiigr/20250311/20250311_0730_hmiigr_1024.jpg,4.266624852796098,118.65069770812988,80.55745559329826,-0.779975240267225,1.63607338467227,0.999845928751655,0.10902207115395868,1.3355136098214113,5738.003201560073,0.9882137480950223,23.46629571914673,1.345426846044418,76.5830142278132,0.3050737903459728
2025-03-11 09:00:00,https://soho.nascom.nasa.gov/data/REPROCESSING/Completed/2025/hmiigr/20250311/20250311_0900_hmiigr_1024.jpg,4.280517689194473,118.65192985534668,80.56278354813723,-0.7795616737261618,1.6361143083872762,0.9998459491265979,0.10872913922685257,1.3424298413480062,5738.726347411656,0.9882052044026653,23.4854474067688,1.3437558928402698,77.47759268345163,0.30467101623957366
2025-03-11 10:30:00,https://soho.nascom.nasa.gov/data/REPROCESSING/Completed/2025/hmiigr/20250311/20250311_1030_hmiigr_1024.jpg,4.292404586286629,118.66070747375488,80.55945627303659,-0.7796077330369448,1.6365727301455943,0.999845936403045,0.10836088375071995,1.3424492791636196,5737.850454941746,0.9882488952859412,23.500682830810547,1.344508025233312,77.03314182211246,0.3037788161590053
2025-03-11 12:00:00,https://soho.nascom.nasa.gov/data/REPROCESSING/Completed/2025/hmiigr/20250311/20250311_1200_hmiigr_1024.jpg,4.307953548020314,118.67699146270752,80.55696922909573,-0.7796952489533807,1.6372667698985872,0.99984592689152,0.10791335332578456,1.3378612538474681,5736.88805089248,0.9882097365848456,23.525017261505127,1.3457911118683186,77.13756797585657,0.303870613773245
2025-03-11 13:30:00,https://soho.nascom.nasa.gov/data/REPROCESSING/Completed/2025/hmiigr/20250311/20250311_1330_hmiigr_1024.jpg,4.309854947182479,118.6978645324707,80.5509513340509,-0.7801883534458959,1.638148660297658,0.9998459038728583,0.10783278492272075,1.3404404306438238,5735.258802711834,0.9882287626631987,23.516799449920654,1.3459279363910719,76.72831751958137,0.3036204270898398
2025-03-11 15:00:00,https://soho.nascom.nasa.gov/data/REPROCESSING/Completed/2025/hmiigr/20250311/20250311_1500_hmiigr_1024.jpg,4.29806271377907,118.71490097045898,80.54282622625882,-0.7809367884528048,1.6388394467291112,0.9998458727858486,0.10810164898612129,1.3396011900076432,5733.497499283498,0.9881606879378533,23.526538848876953,1.346071107171595,77.11106911008733,0.304144349214212
2025-03-11 16:30:00,https://soho.nascom.nasa.gov/data/REPROCESSING/Completed/2025/hmiigr/20250311/20250311_1630_hmiigr_1024.jpg,4.283740601850965,118.73132133483887,80.53265883610972,-0.7817370075416513,1.639614745050331,0.999845833871727,0.10853008161211619,1.340548100205479,5731.372319247336,0.9881983077175361,23.500128746032715,1.346703174348556,76.78209735897128,0.3044815563655047
2025-03-11 18:00:00,https://soho.nascom.nasa.gov/data/REPROCESSING/Completed/2025/hmiigr/20250311/20250311_1800_hmiigr_1024.jpg,4.27504576584407,118.74231338500977,80.52767459181862,-0.782230392262581,1.6399790221990553,0.9998458147899157,0.10864022683745134,1.3412675856789837,5730.344646231603,0.9882573163200489,23.490150928497314,1.3465004972440886,76.9643312791111,0.3048745685091293
2025-03-11 19:30:00,https://soho.nascom.nasa.gov/data/REPROCESSING/Completed/2025/hmiigr/20250311/20250311_1930_hmiigr_1024.jpg,4.272118720355146,118.73590660095215,80.53054961277954,-0.782083397686368,1.6396460388392178,0.9998458257971535,0.10887569016085763,1.336427703445542,5731.044757933515,0.9881781944255414,23.48533344268799,1.3450599610860774,76.61880629988744,0.3048098559455789
2025-03-11 21:00:00,https://soho.nascom.nasa.gov/data/REPROCESSING/Completed/2025/hmiigr/20250311/20250311_2100_hmiigr_1024.jpg,4.275825565581466,118.72440338134766,80.53663020422434,-0.7816744531227046,1.6390527256356908,0.9998458490732812,0.10863966166834871,1.340722053312227,5732.428901106098,0.988214543949869,23.483417510986328,1.3451868528926474,76.69163127400148,0.3049213470510807
2025-03-11 22:30:00,https://soho.nascom.nasa.gov/data/REPROCESSING/Completed/2025/hmiigr/20250311/20250311_2230_hmiigr_1024.jpg,4.283167172265419,118.71042060852051,80.5451659878809,-0.7809807722391436,1.638403226309742,0.9998458817388408,0.10849413617506798,1.340305311792213,5734.212235378603,0.9882318882401285,23.495769500732422,1.347023317554092,76.66855825749921,0.3046262369164161
2025-03-12 00:00:00,https://soho.nascom.nasa.gov/data/REPROCESSING/Completed/2025/hmiigr/20250312/20250312_0000_hmiigr_1024.jpg,4.2791614635853,118.68772506713867,80.55602738218121,-0.7803436129607445,1.6373545807249807,0.9998459232892626,0.1087873896722158,1.3425538115626365,5736.676987234336,0.9882469131685019,23.49682378768921,1.3457007011711721,77.80529721633027,0.3046448776810629
2025-03-12 01:30:00,https://soho.nascom.nasa.gov/data/REPROCESSING/Completed/2025/hmiigr/20250312/20250312_0130_hmiigr_1024.jpg,4.279202849483972,118.65782737731934,80.56838353702909,-0.7794607282734116,1.6359597475461514,0.999845970537486,0.10890595674936776,1.3409739520970774,5739.659741514372,0.9882544379296813,23.474160194396973,1.3448848602516803,76.92562824083015,0.30453143409260586
2025-03-12 03:00:00,https://soho.nascom.nasa.gov/data/REPROCESSING/Completed/2025/hmiigr/20250312/20250312_0300_hmiigr_1024.jpg,4.277379010865195,118.63691997528076,80.57886059195634,-0.778838789069818,1.6349190088967667,0.9998460105832679,0.10894870064475981,1.3417817276241695,5742.06604288717,0.9883013789838062,23.484042167663574,1.3445969821108916,77.37403613586848,0.3048050619541577
2025-03-12 04:30:00,https://soho.nascom.nasa.gov/data/REPROCESSING/Completed/2025/hmiigr/20250312/20250312_0430_hmiigr_1024.jpg,4.270963085368232,118.61406803131104,80.5866265016427,-0.7783103480238439,1.6338699452403116,0.9998460402563347,0.10912977251973643,1.339837529387243,5744.094558909699,0.9882472339419742,23.449118614196777,1.344498501764195,76.96743289282757,0.3050269384809323
2025-03-12 06:00:00,https://soho.nascom.nasa.gov/data/REPROCESSING/Completed/2025/hmiigr/20250312/20250312_0600_hmiigr_1024.jpg,4.266653309881237,118.5998706817627,80.59242155344702,-0.7779784806049025,1.6331575730367809,0.9998460623932864,0.10922765818577318,1.3420828209768583,5745.5470852826675,0.9883349141404608,23.44130563735962,1.3442542255049548,77.43873756167504,0.3054700433438389
2025-03-12 07:30:00,https://soho.nascom.nasa.gov/data/REPROCESSING/Completed/2025/hmiigr/20250312/20250312_0730_hmiigr_1024.jpg,4.26910492574713,118.59014797210693,80.59463536334293,-0.7777091296621175,1.6328068322667622,0.9998460708487241,0.10925892474188004,1.3381504792642598,5746.171281032313,0.9882953856662592,23.450150966644287,1.3451552962146078,76.73435610292478,0.30498831476183924
2025-03-12 09:00:00,https://soho.nascom.nasa.gov/data/REPROCESSING/Completed/2025/hmiigr/20250312/20250312_0900_hmiigr_1024.jpg,4.280549879378088,118.59798431396484,80.59551414697567,-0.7776117290267642,1.633128211357332,0.9998460742049621,0.10896753045199148,1.3384376564580909,5746.013870740796,0.9882738763816522,23.472904682159424,1.345111682614762,77.50949226429475,0.3043002007093146
2025-03-12 10:30:00,https://soho.nascom.nasa.gov/data/REPROCESSING/Completed/2025/hmiigr/20250312/20250312_1030_hmiigr_1024.jpg,4.295727681574123,118.6016263961792,80.59141186512734,-0.7775596940914838,1.6335736947704567,0.999846058536646,0.10848665999947116,1.3374474251435997,5745.037204068934,0.9882425015421269,23.484440803527832,1.3442727949800144,76.9830984850237,0.30451395162137507
2025-03-12 12:00:00,https://soho.nascom.nasa.gov/data/REPROCESSING/Completed/2025/hmiigr/20250312/20250312_1200_hmiigr_1024.jpg,4.301468131147893,118.61616516113281,80.58708582940201,-0.777830778193726,1.6342060644784102,0.9998460420111294,0.1083213961464935,1.339986113519394,5743.864655746865,0.988283363157103,23.489179134368896,1.3446636904541514,77.1458549042464,0.3041220354669903
2025-03-12 13:30:00,https://soho.nascom.nasa.gov/data/REPROCESSING/Completed/2025/hmiigr/20250312/20250312_1330_hmiigr_1024.jpg,4.308449993868849,118.63547134399414,80.58109544135264,-0.7782408428877913,1.6350558344383817,0.99984601912337,0.10804371180529415,1.3427723420349795,5742.264420923797,0.988228732654274,23.505337238311768,1.3453664254209607,76.8274890610734,0.3041528581058292
2025-03-12 15:00:00,https://soho.nascom.nasa.gov/data/REPROCESSING/Completed/2025/hmiigr/20250312/20250312_1500_hmiigr_1024.jpg,4.295573817432963,118.6559190750122,80.57371045442513,-0.7789870261969417,1.635900947573644,0.9998459909001759,0.10848345864178555,1.3341558641455928,5740.4703235378365,0.9882328302824215,23.493350505828857,1.3446719259216262,77.27891543757252,0.3043845839350237
2025-03-12 16:30:00,https://soho.nascom.nasa.gov/data/REPROCESSING/Completed/2025/hmiigr/20250312/20250312_1630_hmiigr_1024.jpg,4.281705041133056,118.67406845092773,80.56156362298691,-0.7798721272311785,1.636781061126942,0.9998459444617677,0.10880664645083016,1.337918362458706,5737.968053061542,0.9882476505001115,23.485236167907715,1.3451689641692688,77.04691563905638,0.3045159502498539
2025-03-12 18:00:00,https://soho.nascom.nasa.gov/data/REPROCESSING/Completed/2025/hmiigr/20250312/20250312_1800_hmiigr_1024.jpg,4.2699983846277565,118.6797685623169,80.55919046430776,-0.7802115119682961,1.6369297990956666,0.9998459353865202,0.10909375692426693,1.3403066154669063,5737.499662887559,0.9882449693549442,23.469285488128662,1.345445573698507,77.14862857223018,0.30514969382059376
2025-03-12 19:30:00,https://soho.nascom.nasa.gov/data/REPROCESSING/Completed/2025/hmiigr/20250312/20250312_1930_hmiigr_1024.jpg,4.267837686348901,118.67813682556152,80.56004948775478,-0.7801957677803041,1.636831593845689,0.999845938671623,0.10919040706539818,1.3401167843194146,5737.7080827434565,0.9882355599454998,23.4504132270813,1.3450384374190263,76.6471845900319,0.3054236328881373
2025-03-12 21:00:00,https://soho.nascom.nasa.gov/data/REPROCESSING/Completed/2025/hmiigr/20250312/20250312_2100_hmiigr_1024.jpg,4.2738139121253,118.66718482971191,80.56790940534454,-0.7796841377797841,1.6362078817149408,0.9998459687248732,0.10895161234839179,1.3410918984046243,5739.374570296731,0.9882396557478021,23.46267080307007,1.3449312008560343,76.76026529742555,0.30515184116258226
2025-03-12 22:30:00,https://soho.nascom.nasa.gov/data/REPROCESSING/Completed/2025/hmiigr/20250312/20250312_2230_hmiigr_1024.jpg,4.277273246919715,118.64610481262207,80.57544442941347,-0.7789844194347829,1.635338739078772,0.9998459975276026,0.10889501635938359,1.3396829373779462,5741.210732800989,0.9882321000576532,23.454148292541504,1.345797504523303,76.53305317178781,0.3050793716963067
2025-03-13 00:00:00,https://soho.nascom.nasa.gov/data/REPROCESSING/Completed/2025/hmiigr/20250313/20250313_0000_hmiigr_1024.jpg,4.27619614603275,118.62146472930908,80.58688809044182,-0.7782566706037483,1.6341799469344296,0.9998460412557002,0.10900723326813022,1.3400689471369542,5743.85941742539,0.9882735832884995,23.454043865203857,1.3444951166781107,77.62915506754572,0.30504477732865765
2025-03-13 01:30:00,https://soho.nascom.nasa.gov/data/REPROCESSING/Completed/2025/hmiigr/20250313/20250313_0130_hmiigr_1024.jpg,4.276493049321945,118.59268569946289,80.59746098969485,-0.7774801005397013,1.6328711990294789,0.999846081639925,0.10902813447319204,1.3388158471344036,5746.517574122162,0.9882568295158524,23.446970462799072,1.3441109782285954,76.8377274956532,0.3051951291003031
2025-03-13 03:00:00,https://soho.nascom.nasa.gov/data/REPROCESSING/Completed/2025/hmiigr/20250313/20250313_0300_hmiigr_1024.jpg,4.2750964883046,118.57237434387207,80.60506796978295,-0.7769068563616801,1.6319807697520998,0.9998461106857036,0.1090578317453037,1.3422052941104645,5748.386196024499,0.9882325593195226,23.440205574035645,1.3443798254448454,77.1727894902905,0.3052192992086487
2025-03-13 04:30:00,https://soho.nascom.nasa.gov/data/REPROCESSING/Completed/2025/hmiigr/20250313/20250313_0430_hmiigr_1024.jpg,4.268239855666028,118.55422782897949,80.61222275909242,-0.7764890834060297,1.6311286760831407,0.9998461379973772,0.10930372257826093,1.3407704236704443,5750.157453730284,0.9882676130627099,23.43579387664795,1.3435430454265627,76.84334169768674,0.30521680731185447
2025-03-13 06:00:00,https://soho.nascom.nasa.gov/data/REPROCESSING/Completed/2025/hmiigr/20250313/20250313_0600_hmiigr_1024.jpg,4.265806805628672,118.5400743484497,80.61939654157673,-0.776083539555428,1.630387478181461,0.999846165374254,0.10940445861160697,1.3410810714774686,5751.834457926235,0.9882884755259509,23.428651332855225,1.342777720642935,77.32178237500236,0.30535756727108265
2025-03-13 07:30:00,https://soho.nascom.nasa.gov/data/REPROCESSING/Completed/2025/hmiigr/20250313/20250313_0730_hmiigr_1024.jpg,4.268776854275901,118.53137397766113,80.61986341960093,-0.7759039355954418,1.6301044639703954,0.9998461671557194,0.10934689611713111,1.342355398570252,5752.150718470618,0.988280055974959,23.441770553588867,1.3446154542939024,76.54457153160791,0.3052917471300687
2025-03-13 09:00:00,https://soho.nascom.nasa.gov/data/REPROCESSING/Completed/2025/hmiigr/20250313/20250313_0900_hmiigr_1024.jpg,4.272967587513913,118.53703498840332,80.62226563649332,-0.7758629732686522,1.6302514336492346,0.9998461763213637,0.10928211580358038,1.3363199797280534,5752.363861945229,0.9882763645534991,23.45502471923828,1.3432431197754984,77.28174075837379,0.305119490564607
2025-03-13 10:30:00,https://soho.nascom.nasa.gov/data/REPROCESSING/Completed/2025/hmiigr/20250313/20250313_1030_hmiigr_1024.jpg,4.286082443577559,118.54564380645752,80.61890343048414,-0.7758930261627224,1.630736991923462,0.9998461634926574,0.10887762412130542,1.3393380185936459,5751.4558787801025,0.9882172360143741,23.448906898498535,1.3441099506634118,76.78053708440781,0.3049333989886725
2025-03-13 12:00:00,https://soho.nascom.nasa.gov/data/REPROCESSING/Completed/2025/hmiigr/20250313/20250313_1200_hmiigr_1024.jpg,4.301933410817737,118.55537414550781,80.61708892781112,-0.7758771004166202,1.6312092947410677,0.9998461565686428,0.10830657934457122,1.3400451524418424,5750.78063601472,0.9882827081030455,23.478060245513916,1.3440572506247677,76.96113991095241,0.30430064219549374
2025-03-13 13:30:00,https://soho.nascom.nasa.gov/data/REPROCESSING/Completed/2025/hmiigr/20250313/20250313_1330_hmiigr_1024.jpg,4.302499915710444,118.57383251190186,80.6103580395584,-0.7763749070686139,1.6320324359853478,0.999846130879963,0.10835363608202897,1.3395156782148256,5749.095246589287,0.9882355738282368,23.45926856994629,1.344587859864683,76.55714034242,0.3040527548327333
2025-03-13 15:00:00,https://soho.nascom.nasa.gov/data/REPROCESSING/Completed/2025/hmiigr/20250313/20250313_1500_hmiigr_1024.jpg,4.29178435693858,118.59194946289062,80.60286525077991,-0.7770396263800735,1.63274920116906,0.9998461022758939,0.10861335586378118,1.339729056305647,5747.3955919895825,0.9882033914144596,23.459702014923096,1.3445250565043043,76.87669292289465,0.3046999710335205
2025-03-13 16:30:00,https://soho.nascom.nasa.gov/data/REPROCESSING/Completed/2025/hmiigr/20250313/20250313_1630_hmiigr_1024.jpg,4.279503380539228,118.60875797271729,80.59517793034307,-0.7777690811521343,1.6333866149031713,0.9998460729209012,0.10884407002777152,1.339290202103762,5745.7386620683665,0.9882236127374128,23.44881534576416,1.3451092423929378,76.57753167934085,0.30521825706948297
2025-03-13 18:00:00,https://soho.nascom.nasa.gov/data/REPROCESSING/Completed/2025/hmiigr/20250313/20250313_1800_hmiigr_1024.jpg,4.265632656317924,118.61825656890869,80.59145801367474,-0.7782434114075724,1.6337085412033583,0.9998460587129198,0.10928424967823958,1.3425218435539645,5744.9252307967645,0.9882163067632951,23.423340320587158,1.344786912952332,76.82392943850603,0.3056261600644555
2025-03-13 19:30:00,https://soho.nascom.nasa.gov/data/REPROCESSING/Completed/2025/hmiigr/20250313/20250313_1930_hmiigr_1024.jpg,4.265030964447933,118.61995601654053,80.59493673084596,-0.7781702815198989,1.6335690116093924,0.999846071999715,0.10926273426775879,1.3388729856460788,5745.5438798872165,0.9882548004538111,23.435224533081055,1.345111884674962,76.59045140309608,0.3053226840201717
2025-03-13 21:00:00,https://soho.nascom.nasa.gov/data/REPROCESSING/Completed/2025/hmiigr/20250313/20250313_2100_hmiigr_1024.jpg,4.267589408934655,118.60647392272949,80.60055182325114,-0.7777560595296753,1.6329103836094585,0.9998460934426654,0.10912414713311591,1.3432417841254831,5746.9238517715685,0.9882383629348125,23.4317626953125,1.3448855801723305,76.62945975997336,0.30533087467209563
2025-03-13 22:30:00,https://soho.nascom.nasa.gov/data/REPROCESSING/Completed/2025/hmiigr/20250313/20250313_2230_hmiigr_1024.jpg,4.2698275395014695,118.59167957305908,80.60836411333506,-0.7771993239011914,1.6322661685525406,0.9998461232688358,0.10923835084213351,1.3415534822002237,5748.605026744223,0.9882106644606505,23.433160305023193,1.3447607301000404,76.40295025714427,0.3049079110690444
2025-03-14 00:00:00,https://soho.nascom.nasa.gov/data/REPROCESSING/Completed/2025/hmiigr/20250314/20250314_0000_hmiigr_1024.jpg,4.270165856669816,118.56540870666504,80.61878102220668,-0.7764556269571228,1.6310783382131997,0.9998461630255707,0.10927929547324311,1.338002886243139,5751.137479490525,0.988260949741778,23.442593574523926,1.3443998961110342,77.62349001444079,0.3051625443941281
2025-03-14 01:30:00,https://soho.nascom.nasa.gov/data/REPROCESSING/Completed/2025/hmiigr/20250314/20250314_0130_hmiigr_1024.jpg,4.270573170343854,118.54036712646484,80.62822801701753,-0.7758110768051985,1.6298783097153342,0.9998461990672523,0.10926181658032874,1.3420960903051438,5753.543958934951,0.9882645524517524,23.447721481323242,1.3437226535469686,76.8857672311149,0.3055814661780456
2025-03-14 03:00:00,https://soho.nascom.nasa.gov/data/REPROCESSING/Completed/2025/hmiigr/20250314/20250314_0300_hmiigr_1024.jpg,4.2669397624888985,118.51429748535156,80.63736319950677,-0.7751353784311615,1.6287251532872418,0.9998462339072797,0.10937862859100278,1.3400120414336045,5755.8661409821325,0.9882975545651862,23.43638277053833,1.3427546347065853,77.30795403443003,0.30544943055084317
2025-03-14 04:30:00,https://soho.nascom.nasa.gov/data/REPROCESSING/Completed/2025/hmiigr/20250314/20250314_0430_hmiigr_1024.jpg,4.263636492690028,118.49388217926025,80.64605654835314,-0.7745603073244801,1.6277745164318793,0.9998462670512375,0.10955656125952373,1.3377619076316247,5757.947632403818,0.988244989376853,23.431076526641846,1.3431513638400334,77.02055873491899,0.3056886825034304
2025-03-14 06:00:00,https://soho.nascom.nasa.gov/data/REPROCESSING/Completed/2025/hmiigr/20250314/20250314_0600_hmiigr_1024.jpg,4.2589672176151545,118.4773998260498,80.65006881505816,-0.7742457760217571,1.6271140559148094,0.9998462823446512,0.10970881303182978,1.3332747666219995,5759.104850501387,0.9883494061678852,23.423415660858154,1.3428235659911347,77.51297540883594,0.3059461503770464
2025-03-14 07:30:00,https://soho.nascom.nasa.gov/data/REPROCESSING/Completed/2025/hmiigr/20250314/20250314_0730_hmiigr_1024.jpg,4.260837037148848,118.47236347198486,80.65246407091122,-0.7740699515228862,1.6268857812664876,0.9998462914734746,0.10968992638663622,1.3411195499231436,5759.648961048425,0.988363204432925,23.41486883163452,1.3435283923915746,76.75649329595241,0.30583564641140465
2025-03-14 09:00:00,https://soho.nascom.nasa.gov/data/REPROCESSING/Completed/2025/hmiigr/20250314/20250314_0900_hmiigr_1024.jpg,4.273597010684463,118.4769172668457,80.65470096267086,-0.773833107337941,1.627123434210228,0.999846299998005,0.109401988931495,1.3333451451416836,5759.75811998347,0.9882868718952509,23.44983673095703,1.3430867669208955,77.56186770396715,0.30511669886801246
2025-03-14 10:30:00,https://soho.nascom.nasa.gov/data/REPROCESSING/Completed/2025/hmiigr/20250314/20250314_1030_hmiigr_1024.jpg,4.290082687275102,118.48367595672607,80.65705938324854,-0.7735906099705072,1.627334491969185,0.9998463089848993,0.10893714394478593,1.3337594987841195,5759.908193073137,0.9882881908676846,23.451396465301514,1.34216445930086,77.02070604233771,0.3045355544618609
2025-03-14 12:00:00,https://soho.nascom.nasa.gov/data/REPROCESSING/Completed/2025/hmiigr/20250314/20250314_1200_hmiigr_1024.jpg,4.300149083534181,118.49677085876465,80.65316651322578,-0.7737899750630353,1.6279583886436404,0.9998462941504758,0.10859572354820557,1.3349694218170296,5758.800327687983,0.9882814789192396,23.469717979431152,1.3445943159795164,77.14877025872856,0.304163683644876
2025-03-14 13:30:00,https://soho.nascom.nasa.gov/data/REPROCESSING/Completed/2025/hmiigr/20250314/20250314_1330_hmiigr_1024.jpg,4.301165753817957,118.51810264587402,80.64414607792735,-0.7743585382561543,1.6289541427840368,0.9998462597683635,0.10852828015413252,1.3362614258854715,5756.632173806459,0.9882384554722984,23.460405349731445,1.3436946053671766,76.61167147621701,0.3046111146228123
2025-03-14 15:00:00,https://soho.nascom.nasa.gov/data/REPROCESSING/Completed/2025/hmiigr/20250314/20250314_1500_hmiigr_1024.jpg,4.291156504155366,118.53749561309814,80.63698070008829,-0.7750839558302339,1.6296760338082528,0.9998462324487296,0.10883045384798606,1.3390496650132901,5754.971754286917,0.9882602508577302,23.466476440429688,1.3442603291870499,77.0526191917036,0.30437053802827124
2025-03-14 16:30:00,https://soho.nascom.nasa.gov/data/REPROCESSING/Completed/2025/hmiigr/20250314/20250314_1630_hmiigr_1024.jpg,4.278776403949777,118.55338668823242,80.63087026480301,-0.7757285817350678,1.6302375443083852,0.9998462091455514,0.10906976351725461,1.337727486574141,5753.604055364335,0.9882772922114583,23.43413019180298,1.3455806749274646,76.69265893813298,0.3052456960090197
2025-03-14 18:00:00,https://soho.nascom.nasa.gov/data/REPROCESSING/Completed/2025/hmiigr/20250314/20250314_1800_hmiigr_1024.jpg,4.265548160988709,118.5620059967041,80.62893978514094,-0.7761702121948091,1.6304561591630968,0.9998462017822397,0.10948323464799614,1.3388872676937544,5753.135686717368,0.9883039699969864,23.436071395874023,1.3432857163221281,77.19106808373178,0.30557008958378273
2025-03-14 19:30:00,https://soho.nascom.nasa.gov/data/REPROCESSING/Completed/2025/hmiigr/20250314/20250314_1930_hmiigr_1024.jpg,4.266918738046692,118.56167125701904,80.62851128971049,-0.7761609835782849,1.6304493909189293,0.9998462001477838,0.10945683679165086,1.335776310109298,5753.080508272814,0.9882936203905682,23.434141635894775,1.342969974234913,76.68593738385992,0.3053377433027636
2025-03-14 21:00:00,https://soho.nascom.nasa.gov/data/REPROCESSING/Completed/2025/hmiigr/20250314/20250314_2100_hmiigr_1024.jpg,4.269541611280047,118.54696941375732,80.63294871993024,-0.7757442950431451,1.6297618770531201,0.999846217072686,0.10932456933915091,1.338362898243502,5754.320477019875,0.9882822284253533,23.427912712097168,1.3443802931357867,76.69793705771264,0.30565806055729655
2025-03-14 22:30:00,https://soho.nascom.nasa.gov/data/REPROCESSING/Completed/2025/hmiigr/20250314/20250314_2230_hmiigr_1024.jpg,4.270462769488627,118.5337963104248,80.64314665700665,-0.7751968912629661,1.6290340873808806,0.9998462559582807,0.10938232785338187,1.3409385536270961,5756.4188650799915,0.9882805022171879,23.436816692352295,1.343203438829901,76.51804615576135,0.30547787725576636
2025-03-15 00:00:00,https://soho.nascom.nasa.gov/data/REPROCESSING/Completed/2025/hmiigr/20250315/20250315_0000_hmiigr_1024.jpg,4.272966134810802,118.50866985321045,80.65639427070093,-0.7743301288660279,1.6278185682120516,0.9998463064505303,0.10939856495133427,1.3354031470578251,5759.384941854306,0.9882825494226536,23.4471697807312,1.3436440328372394,77.62385483218065,0.3051220589753301
2025-03-15 01:30:00,https://soho.nascom.nasa.gov/data/REPROCESSING/Completed/2025/hmiigr/20250315/20250315_0130_hmiigr_1024.jpg,4.271752022349728,118.4778938293457,80.6661914820709,-0.7735278500575635,1.6265017828460044,0.9998463437758426,0.10955295069106796,1.3377635582240002,5761.949796477411,0.9882820946077971,23.43061876296997,1.343045593864286,76.78926258268244,0.3057068114386839
2025-03-15 03:00:00,https://soho.nascom.nasa.gov/data/REPROCESSING/Completed/2025/hmiigr/20250315/20250315_0300_hmiigr_1024.jpg,4.274260991779008,118.45539379119873,80.67830854188107,-0.7727424291352796,1.6254067686397144,0.9998463899204854,0.10949421485565836,1.3369762914630459,5764.651441785043,0.988336108760029,23.433610439300537,1.3422603983023447,77.39286197964373,0.30515119365678417
2025-03-15 04:30:00,https://soho.nascom.nasa.gov/data/REPROCESSING/Completed/2025/hmiigr/20250315/20250315_0430_hmiigr_1024.jpg,4.267310681293019,118.43658638000488,80.68424387521772,-0.7723582598392648,1.6246201062160044,0.999846412516061,0.10971091535247979,1.3412922760178347,5766.197465526471,0.988328213311685,23.423789024353027,1.3425419691593423,77.03348137732516,0.30572479515039935
2025-03-15 06:00:00,https://soho.nascom.nasa.gov/data/REPROCESSING/Completed/2025/hmiigr/20250315/20250315_0600_hmiigr_1024.jpg,4.2605075046796,118.42238712310791,80.6892001588633,-0.772072751948948,1.6239378503699657,0.9998464313806144,0.1098899962980795,1.3384382322936328,5767.51150994911,0.9883227503715403,23.40746831893921,1.342895661264967,77.34428720191858,0.3059598635765381
2025-03-15 07:30:00,https://soho.nascom.nasa.gov/data/REPROCESSING/Completed/2025/hmiigr/20250315/20250315_0730_hmiigr_1024.jpg,4.266153879056478,118.41693878173828,80.69394667953654,-0.7717518939280731,1.6236580579632889,0.9998464494435124,0.10985073897245456,1.3365135319818784,5768.43855537237,0.9883490978183449,23.409804821014404,1.3406935293009623,76.69878443603449,0.3052990876274977
2025-03-15 09:00:00,https://soho.nascom.nasa.gov/data/REPROCESSING/Completed/2025/hmiigr/20250315/20250315_0900_hmiigr_1024.jpg,4.2750294175540065,118.4205551147461,80.69266943131356,-0.7716772104717846,1.6239664826890665,0.999846444583254,0.1095936570327467,1.3341907106848347,5767.982050434888,0.9883554202272369,23.425240516662598,1.342219563701446,77.41219211835252,0.3052309993407234
2025-03-15 10:30:00,https://soho.nascom.nasa.gov/data/REPROCESSING/Completed/2025/hmiigr/20250315/20250315_1030_hmiigr_1024.jpg,4.287676243601876,118.42737102508545,80.69173547807962,-0.7716245092910374,1.6242787573811548,0.9998464410291754,0.10913923045154661,1.3361650426598743,5767.571288119188,0.9883565962862939,23.429625511169434,1.3427498910183335,76.8594650329961,0.30508070775386237
2025-03-15 12:00:00,https://soho.nascom.nasa.gov/data/REPROCESSING/Completed/2025/hmiigr/20250315/20250315_1200_hmiigr_1024.jpg,4.303632883934366,118.44134521484375,80.68857795648944,-0.7716676964131934,1.624959233864049,0.9998464290125851,0.10876572892993863,1.3441682068815803,5766.5160568936635,0.9883227304951656,23.454699516296387,1.3441531412316186,77.03889950408818,0.3044255954946326
2025-03-15 13:30:00,https://soho.nascom.nasa.gov/data/REPROCESSING/Completed/2025/hmiigr/20250315/20250315_1330_hmiigr_1024.jpg,4.302629128139975,118.45830154418945,80.68037855175298,-0.7721975809936817,1.6257995122315494,0.999846397801496,0.1087470350194053,1.3414944930184798,5764.599069135408,0.9883326324005342,23.455469608306885,1.3429093122175015,76.55409609221441,0.3047085071323596
2025-03-15 15:00:00,https://soho.nascom.nasa.gov/data/REPROCESSING/Completed/2025/hmiigr/20250315/20250315_1500_hmiigr_1024.jpg,4.292561743597358,118.48017978668213,80.67041457660012,-0.7730523605279436,1.626666111768918,0.9998463598607501,0.108957492875561,1.3396506470997476,5762.407578208402,0.9882868153817856,23.455125331878662,1.3427963480802538,77.01148186695433,0.30465561260863994
2025-03-15 16:30:00,https://soho.nascom.nasa.gov/data/REPROCESSING/Completed/2025/hmiigr/20250315/20250315_1630_hmiigr_1024.jpg,4.280440694949049,118.49709224700928,80.66458721226618,-0.7737076789013428,1.627265446608507,0.9998463376648434,0.10925380060325551,1.3398325118412757,5761.044511891951,0.9882751250476363,23.44739055633545,1.343821501342611,76.7226786664498,0.3051270506238107
2025-03-15 18:00:00,https://soho.nascom.nasa.gov/data/REPROCESSING/Completed/2025/hmiigr/20250315/20250315_1800_hmiigr_1024.jpg,4.271304002498523,118.50176048278809,80.65874268804755,-0.7741207754668332,1.6275188093033708,0.999846315398745,0.1094894730103988,1.333005052087771,5759.985521135294,0.9882404333545227,23.433884620666504,1.342775726112803,77.03364744035655,0.3055997006518218
2025-03-15 19:30:00,https://soho.nascom.nasa.gov/data/REPROCESSING/Completed/2025/hmiigr/20250315/20250315_1930_hmiigr_1024.jpg,4.267799187448166,118.50008010864258,80.6593878814016,-0.7741371353010843,1.6273462048364367,0.9998463178569995,0.10949713744048495,1.3330921643662792,5760.230399911296,0.9882618250360511,23.425535678863525,1.3436953006743688,76.59775859730057,0.30561393748315335
2025-03-15 21:00:00,https://soho.nascom.nasa.gov/data/REPROCESSING/Completed/2025/hmiigr/20250315/20250315_2100_hmiigr_1024.jpg,4.268650202049576,118.48675346374512,80.6625010135024,-0.7738200547385958,1.6268255587384395,0.9998463297175308,0.10955979832760931,1.3328029076957495,5761.135906048705,0.9882613952190121,23.417885780334473,1.3436881126612437,76.71350926888822,0.3054494266215013
2025-03-15 22:30:00,https://soho.nascom.nasa.gov/data/REPROCESSING/Completed/2025/hmiigr/20250315/20250315_2230_hmiigr_1024.jpg,4.269071195897397,118.46621417999268,80.6691125241669,-0.7732547022550318,1.6260657480291643,0.9998463549017668,0.10957040842549759,1.3402277877612925,5762.753362009454,0.9883110009702794,23.427875995635986,1.3438959625262834,76.4725470684878,0.3055055705355538
2025-03-16 00:00:00,https://soho.nascom.nasa.gov/data/REPROCESSING/Completed/2025/hmiigr/20250316/20250316_0000_hmiigr_1024.jpg,4.271857934959446,118.44225692749023,80.67983984112651,-0.7725038235901649,1.6249586350496863,0.9998463957505573,0.10956637314120599,1.3402174474688449,5765.267693694059,0.9882976647430322,23.428565979003906,1.3431163945140538,77.69470959601918,0.3051133142755342
2025-03-16 01:30:00,https://soho.nascom.nasa.gov/data/REPROCESSING/Completed/2025/hmiigr/20250316/20250316_0130_hmiigr_1024.jpg,4.273706256006592,118.41258239746094,80.6892247504131,-0.771716309852325,1.6237291737085233,0.9998464314742057,0.10959407258633291,1.3366325226656948,5767.700322341834,0.988298178560055,23.414881229400635,1.3420784183366479,76.89978821507604,0.3055172415339931
2025-03-16 03:00:00,https://soho.nascom.nasa.gov/data/REPROCESSING/Completed/2025/hmiigr/20250316/20250316_0300_hmiigr_1024.jpg,4.271070174497602,118.39033222198486,80.69887288684309,-0.7710742112890687,1.6227221100243232,0.9998464681868386,0.10976221774581063,1.334577142469163,5769.9745772159895,0.9883379744103445,23.414323806762695,1.3424405993947468,77.22533742159801,0.30556135955251795
2025-03-16 04:30:00,https://soho.nascom.nasa.gov/data/REPROCESSING/Completed/2025/hmiigr/20250316/20250316_0430_hmiigr_1024.jpg,4.264352258144076,118.36874198913574,80.70785915930288,-0.7705371103503369,1.621623408057417,0.9998465023691387,0.10996367373081739,1.3350369384076626,5772.236992074708,0.9883628411863218,23.404695510864258,1.3417443117513428,76.96864462290198,0.3059286775706144
2025-03-16 06:00:00,https://soho.nascom.nasa.gov/data/REPROCESSING/Completed/2025/hmiigr/20250316/20250316_0600_hmiigr_1024.jpg,4.2629384581854,118.35470676422119,80.71473750882372,-0.7701219577238195,1.620900942682434,0.9998465285255352,0.10993054964819748,1.342329045538524,5773.864115174856,0.9883944345114979,23.40010929107666,1.3416095719717884,77.50828405830508,0.30591018080362614
2025-03-16 07:30:00,https://soho.nascom.nasa.gov/data/REPROCESSING/Completed/2025/hmiigr/20250316/20250316_0730_hmiigr_1024.jpg,4.262514581079869,118.34993743896484,80.71922347213639,-0.7699249029850319,1.6205536053230678,0.9998465455807694,0.11002418415046122,1.333370061267395,5774.815323851641,0.9883340261787176,23.40097951889038,1.3410006723888468,76.73073672224805,0.30585311014029587
2025-03-16 09:00:00,https://soho.nascom.nasa.gov/data/REPROCESSING/Completed/2025/hmiigr/20250316/20250316_0900_hmiigr_1024.jpg,4.2745106793182925,118.35130405426025,80.7204787761586,-0.7697048832952085,1.620664786602179,0.9998465503528148,0.10964434143897961,1.3387090921593456,5774.89589220392,0.9883898544960175,23.422312259674072,1.341011879238674,77.57998730557122,0.3052144643517215
2025-03-16 10:30:00,https://soho.nascom.nasa.gov/data/REPROCESSING/Completed/2025/hmiigr/20250316/20250316_1030_hmiigr_1024.jpg,4.284399261044583,118.36018180847168,80.72001108360722,-0.7697556202878844,1.620992111403772,0.9998465485749048,0.10935819851511042,1.3390851279365186,5774.537425196806,0.9883252136930644,23.41986846923828,1.3425689647258021,76.97930088298402,0.305131883028029
2025-03-16 12:00:00,https://soho.nascom.nasa.gov/data/REPROCESSING/Completed/2025/hmiigr/20250316/20250316_1200_hmiigr_1024.jpg,4.293811838344725,118.37889575958252,80.71562948681182,-0.7700465894703846,1.62179077392586,0.9998465319169828,0.10904181337173213,1.3335576401295337,5773.199559785685,0.9882945493264417,23.431454181671143,1.3421280385047445,77.11282401497239,0.3049777739714433
2025-03-16 13:30:00,https://soho.nascom.nasa.gov/data/REPROCESSING/Completed/2025/hmiigr/20250316/20250316_1330_hmiigr_1024.jpg,4.298770691580066,118.39868545532227,80.71254893225391,-0.7703893360422377,1.6225418548926238,0.9998465202037295,0.10894226809614338,1.3374960836759326,5772.090719621636,0.9883377704798844,23.436096668243408,1.3435798937989059,76.79853048381533,0.3048208391037413
2025-03-16 15:00:00,https://soho.nascom.nasa.gov/data/REPROCESSING/Completed/2025/hmiigr/20250316/20250316_1500_hmiigr_1024.jpg,4.2869025892527475,118.41937160491943,80.70149275849309,-0.7712833045556126,1.6234499343582587,0.9998464781535779,0.10922708543148474,1.3354648508256382,5769.702376437368,0.988323667083208,23.42249822616577,1.3418630591706973,77.12058765138127,0.3052288687819124
2025-03-16 16:30:00,https://soho.nascom.nasa.gov/data/REPROCESSING/Completed/2025/hmiigr/20250316/20250316_1630_hmiigr_1024.jpg,4.272644392271815,118.43432331085205,80.6925241281253,-0.7720591783243148,1.6240443572567325,0.9998464440303233,0.10956799622908875,1.3348827240056187,5767.892131521558,0.9883102137256795,23.416176795959473,1.3420961364134112,76.86499824363676,0.30536756111840013
2025-03-16 18:00:00,https://soho.nascom.nasa.gov/data/REPROCESSING/Completed/2025/hmiigr/20250316/20250316_1800_hmiigr_1024.jpg,4.265456598923321,118.44260025024414,80.68842442925617,-0.7724298232391404,1.6243766075921575,0.9998464284282701,0.10978080512177257,1.3348741098277264,5767.011120300774,0.9883077690973533,23.402414798736572,1.3428555292197824,77.09799326078222,0.30577324352139
2025-03-16 19:30:00,https://soho.nascom.nasa.gov/data/REPROCESSING/Completed/2025/hmiigr/20250316/20250316_1930_hmiigr_1024.jpg,4.265544602155495,118.43656826019287,80.69245004851285,-0.7721778896997613,1.624024728013005,0.9998464437484227,0.10981809175063972,1.3338570154900424,5767.898969834814,0.9883150727829199,23.40162229537964,1.3423922513697764,76.72253518678009,0.30566578979204967
2025-03-16 21:00:00,https://soho.nascom.nasa.gov/data/REPROCESSING/Completed/2025/hmiigr/20250316/20250316_2100_hmiigr_1024.jpg,4.2667100193021845,118.42498588562012,80.69352399197297,-0.7719496172752607,1.623621545714429,0.9998464478351029,0.10976920326538675,1.3368085893153676,5768.410553324969,0.9883572084556853,23.404075145721436,1.3425321592283472,76.8414738266697,0.30565416339694923
2025-03-16 22:30:00,https://soho.nascom.nasa.gov/data/REPROCESSING/Completed/2025/hmiigr/20250316/20250316_2230_hmiigr_1024.jpg,4.265612556501188,118.40672016143799,80.69928045109042,-0.7714855301015362,1.6229576521643034,0.9998464697373931,0.10989645914014545,1.3330078282207578,5769.823494449986,0.9883074007472448,23.401670932769775,1.3411117894952498,76.65754243489249,0.30567416970150363
2025-03-17 00:00:00,https://soho.nascom.nasa.gov/data/REPROCESSING/Completed/2025/hmiigr/20250317/20250317_0000_hmiigr_1024.jpg,4.268605933795829,118.37378120422363,80.70783669936927,-0.770653574893653,1.6216937808967786,0.9998465022837191,0.10989423211321991,1.3366476704493304,5772.171157360235,0.9883296321801237,23.40818452835083,1.3418566830619136,77.39893222744115,0.3055006172598704
2025-03-17 01:30:00,https://soho.nascom.nasa.gov/data/REPROCESSING/Completed/2025/hmiigr/20250317/20250317_0130_hmiigr_1024.jpg,4.2672304260821114,118.34593391418457,80.71857510929951,-0.7698962233605748,1.620347124913161,0.9998465431159272,0.1099168777873274,1.3393621623602059,5774.906512921148,0.9883143333355942,23.3882999420166,1.3415518928144365,76.53132900923953,0.3057883658088691
2025-03-17 03:00:00,https://soho.nascom.nasa.gov/data/REPROCESSING/Completed/2025/hmiigr/20250317/20250317_0300_hmiigr_1024.jpg,4.265811105922579,118.32732009887695,80.72753664188939,-0.7693402107978216,1.6194664346101828,0.9998465771791879,0.10991512755754229,1.3383599064644958,5776.974001308567,0.9884105205763838,23.392247200012207,1.3416645360851631,76.92664822165027,0.30604233693683247
2025-03-17 04:30:00,https://soho.nascom.nasa.gov/data/REPROCESSING/Completed/2025/hmiigr/20250317/20250317_0430_hmiigr_1024.jpg,4.262250901793433,118.31139183044434,80.73728877642382,-0.7688206250109051,1.6185335848190536,0.999846614234684,0.10998925154672179,1.3382497460031628,5779.2022561194535,0.9883146136646639,23.389816761016846,1.3418473323501314,76.67896655600157,0.3059157315579779
2025-03-17 06:00:00,https://soho.nascom.nasa.gov/data/REPROCESSING/Completed/2025/hmiigr/20250317/20250317_0600_hmiigr_1024.jpg,4.2602975524438325,118.29646301269531,80.7450353573841,-0.7683652708925872,1.6178043934542108,0.9998466436600483,0.11010699189500883,1.335041173896561,5780.962543488116,0.9883766726139188,23.380387783050537,1.3428851927152066,77.28719958454998,0.30609068991573884
2025-03-17 07:30:00,https://soho.nascom.nasa.gov/data/REPROCESSING/Completed/2025/hmiigr/20250317/20250317_0730_hmiigr_1024.jpg,4.260125717998886,118.287841796875,80.74531540664617,-0.7682191476278734,1.6174944140372987,0.9998466447236559,0.11003577565497835,1.3358209422804503,5781.2795943871015,0.9883165891014521,23.37682294845581,1.3418635450763998,76.469732971001,0.30595798283062864
2025-03-17 09:00:00,https://soho.nascom.nasa.gov/data/REPROCESSING/Completed/2025/hmiigr/20250317/20250317_0900_hmiigr_1024.jpg,4.2673277038266315,118.29258155822754,80.74830508584147,-0.7680604108272243,1.6176263035991687,0.9998466560775608,0.1098828172616777,1.3322289752837233,5781.589864807588,0.9883504529799986,23.400990962982178,1.3416242810350958,77.27209702191371,0.30570385423084545
2025-03-17 10:30:00,https://soho.nascom.nasa.gov/data/REPROCESSING/Completed/2025/hmiigr/20250317/20250317_1030_hmiigr_1024.jpg,4.281030496373801,118.30119895935059,80.74877451821621,-0.7679919479430478,1.6179515292771571,0.9998466578602097,0.1095181986438547,1.3354572717972568,5781.366522114486,0.9883382513012872,23.413345336914062,1.3421237996563011,76.79254886337876,0.30505362713795686
2025-03-17 12:00:00,https://soho.nascom.nasa.gov/data/REPROCESSING/Completed/2025/hmiigr/20250317/20250317_1200_hmiigr_1024.jpg,4.289513788153393,118.31506061553955,80.74238085158272,-0.7682842091284369,1.618690460326572,0.9998466335778696,0.10916798634389124,1.3347279605893725,5779.791218301289,0.9883403385168154,23.411605834960938,1.341676047157795,76.88351742559463,0.3054380975998624
2025-03-17 13:30:00,https://soho.nascom.nasa.gov/data/REPROCESSING/Completed/2025/hmiigr/20250317/20250317_1330_hmiigr_1024.jpg,4.292750876468891,118.33578968048096,80.73801474375522,-0.7686896852837306,1.6195212717515242,0.9998466169926283,0.1091557889340038,1.3354141229416403,5778.424837975005,0.9882990530236512,23.40731906890869,1.3419214503009165,76.31246294998974,0.3051580241338754
2025-03-17 15:00:00,https://soho.nascom.nasa.gov/data/REPROCESSING/Completed/2025/hmiigr/20250317/20250317_1500_hmiigr_1024.jpg,4.2832655764666105,118.35162830352783,80.72957894058358,-0.769370790894435,1.6202114005081971,0.9998465849404867,0.10935386312485207,1.3316527583724491,5776.602099649568,0.9883307836521045,23.413645267486572,1.3416695014052815,76.71277863367014,0.3053662114629995
2025-03-17 16:30:00,https://soho.nascom.nasa.gov/data/REPROCESSING/Completed/2025/hmiigr/20250317/20250317_1630_hmiigr_1024.jpg,4.26919396234494,118.36664867401123,80.7245153456726,-0.7699790014435476,1.6207566132825562,0.999846565696348,0.10974678949787631,1.3358508864206635,5775.391667778526,0.9883296878835897,23.40189027786255,1.3418487169022622,76.47994250209598,0.30529236638146834
2025-03-17 18:00:00,https://soho.nascom.nasa.gov/data/REPROCESSING/Completed/2025/hmiigr/20250317/20250317_1800_hmiigr_1024.jpg,4.268219097964415,118.3721923828125,80.72199822976103,-0.7701185582612072,1.6210479818026835,0.9998465561287284,0.109832927093521,1.3380199159175656,5774.771982267365,0.9883080761739812,23.386677742004395,1.3421855048607274,76.71866439372309,0.3060209384999663
2025-03-17 19:30:00,https://soho.nascom.nasa.gov/data/REPROCESSING/Completed/2025/hmiigr/20250317/20250317_1930_hmiigr_1024.jpg,4.265912306074754,118.37164497375488,80.72212591254188,-0.770148470306841,1.62101408437217,0.9998465566140754,0.10992673793589347,1.33096356479162,5774.820440165435,0.9883408153360284,23.39848566055298,1.341394551704676,76.33405726416437,0.3059731157987267
2025-03-17 21:00:00,https://soho.nascom.nasa.gov/data/REPROCESSING/Completed/2025/hmiigr/20250317/20250317_2100_hmiigr_1024.jpg,4.270467172228901,118.35599708557129,80.72623705636997,-0.7697085148636982,1.6204555009957504,0.9998465722400975,0.10980736823148618,1.3316566543292587,5775.906316019984,0.9883553196277155,23.39748477935791,1.3425365010891968,76.41225735501118,0.3057670297567284
2025-03-17 22:30:00,https://soho.nascom.nasa.gov/data/REPROCESSING/Completed/2025/hmiigr/20250317/20250317_2230_hmiigr_1024.jpg,4.271179937902917,118.34041118621826,80.7317703281589,-0.7692480898699166,1.6198750459303028,0.9998465932677095,0.10980311591629288,1.3321804515780828,5777.215572889777,0.9883355916252592,23.398019790649414,1.3417912041687996,76.26740678845194,0.3058613675710359
2025-03-18 00:00:00,https://soho.nascom.nasa.gov/data/REPROCESSING/Completed/2025/hmiigr/20250318/20250318_0000_hmiigr_1024.jpg,4.274534843126218,118.31385612487793,80.73973624911345,-0.7685153351721783,1.6188688274448713,0.9998466235323166,0.10971366381454573,1.3340915758782623,5779.253406098074,0.9883476907160076,23.405856132507324,1.3422101825748751,77.72241027195825,0.3054384926560119
2025-03-18 01:30:00,https://soho.nascom.nasa.gov/data/REPROCESSING/Completed/2025/hmiigr/20250318/20250318_0130_hmiigr_1024.jpg,4.272525939597939,118.28727626800537,80.74823751080665,-0.7678728304658786,1.6177327936435593,0.999846655820945,0.1098726554082532,1.3308845687788091,5781.485040083391,0.9883801831833112,23.402047634124756,1.3417089922265724,76.97325551150755,0.30562827269157933
2025-03-18 03:00:00,https://soho.nascom.nasa.gov/data/REPROCESSING/Completed/2025/hmiigr/20250318/20250318_0300_hmiigr_1024.jpg,4.273121150058111,118.26397895812988,80.75906261040143,-0.7671356147814705,1.6166530012755798,0.9998466969209837,0.10978928122676734,1.3366997589156562,5784.000681669591,0.9883920656880484,23.401158809661865,1.3420248894058118,77.41478187751567,0.30578871522737566
2025-03-18 04:30:00,https://soho.nascom.nasa.gov/data/REPROCESSING/Completed/2025/hmiigr/20250318/20250318_0430_hmiigr_1024.jpg,4.26807595075267,118.24096775054932,80.766447588631,-0.7666099340055279,1.615676970682932,0.9998467249503116,0.10993588420387823,1.3384287036545919,5785.93205175077,0.9883783690022171,23.4009051322937,1.340172331460312,77.18562135383162,0.3056747903967984
2025-03-18 06:00:00,https://soho.nascom.nasa.gov/data/REPROCESSING/Completed/2025/hmiigr/20250318/20250318_0600_hmiigr_1024.jpg,4.261126197629593,118.22430038452148,80.76721245016792,-0.766411119692518,1.6151481919029445,0.9998467278528672,0.1102687308939494,1.3313625153499393,5786.5151490986855,0.9883629311313084,23.391335487365723,1.3415520363668076,77.62774395470667,0.3058367767287205
2025-03-18 07:30:00,https://soho.nascom.nasa.gov/data/REPROCESSING/Completed/2025/hmiigr/20250318/20250318_0730_hmiigr_1024.jpg,4.264582667212563,118.21758365631104,80.76759965407621,-0.7662464998680358,1.614966469227621,0.9998467293222272,0.11004946420325723,1.3374053238443866,5786.733406501898,0.9883826553257573,23.386131763458252,1.3408904855646862,76.76418828376315,0.3059855168387609
2025-03-18 09:00:00,https://soho.nascom.nasa.gov/data/REPROCESSING/Completed/2025/hmiigr/20250318/20250318_0900_hmiigr_1024.jpg,4.273939649457422,118.2201099395752,80.76631545466033,-0.7661457611847428,1.615208379542027,0.999846724448871,0.10969174835372542,1.3330203688464268,5786.332715076241,0.9883197806022471,23.401782989501953,1.3420834027755562,77.54524638603532,0.3054287115251816
2025-03-18 10:30:00,https://soho.nascom.nasa.gov/data/REPROCESSING/Completed/2025/hmiigr/20250318/20250318_1030_hmiigr_1024.jpg,4.281841446304152,118.22725868225098,80.76270861880232,-0.7662940518249441,1.6155677336260519,0.999846710760193,0.1094927655049105,1.3307962717502897,5785.494153684522,0.9883602859840515,23.411235332489014,1.3419431267423916,77.0507476012358,0.3051127635083913
2025-03-18 12:00:00,https://soho.nascom.nasa.gov/data/REPROCESSING/Completed/2025/hmiigr/20250318/20250318_1200_hmiigr_1024.jpg,4.290474260371915,118.23928642272949,80.75766849211553,-0.7665265796645395,1.6162499208079697,0.9998466916288125,0.10926854952049325,1.3324436556780326,5784.161563926773,0.9883251770003718,23.41899013519287,1.3418751650749852,77.19369446174433,0.3045148763052987
2025-03-18 13:30:00,https://soho.nascom.nasa.gov/data/REPROCESSING/Completed/2025/hmiigr/20250318/20250318_1330_hmiigr_1024.jpg,4.2910707207719705,118.25648307800293,80.74928988996619,-0.7670724098194309,1.6170894608927942,0.9998466598172754,0.10916195015488483,1.336733526712505,5782.210686124206,0.9883026644165529,23.41151475906372,1.341471514749216,76.7245440700978,0.3049352368569119
2025-03-18 15:00:00,https://soho.nascom.nasa.gov/data/REPROCESSING/Completed/2025/hmiigr/20250318/20250318_1500_hmiigr_1024.jpg,4.283827310154267,118.2723560333252,80.74016766833991,-0.7677406712025827,1.6178667331967698,0.9998466251711349,0.10941916654701345,1.3324829088600973,5780.20987528903,0.9883297455351154,23.41753387451172,1.3419453016399672,77.10730615372007,0.30525250504203044
2025-03-18 16:30:00,https://soho.nascom.nasa.gov/data/REPROCESSING/Completed/2025/hmiigr/20250318/20250318_1630_hmiigr_1024.jpg,4.272788406229152,118.28777408599854,80.72970532884021,-0.7684996915298021,1.6186041443762345,0.9998465854207776,0.1096845186802966,1.33808565162335,5778.053683490728,0.9883609462664862,23.41169834136963,1.3412389508732396,76.80415292135164,0.30518769914562854
2025-03-18 18:00:00,https://soho.nascom.nasa.gov/data/REPROCESSING/Completed/2025/hmiigr/20250318/20250318_1800_hmiigr_1024.jpg,4.263911537879587,118.29268550872803,80.7247370889547,-0.7688720748431594,1.6189090006098643,0.9998465665391568,0.10992271540453658,1.3361465797068075,5777.070521784406,0.9882989190775984,23.40623378753662,1.341561055861776,77.03023711980481,0.30551609112795686
2025-03-18 19:30:00,https://soho.nascom.nasa.gov/data/REPROCESSING/Completed/2025/hmiigr/20250318/20250318_1930_hmiigr_1024.jpg,4.26630596297286,118.2921552658081,80.72803804588803,-0.7687121181488215,1.6188275087753203,0.999846579084716,0.10988449860815308,1.3356667469101198,5777.615706853173,0.9882743143819108,23.38997459411621,1.3415077714415824,76.67838841358795,0.30608452925754936
2025-03-18 21:00:00,https://soho.nascom.nasa.gov/data/REPROCESSING/Completed/2025/hmiigr/20250318/20250318_2100_hmiigr_1024.jpg,4.267265286150741,118.28158855438232,80.73147984280132,-0.7684461367204799,1.6183830450666963,0.9998465921639107,0.10988421216279676,1.3403483221826078,5778.505044520344,0.9883462424239735,23.393120765686035,1.3403747121454894,76.74635443182213,0.3059350374620093
2025-03-18 22:30:00,https://soho.nascom.nasa.gov/data/REPROCESSING/Completed/2025/hmiigr/20250318/20250318_2230_hmiigr_1024.jpg,4.274944929151394,118.26451301574707,80.74011983830985,-0.767742187877337,1.61768937200889,0.9998466249894458,0.10973740952977096,1.3455907269539753,5780.361453781539,0.9883411127217955,23.394822597503662,1.341737918480608,76.61184545627214,0.30560343178776
