date,url,entropy,mean_intensity,standard_deviation,skewness,kurtosis,relative_smoothness,uniformity,fractal_dimension,taruma_contrast,taruma_directionality,taruma_coarseness,taruma_linelikeness,taruma_regularity,taruma_roughness
2025-02-11 22:30:00,https://soho.nascom.nasa.gov/data/REPROCESSING/Completed/2025/hmimag/20250211/20250211_2230_hmimag_1024.jpg,5.344157319635172,87.2021598815918,60.90888770249063,-0.5320509199915286,1.7696284621367737,0.9997305230553725,0.09674385879770853,1.2929329084344336,3216.553754008284,0.9884439681527187,10.391616821289062,1.366064747674552,174.75217383059072,0.24538478029081207
2025-02-12 00:00:00,https://soho.nascom.nasa.gov/data/REPROCESSING/Completed/2025/hmimag/20250212/20250212_0000_hmimag_1024.jpg,5.342405728177658,87.22891426086426,60.932678053742976,-0.5316472863754962,1.7707703969342472,0.9997307333849992,0.0968330932482786,1.2911186069020413,3218.5478430803596,0.9884325506251325,10.450420379638672,1.3653885845557443,176.6759316475038,0.24536347858911436
2025-02-12 01:30:00,https://soho.nascom.nasa.gov/data/REPROCESSING/Completed/2025/hmimag/20250212/20250212_0130_hmimag_1024.jpg,5.344302584067101,87.22647953033447,60.97643585027437,-0.5290826788054452,1.770791150136922,0.9997311196036741,0.09688135823307675,1.295846484865894,3223.1627531815966,0.9884245148520328,10.442251205444336,1.3656497557817675,176.5074773726705,0.2454491926309789
2025-02-12 03:00:00,https://soho.nascom.nasa.gov/data/REPROCESSING/Completed/2025/hmimag/20250212/20250212_0300_hmimag_1024.jpg,5.344115446583002,87.24693202972412,61.04357401038765,-0.5259841449301816,1.7716034856694383,0.9997317105706228,0.09711773259368783,1.2960928953365256,3229.8940352532923,0.988479505835375,10.452875137329102,1.3652161896613246,176.44993093302685,0.24541698844622864
2025-02-12 04:30:00,https://soho.nascom.nasa.gov/data/REPROCESSING/Completed/2025/hmimag/20250212/20250212_0430_hmimag_1024.jpg,5.3470743248347405,87.1218729019165,61.014271649550665,-0.5213388108595373,1.7747728702732206,0.9997314528837071,0.09708565771325084,1.2970905120704963,3225.3523625622943,0.9884926866609661,10.408384323120117,1.3643751759798444,175.05900798191814,0.24586550242045027
2025-02-12 06:00:00,https://soho.nascom.nasa.gov/data/REPROCESSING/Completed/2025/hmimag/20250212/20250212_0600_hmimag_1024.jpg,5.347153244280277,87.12206649780273,61.060645661766536,-0.5183233180238261,1.775425190882224,0.9997318605289255,0.09730490498805011,1.2949070871083104,3229.9603426955437,0.988488889910733,10.370048522949219,1.362423363007313,174.93494163988822,0.24598626208055666
2025-02-12 07:30:00,https://soho.nascom.nasa.gov/data/REPROCESSING/Completed/2025/hmimag/20250212/20250212_0730_hmimag_1024.jpg,5.334242679507421,86.97412395477295,60.969938679405615,-0.5173936065444749,1.7797723866254986,0.9997310623103539,0.09744683242570318,1.2971894325814424,3218.4028220262644,0.988501812045431,10.156248092651367,1.3628636092536164,171.4129050402741,0.24721631395226693
2025-02-12 09:00:00,https://soho.nascom.nasa.gov/data/REPROCESSING/Completed/2025/hmimag/20250212/20250212_0900_hmimag_1024.jpg,5.323311552288032,87.00231170654297,60.98664880567417,-0.5178223473867478,1.782201523105094,0.9997312096265091,0.09766212161230214,1.3004166489812505,3219.0693777795973,0.9885185794321097,10.05020523071289,1.3621130637537928,170.22659214447395,0.24767906156365807
2025-02-12 10:30:00,https://soho.nascom.nasa.gov/data/REPROCESSING/Completed/2025/hmimag/20250212/20250212_1030_hmimag_1024.jpg,5.323473978768923,86.95466709136963,60.962748097488735,-0.5161037143764382,1.785510675616796,0.9997309988810511,0.09750617977624643,1.3073469952483963,3215.0553883598454,0.9884893848269174,10.024484634399414,1.3633032383633317,169.78466893925,0.2476764814034581
2025-02-12 12:00:00,https://soho.nascom.nasa.gov/data/REPROCESSING/Completed/2025/hmimag/20250212/20250212_1200_hmimag_1024.jpg,5.323997565680799,87.14419174194336,61.07401916479404,-0.5177411780805641,1.7844891154200189,0.9997319779146961,0.09748473206309427,1.3045045899080265,3227.264243492546,0.9885037859694311,10.04425048828125,1.365200581844818,169.72682906899996,0.24779517960389316
2025-02-12 13:30:00,https://soho.nascom.nasa.gov/data/REPROCESSING/Completed/2025/hmimag/20250212/20250212_1330_hmimag_1024.jpg,5.325716150048473,87.12448978424072,61.06174230722018,-0.5156014394012758,1.7887642658088063,0.9997318701576206,0.0974593817445566,1.303905827529943,3224.0376632413604,0.9884961544949852,10.061315536499023,1.3643643437900914,169.22480339759176,0.24734698736092636
2025-02-12 15:00:00,https://soho.nascom.nasa.gov/data/REPROCESSING/Completed/2025/hmimag/20250212/20250212_1500_hmimag_1024.jpg,5.33157430004928,87.16195392608643,61.086617210557925,-0.5139051153731494,1.7914353125807991,0.9997320884234114,0.09723348934858222,1.3046414412432428,3225.4615499055813,0.9884255596899244,10.065179824829102,1.3653312881533837,169.97599967655322,0.247579545440405
2025-02-12 16:30:00,https://soho.nascom.nasa.gov/data/REPROCESSING/Completed/2025/hmimag/20250212/20250212_1630_hmimag_1024.jpg,5.92775265583088,86.46412944793701,64.5819421968726,-0.2024775938190119,1.742539894274613,0.999760296882355,0.0925903677707538,1.3015297327014905,3630.166299528776,0.9884320074249465,19.766515731811523,1.366849763542484,485.9144134389978,0.2279906807827155
2025-02-13 07:30:00,https://soho.nascom.nasa.gov/data/REPROCESSING/Completed/2025/hmimag/20250213/20250213_0730_hmimag_1024.jpg,5.358448397266322,87.17345237731934,61.42984546952834,-0.4874057669618402,1.807023612576333,0.9997350730846778,0.09752190469407651,1.3033234000028493,3254.7518967347983,0.9885163856299329,10.249271392822266,1.3638719279922686,174.47811017003028,0.24715628717855667
2025-02-13 09:00:00,https://soho.nascom.nasa.gov/data/REPROCESSING/Completed/2025/hmimag/20250213/20250213_0900_hmimag_1024.jpg,5.349006262864231,87.1716079711914,61.42490993096647,-0.48730859619874506,1.8106615523250056,0.9997350305200875,0.09762125411361922,1.3026251174568297,3252.593102582599,0.9885081432939347,10.168476104736328,1.3642488661096146,173.876681636971,0.2476233389110868
2025-02-13 10:30:00,https://soho.nascom.nasa.gov/data/REPROCESSING/Completed/2025/hmimag/20250213/20250213_1030_hmimag_1024.jpg,5.347359142405114,87.19907188415527,61.45122933750196,-0.48668263131163475,1.8114345470167559,0.9997352573829256,0.09765478162626096,1.3097445603276312,3255.0337000753175,0.9884715998351845,10.159099578857422,1.3626290474614318,173.1326202540239,0.24772389146750826
2025-02-13 12:00:00,https://soho.nascom.nasa.gov/data/REPROCESSING/Completed/2025/hmimag/20250213/20250213_1200_hmimag_1024.jpg,5.347808853083798,87.33980560302734,61.53683668872817,-0.48704729963465127,1.8118529077878347,0.9997359932728945,0.09762200779914565,1.302536479602081,3263.920715508478,0.9884801001052038,10.115970611572266,1.3612429062883489,172.26378694211084,0.24772341145055138
2025-02-13 13:30:00,https://soho.nascom.nasa.gov/data/REPROCESSING/Completed/2025/hmimag/20250213/20250213_1330_hmimag_1024.jpg,5.350503972221615,87.295334815979,61.51067415831777,-0.48538068140040097,1.814606112522901,0.999735768702848,0.09747846687969286,1.315877714021982,3259.908283391706,0.9884416819457233,10.12169075012207,1.3629587302928716,171.7822342927136,0.24765509808844283
2025-02-13 15:00:00,https://soho.nascom.nasa.gov/data/REPROCESSING/Completed/2025/hmimag/20250213/20250213_1500_hmimag_1024.jpg,5.356306184119942,87.3355884552002,61.55798177475124,-0.48298661546428695,1.8165071314829073,0.9997361745658309,0.09738541720798821,1.3099332802362234,3264.070035604801,0.9884707257815114,10.1387939453125,1.3632669016792733,172.59399514776038,0.24763342584222878
2025-02-13 16:30:00,https://soho.nascom.nasa.gov/data/REPROCESSING/Completed/2025/hmimag/20250213/20250213_1630_hmimag_1024.jpg,5.3627224283687625,87.31584167480469,61.55903292185383,-0.4798438145922594,1.8204656158861199,0.9997361835732437,0.09728307123623381,1.3131461254839052,3262.4056227933697,0.9884679404883477,10.173572540283203,1.3647163335297356,172.9882063138112,0.24724123133109518
2025-02-13 18:00:00,https://soho.nascom.nasa.gov/data/REPROCESSING/Completed/2025/hmimag/20250213/20250213_1800_hmimag_1024.jpg,5.368770361073602,87.33415031433105,61.589410047328386,-0.4774046391789328,1.8231634859831924,0.9997364436795427,0.0971705757019663,1.3132207971487315,3264.4174040799535,0.9884810051738705,10.209209442138672,1.3635969142296596,174.5055258062584,0.24714899126123804
2025-02-13 19:30:00,https://soho.nascom.nasa.gov/data/REPROCESSING/Completed/2025/hmimag/20250213/20250213_1930_hmimag_1024.jpg,5.3811035295743785,87.41498851776123,61.67813566446364,-0.4742226000914604,1.8233275512558806,0.9997372012003926,0.09705254551045073,1.3162903513586917,3273.755960712536,0.988464697441058,10.351449966430664,1.3626301363171096,177.15865637368304,0.24641529750704436
2025-02-13 21:00:00,https://soho.nascom.nasa.gov/data/REPROCESSING/Completed/2025/hmimag/20250213/20250213_2100_hmimag_1024.jpg,5.388996563096684,87.57285785675049,61.79928794714756,-0.4741456800160297,1.8203155074346389,0.9997382303106225,0.09696780696140195,1.3107159203545684,3287.9883880783377,0.988445558615859,10.502096176147461,1.364429352392638,179.70769285010132,0.24572410328230812
2025-02-13 22:30:00,https://soho.nascom.nasa.gov/data/REPROCESSING/Completed/2025/hmimag/20250213/20250213_2230_hmimag_1024.jpg,5.387008721069379,87.60048961639404,61.825731990787936,-0.4741572256306136,1.8196728255564438,0.9997384541319467,0.09701969911839115,1.3102840711002677,3291.093391634426,0.9884463141129854,10.525327682495117,1.3645850376370927,180.29078740155552,0.24558970093698898
2025-02-14 00:00:00,https://soho.nascom.nasa.gov/data/REPROCESSING/Completed/2025/hmimag/20250214/20250214_0000_hmimag_1024.jpg,5.385040555242722,87.67333030700684,61.89580869718088,-0.4736307705772559,1.8190897434654272,0.9997390458720945,0.09725083586999972,1.3070643669028827,3298.8225287108685,0.9885192353242505,10.594581604003906,1.3631767509919903,183.01238922176026,0.24540429245917614
2025-02-14 01:30:00,https://soho.nascom.nasa.gov/data/REPROCESSING/Completed/2025/hmimag/20250214/20250214_0130_hmimag_1024.jpg,5.38815973078569,87.70417594909668,61.960806218898945,-0.4713256631237426,1.8187942442640075,0.9997395929295574,0.0972249217229546,1.3071756650436257,3305.8886948100776,0.988555601663526,10.63607406616211,1.3643389439325913,182.79405697090456,0.24546596580522947
2025-02-14 03:00:00,https://soho.nascom.nasa.gov/data/REPROCESSING/Completed/2025/hmimag/20250214/20250214_0300_hmimag_1024.jpg,5.393828687017392,87.68350982666016,62.019224157523624,-0.4663161558477215,1.8200636056148172,0.9997400831429648,0.09722583312213828,1.3082869299020092,3311.547712444307,0.9884856599809019,10.676898956298828,1.3633392028465736,183.86833137831096,0.24521464766156145
2025-02-14 04:30:00,https://soho.nascom.nasa.gov/data/REPROCESSING/Completed/2025/hmimag/20250214/20250214_0430_hmimag_1024.jpg,5.395442049208155,87.64731884002686,62.056747453602604,-0.4618618527815455,1.8229270535515771,0.9997403972895436,0.09727239257517795,1.3101815735897393,3314.253291397609,0.9884876435561274,10.614778518676758,1.363722852502366,182.21891262237276,0.2457177229819718
2025-02-14 06:00:00,https://soho.nascom.nasa.gov/data/REPROCESSING/Completed/2025/hmimag/20250214/20250214_0600_hmimag_1024.jpg,5.393708078502016,87.42117977142334,61.965734900635724,-0.4557788099957307,1.8294107062983394,0.9997396343420695,0.097401487042589,1.3162629064352656,3301.607217875005,0.9885337492760801,10.522222518920898,1.3629161226464033,182.16070152793472,0.24612809376950634
2025-02-14 07:30:00,https://soho.nascom.nasa.gov/data/REPROCESSING/Completed/2025/hmimag/20250214/20250214_0730_hmimag_1024.jpg,5.383621279279946,87.36724090576172,61.951690456119096,-0.45399444203948147,1.8338585316341345,0.9997395163096839,0.09760370508593041,1.3188548803755193,3298.107940538487,0.9885501406979598,10.364776611328125,1.362688880610518,178.79727502840763,0.24698881184648147
2025-02-14 09:00:00,https://soho.nascom.nasa.gov/data/REPROCESSING/Completed/2025/hmimag/20250214/20250214_0900_hmimag_1024.jpg,5.377551798657425,87.38214874267578,61.970793939282885,-0.4529244987893875,1.8367729560350543,0.9997396768396136,0.09767266508424655,1.3174066841883538,3298.832398539035,0.9885647505284256,10.27853775024414,1.3630242089704516,177.78894541513745,0.2477008815809451
2025-02-14 10:30:00,https://soho.nascom.nasa.gov/data/REPROCESSING/Completed/2025/hmimag/20250214/20250214_1030_hmimag_1024.jpg,5.374945251536514,87.4558572769165,62.022036825876256,-0.45289408621123667,1.8378243476207454,0.9997401067105026,0.0976873791005346,1.315681021768077,3303.8174968310177,0.9885359765117233,10.233087539672852,1.3615382896341859,176.13278536594268,0.2477167705553731
2025-02-14 12:00:00,https://soho.nascom.nasa.gov/data/REPROCESSING/Completed/2025/hmimag/20250214/20250214_1200_hmimag_1024.jpg,5.374782171645346,87.47333145141602,62.03470850791949,-0.4520826210198182,1.8399795356181758,0.9997402128476438,0.09771452405220771,1.3147695561561272,3304.199366263733,0.98851351755831,10.25198745727539,1.3624734447241076,176.732535921385,0.247787510504885
2025-02-14 13:30:00,https://soho.nascom.nasa.gov/data/REPROCESSING/Completed/2025/hmimag/20250214/20250214_1330_hmimag_1024.jpg,5.378465886680438,87.51062774658203,62.052592517726424,-0.4507147301038726,1.8427670104978344,0.9997403625322958,0.09761071736647864,1.3136725466669925,3304.853818006528,0.9885191956967435,10.223381042480469,1.3633156111541926,176.1954695255482,0.247689002615774
2025-02-14 15:00:00,https://soho.nascom.nasa.gov/data/REPROCESSING/Completed/2025/hmimag/20250214/20250214_1500_hmimag_1024.jpg,5.385661415589473,87.61979293823242,62.13192291808219,-0.4487738633233441,1.8451488058973957,0.9997410249506881,0.09748083815429709,1.3212823043064066,3312.2395641432245,0.9885092403027708,10.336589813232422,1.3638441617890058,178.17850623765347,0.24699848327536666
2025-02-14 16:30:00,https://soho.nascom.nasa.gov/data/REPROCESSING/Completed/2025/hmimag/20250214/20250214_1630_hmimag_1024.jpg,5.391124439460723,87.63173389434814,62.163835550378664,-0.4461768179788653,1.846722661600689,0.9997412907102413,0.09737063575994398,1.3140600490109982,3314.936290286648,0.9884893123967726,10.319524765014648,1.3629313198843713,178.80019801723503,0.24739773672045692
2025-02-14 18:00:00,https://soho.nascom.nasa.gov/data/REPROCESSING/Completed/2025/hmimag/20250214/20250214_1800_hmimag_1024.jpg,5.396560807079425,87.5908432006836,62.146943303357695,-0.4439538629643325,1.8495448796010168,0.999741150087274,0.09726796351242228,1.321287926569337,3311.870349006605,0.9884837228442888,10.35873794555664,1.3648744254369485,179.5451827841813,0.24708917099700986
2025-02-14 19:30:00,https://soho.nascom.nasa.gov/data/REPROCESSING/Completed/2025/hmimag/20250214/20250214_1930_hmimag_1024.jpg,5.409127950591465,87.62502098083496,62.18977490198313,-0.4420942087288933,1.8486040843821059,0.9997415064247182,0.09701425555249443,1.3138605889090649,3316.858867658404,0.988468786619456,10.504684448242188,1.3643871405435333,181.35174349258807,0.246270586685775
2025-02-14 21:00:00,https://soho.nascom.nasa.gov/data/REPROCESSING/Completed/2025/hmimag/20250214/20250214_2100_hmimag_1024.jpg,5.412457302120815,87.75525665283203,62.27755002823714,-0.44306415736366045,1.845355016119068,0.9997422343747557,0.09709241730706708,1.3168390725526737,3327.6914903839424,0.9885244198160267,10.594017028808594,1.3649825431578324,182.9617746766089,0.2456000046228773
2025-02-14 22:30:00,https://soho.nascom.nasa.gov/data/REPROCESSING/Completed/2025/hmimag/20250214/20250214_2230_hmimag_1024.jpg,5.41065295637985,87.83380794525146,62.332691418708606,-0.44424665965821847,1.84293419615253,0.9997426901103297,0.09714368337154156,1.3102515226079516,3334.6810505167514,0.9884948841848771,10.623041152954102,1.3629318603952572,182.72514618265544,0.24566454412042535
2025-02-15 00:00:00,https://soho.nascom.nasa.gov/data/REPROCESSING/Completed/2025/hmimag/20250215/20250215_0000_hmimag_1024.jpg,5.408966829391097,87.83741664886475,62.344262797435334,-0.44448346650000403,1.8423299501018187,0.9997427855926715,0.09717581855511526,1.3120270200541437,3336.192753634948,0.9884916925625876,10.697198867797852,1.3636875998880906,184.91116813266433,0.24538515389098833
2025-02-15 01:30:00,https://soho.nascom.nasa.gov/data/REPROCESSING/Completed/2025/hmimag/20250215/20250215_0130_hmimag_1024.jpg,5.409518293586684,87.8646125793457,62.39587479505987,-0.44327642073086904,1.8409507982910462,0.999743210827557,0.09726289790160081,1.3160825975206145,3342.344494497443,0.9884433378234627,10.688652038574219,1.36363640235252,183.81945690414517,0.24554902961853456
2025-02-15 03:00:00,https://soho.nascom.nasa.gov/data/REPROCESSING/Completed/2025/hmimag/20250215/20250215_0300_hmimag_1024.jpg,5.4107016137166,87.87026500701904,62.448986552857654,-0.4401152855968039,1.8425936384629553,0.9997436473191844,0.09729305527071119,1.3113150099759001,3347.290445490261,0.9884851084148273,10.648775100708008,1.3635366947703784,184.0458067876759,0.24555515506653133
2025-02-15 04:30:00,https://soho.nascom.nasa.gov/data/REPROCESSING/Completed/2025/hmimag/20250215/20250215_0430_hmimag_1024.jpg,5.411536740203177,87.76715469360352,62.44554061530224,-0.4348532347829701,1.8464264084356437,0.9997436190329944,0.09750518968212418,1.3130594239893056,3345.1828291380575,0.9885448699723303,10.630535125732422,1.361988415560702,183.834546843329,0.2457577315522754
2025-02-15 06:00:00,https://soho.nascom.nasa.gov/data/REPROCESSING/Completed/2025/hmimag/20250215/20250215_0600_hmimag_1024.jpg,5.4123369387895295,87.6353235244751,62.41292260130507,-0.4293624489269903,1.8522330090606243,0.9997433510539917,0.09751820444580517,1.317579484838923,3339.0670079928723,0.9885871036825689,10.543329238891602,1.362232091060995,182.820608913001,0.24620112676912154
2025-02-15 07:30:00,https://soho.nascom.nasa.gov/data/REPROCESSING/Completed/2025/hmimag/20250215/20250215_0730_hmimag_1024.jpg,5.4033673504509245,87.55088901519775,62.38220722484347,-0.42709554618624535,1.8570815428306553,0.999743098322183,0.09764930707024178,1.317344080175003,3333.601866654128,0.9885594856268997,10.378843307495117,1.3629873074417471,179.47913381176278,0.24700257414650725
2025-02-15 09:00:00,https://soho.nascom.nasa.gov/data/REPROCESSING/Completed/2025/hmimag/20250215/20250215_0900_hmimag_1024.jpg,5.392190780176502,87.49634742736816,62.348221682160904,-0.4263064120627235,1.8617471612266314,0.9997428182475879,0.09785260652461147,1.3247721235093912,3327.882367989512,0.9885806053690023,10.288932800292969,1.3617328509549402,178.94905499160373,0.247654139331816
2025-02-15 10:30:00,https://soho.nascom.nasa.gov/data/REPROCESSING/Completed/2025/hmimag/20250215/20250215_1030_hmimag_1024.jpg,5.389543800168945,87.5595006942749,62.39243398436275,-0.4262265259416087,1.8623713142256293,0.9997431825112912,0.09791436027262534,1.3279197762124018,3332.3245136079067,0.9885670492355965,10.256719589233398,1.3634580004657908,177.9625712446761,0.24777543026727747
2025-02-15 12:00:00,https://soho.nascom.nasa.gov/data/REPROCESSING/Completed/2025/hmimag/20250215/20250215_1200_hmimag_1024.jpg,5.390225299252477,87.5651159286499,62.39860714762051,-0.4249712649227855,1.8653961068207967,0.9997432333102075,0.09787884629986365,1.3238635854459557,3331.6319982450887,0.9885483446264156,10.248651504516602,1.3626279903904819,178.2414593605875,0.24784016840386114
2025-02-15 13:30:00,https://soho.nascom.nasa.gov/data/REPROCESSING/Completed/2025/hmimag/20250215/20250215_1330_hmimag_1024.jpg,5.396079996703718,87.67391395568848,62.47374423104244,-0.4245632748209893,1.8648042873196262,0.9997438504065551,0.09763813048084558,1.3245610974390727,3339.9253165204514,0.9884791927134586,10.259769439697266,1.3621032973777214,177.75921175113513,0.24779583410597728
2025-02-15 15:00:00,https://soho.nascom.nasa.gov/data/REPROCESSING/Completed/2025/hmimag/20250215/20250215_1500_hmimag_1024.jpg,5.397463446307876,87.64114475250244,62.46394836105029,-0.4223749133074487,1.8684519839584968,0.9997437700798403,0.09760555679349636,1.3211904463804798,3337.2472189133287,0.9884810577468993,10.288614273071289,1.3634878208821863,178.89421980631894,0.24774456689118485
2025-02-15 16:30:00,https://soho.nascom.nasa.gov/data/REPROCESSING/Completed/2025/hmimag/20250215/20250215_1630_hmimag_1024.jpg,5.404313593360719,87.61736488342285,62.451439359196584,-0.4204265556104265,1.8705226826261423,0.9997436674503444,0.09749142621330975,1.3240887786760618,3334.9871113319023,0.9884833287689213,10.345458984375,1.3640402030594827,180.0855904955269,0.2472441299170894
2025-02-15 18:00:00,https://soho.nascom.nasa.gov/data/REPROCESSING/Completed/2025/hmimag/20250215/20250215_1800_hmimag_1024.jpg,5.4081800532802005,87.60709285736084,62.43721666554405,-0.4204466489448401,1.8694794817336684,0.9997435506860265,0.09744540151223191,1.3247896658058274,3333.9331995834027,0.9884836855875685,10.374567031860352,1.3638444456641563,180.48737204299425,0.24703207673948982
2025-02-15 19:30:00,https://soho.nascom.nasa.gov/data/REPROCESSING/Completed/2025/hmimag/20250215/20250215_1930_hmimag_1024.jpg,5.419061704854997,87.62309169769287,62.45821255048811,-0.41941232834629916,1.8676204630304765,0.9997437230283145,0.09729055331081327,1.3228823914214582,3337.0056859065894,0.9885114862702584,10.509183883666992,1.3633081906161868,182.20284410783506,0.24638734440385315
2025-02-15 21:00:00,https://soho.nascom.nasa.gov/data/REPROCESSING/Completed/2025/hmimag/20250215/20250215_2100_hmimag_1024.jpg,5.426810401479516,87.78117561340332,62.55934712752548,-0.42151642302207404,1.8610742162099696,0.9997445507510672,0.0971652156476921,1.3218337063971655,3350.7613120550136,0.9885103558743606,10.616878509521484,1.3635267378852227,183.93288581994176,0.24594959870203995
2025-02-15 22:30:00,https://soho.nascom.nasa.gov/data/REPROCESSING/Completed/2025/hmimag/20250215/20250215_2230_hmimag_1024.jpg,5.420859617346592,87.85029029846191,62.590781742982315,-0.4247028758710675,1.8575173820999296,0.9997448072068453,0.09725813066324918,1.318483472702433,3355.7340142998614,0.9884767782846514,10.628547668457031,1.3644828631588681,183.50874127766494,0.2457954530661553
2025-02-16 00:00:00,https://soho.nascom.nasa.gov/data/REPROCESSING/Completed/2025/hmimag/20250216/20250216_0000_hmimag_1024.jpg,5.423301696796425,87.91356658935547,62.639839442370764,-0.4257171331607576,1.8538557885341151,0.9997452066676539,0.09724248094426002,1.3157169720274962,3362.6547896876227,0.9884515103977038,10.70437240600586,1.3629739391574063,186.6207837507667,0.24544542517027162
2025-02-16 01:30:00,https://soho.nascom.nasa.gov/data/REPROCESSING/Completed/2025/hmimag/20250216/20250216_0130_hmimag_1024.jpg,5.423524299589023,87.85702323913574,62.63648050604132,-0.42352723439717227,1.8545881600777292,0.999745179346852,0.09740664653872955,1.3151301342829484,3361.962178810311,0.9885095054741171,10.720939636230469,1.3630220145411738,186.25893275838789,0.2456508709748146
2025-02-16 03:00:00,https://soho.nascom.nasa.gov/data/REPROCESSING/Completed/2025/hmimag/20250216/20250216_0300_hmimag_1024.jpg,5.4254659982802655,87.86568260192871,62.67923858203399,-0.4219100888292909,1.8536111824535233,0.9997455268032998,0.09744257619058772,1.3141359380179474,3366.99726776786,0.9885566244516877,10.70721435546875,1.361828290266267,185.79150740634478,0.24545657941408047
2025-02-16 04:30:00,https://soho.nascom.nasa.gov/data/REPROCESSING/Completed/2025/hmimag/20250216/20250216_0430_hmimag_1024.jpg,5.426026752594737,87.7849702835083,62.67767840601383,-0.41760128625376663,1.8574452065870009,0.9997455141376461,0.09751253750073374,1.3201180079132129,3365.0909039621006,0.9885154865526192,10.659696578979492,1.362088384135239,184.94525655509085,0.24591178321536442
2025-02-16 06:00:00,https://soho.nascom.nasa.gov/data/REPROCESSING/Completed/2025/hmimag/20250216/20250216_0600_hmimag_1024.jpg,5.425559156085384,87.74625015258789,62.70063482306618,-0.41408230201945795,1.8598346940494495,0.9997457004046199,0.09759847377972619,1.320992025530845,3366.474193611916,0.9885397830714355,10.562713623046875,1.3614218993635878,184.79699956164123,0.24640281240258582
2025-02-16 07:30:00,https://soho.nascom.nasa.gov/data/REPROCESSING/Completed/2025/hmimag/20250216/20250216_0730_hmimag_1024.jpg,5.4162385567620035,87.61592674255371,62.639309466011746,-0.41102356034176235,1.8663921835185349,0.9997452023572422,0.09767946757710888,1.3227569557304695,3356.9370405033887,0.9885726779745936,10.383712768554688,1.3624358409925696,181.30174515326758,0.24711150779468297
2025-02-16 09:00:00,https://soho.nascom.nasa.gov/data/REPROCESSING/Completed/2025/hmimag/20250216/20250216_0900_hmimag_1024.jpg,5.407575568068627,87.57382106781006,62.62934549550188,-0.40848392978157355,1.8725220564351137,0.9997451212977645,0.09787182232321356,1.3252803942746894,3353.1193419633228,0.9885441537736283,10.30082893371582,1.363231578704153,180.57774474130315,0.24762655265814218
2025-02-16 10:30:00,https://soho.nascom.nasa.gov/data/REPROCESSING/Completed/2025/hmimag/20250216/20250216_1030_hmimag_1024.jpg,5.405048264777963,87.69762706756592,62.7072153196831,-0.40942428089476474,1.8720396482374313,0.9997457537606612,0.0979160712849989,1.3244362841152162,3361.6792214813768,0.9885483785699326,10.277055740356445,1.362868771010196,178.85134545868866,0.2476726366333821
2025-02-16 12:00:00,https://soho.nascom.nasa.gov/data/REPROCESSING/Completed/2025/hmimag/20250216/20250216_1200_hmimag_1024.jpg,5.408153581471796,87.70542430877686,62.71048210314295,-0.409037005170975,1.8723766124556105,0.9997457802421873,0.09780568719361327,1.3269234318887166,3361.8782164404474,0.9885493378874822,10.300989151000977,1.362671099645546,179.28265102724134,0.24784336301302456
2025-02-16 13:30:00,https://soho.nascom.nasa.gov/data/REPROCESSING/Completed/2025/hmimag/20250216/20250216_1330_hmimag_1024.jpg,5.409340127726013,87.72763347625732,62.724572610884636,-0.40868457661837204,1.8727563026450755,0.9997458944166758,0.09778011989146762,1.3267598395341875,3363.218666856,0.988501685963779,10.300962448120117,1.361716829143669,179.18781147020744,0.2475272305642521
2025-02-16 15:00:00,https://soho.nascom.nasa.gov/data/REPROCESSING/Completed/2025/hmimag/20250216/20250216_1500_hmimag_1024.jpg,5.413053855436718,87.74055004119873,62.7436068409654,-0.4071205637149393,1.873764987224318,0.9997460485277522,0.09774295118040754,1.3270208222154591,3364.807175238929,0.9885295383043503,10.332147598266602,1.363241771311065,180.36538958101903,0.24757441077001177
2025-02-16 16:30:00,https://soho.nascom.nasa.gov/data/REPROCESSING/Completed/2025/hmimag/20250216/20250216_1630_hmimag_1024.jpg,5.419110745284459,87.62531757354736,62.67925075548968,-0.4041577073877985,1.8776744785093324,0.9997455269021213,0.09753827502572676,1.3289994943808012,3356.1589182984285,0.9885046172605398,10.41004753112793,1.3639322471922046,181.9367922232764,0.24732724146357357
2025-02-16 18:00:00,https://soho.nascom.nasa.gov/data/REPROCESSING/Completed/2025/hmimag/20250216/20250216_1800_hmimag_1024.jpg,5.420804583956378,87.63195514678955,62.66834482881006,-0.4048946942287613,1.877789633771756,0.9997454383470493,0.0974266479297512,1.327846156425989,3354.9396674537097,0.9884725371132811,10.402021408081055,1.3631918885441954,181.641902911482,0.24720456003871397
2025-02-16 19:30:00,https://soho.nascom.nasa.gov/data/REPROCESSING/Completed/2025/hmimag/20250216/20250216_1930_hmimag_1024.jpg,5.4310664587201956,87.73714542388916,62.73455550747657,-0.4068110135152728,1.8711087529261543,0.9997459752609115,0.09733852797944564,1.3276721016081934,3365.029631726259,0.9884761370596863,10.546136856079102,1.3632238005392407,183.69959832196966,0.24624900999926896
2025-02-16 21:00:00,https://soho.nascom.nasa.gov/data/REPROCESSING/Completed/2025/hmimag/20250216/20250216_2100_hmimag_1024.jpg,5.436974993790135,87.8135814666748,62.78153785820808,-0.40856707553234756,1.8658704768924146,0.9997463552193553,0.09727985240533599,1.3282361542639443,3372.434520723808,0.9885181680969909,10.65488052368164,1.3631496139650625,185.85092400669203,0.2457727114697881
2025-02-16 22:30:00,https://soho.nascom.nasa.gov/data/REPROCESSING/Completed/2025/hmimag/20250216/20250216_2230_hmimag_1024.jpg,5.433669102812515,87.98723697662354,62.86993424344691,-0.41262749004831767,1.8608230624067827,0.9997470677969188,0.09742425647164055,1.3217633396041144,3384.228996622184,0.9884873098207304,10.685323715209961,1.3627984812319909,186.58127960367918,0.24572665118892356
2025-02-17 00:00:00,https://soho.nascom.nasa.gov/data/REPROCESSING/Completed/2025/hmimag/20250217/20250217_0000_hmimag_1024.jpg,5.433859650210869,87.90660381317139,62.820865711166725,-0.41252738369419906,1.8604080253212483,0.9997466726188647,0.0974080397245416,1.318065257576918,3379.1368689257147,0.9885241948964858,10.729654312133789,1.3633574121427143,187.6869311745644,0.24564764648075726
2025-02-17 01:30:00,https://soho.nascom.nasa.gov/data/REPROCESSING/Completed/2025/hmimag/20250217/20250217_0130_hmimag_1024.jpg,5.434045737072655,87.90091609954834,62.82359114682744,-0.41291749370360004,1.858556132037131,0.9997466945926998,0.09744764297283837,1.3207330328895566,3380.2715922397765,0.9884981558135243,10.747991561889648,1.3652797083662216,187.46322019352172,0.24545660942515168
2025-02-17 03:00:00,https://soho.nascom.nasa.gov/data/REPROCESSING/Completed/2025/hmimag/20250217/20250217_0300_hmimag_1024.jpg,5.4345500889330625,87.96713352203369,62.904882230050106,-0.4120563303774581,1.856437361188366,0.9997473486903179,0.09752233965446067,1.3210894283360888,3389.991678931282,0.9885484795981919,10.720392227172852,1.362375197064668,187.04348450806253,0.2456349382475713
2025-02-17 04:30:00,https://soho.nascom.nasa.gov/data/REPROCESSING/Completed/2025/hmimag/20250217/20250217_0430_hmimag_1024.jpg,5.4378583748468845,87.88500881195068,62.9146635240805,-0.40759810563708854,1.8581081310503986,0.9997474272233778,0.09757965131757373,1.324597602578122,3390.2834579395535,0.9885105486188106,10.657670974731445,1.3626627017515374,186.38679751558843,0.24575342089643307
2025-02-17 06:00:00,https://soho.nascom.nasa.gov/data/REPROCESSING/Completed/2025/hmimag/20250217/20250217_0600_hmimag_1024.jpg,5.433393135254245,87.83109092712402,62.9286067997318,-0.4038012944443062,1.862106590543293,0.9997475391093031,0.09779475723189535,1.3272299116726316,3389.964102917439,0.9886097538022245,10.595413208007812,1.3615105810861636,185.93368684049688,0.24636799655342592
2025-02-17 07:30:00,https://soho.nascom.nasa.gov/data/REPROCESSING/Completed/2025/hmimag/20250217/20250217_0730_hmimag_1024.jpg,5.420860191328156,87.73183536529541,62.871685627199966,-0.40192393819654565,1.869360601211137,0.9997470818847595,0.09797420647919353,1.3297588000977576,3380.5466788987446,0.9885349853239226,10.427984237670898,1.3617901562061623,182.4884399005924,0.24738841081890764
2025-02-17 09:00:00,https://soho.nascom.nasa.gov/data/REPROCESSING/Completed/2025/hmimag/20250217/20250217_0900_hmimag_1024.jpg,5.412815180388963,87.64227199554443,62.82053553438354,-0.4003871771041881,1.8740230529161324,0.9997466699566191,0.09814837627163797,1.3328168985805735,3372.947150882149,0.9885756260837024,10.382001876831055,1.3627390242787247,182.3346670810601,0.24773175291386168
2025-02-17 10:30:00,https://soho.nascom.nasa.gov/data/REPROCESSING/Completed/2025/hmimag/20250217/20250217_1030_hmimag_1024.jpg,5.41241487023918,87.75190448760986,62.88062558268753,-0.40166524828190464,1.8732387482123622,0.9997471537779467,0.09801868931026547,1.336004150485446,3379.756596080006,0.9885338109724194,10.34404182434082,1.3638283025871434,180.57766297276777,0.24794692552710415
2025-02-17 12:00:00,https://soho.nascom.nasa.gov/data/REPROCESSING/Completed/2025/hmimag/20250217/20250217_1200_hmimag_1024.jpg,5.412408504567389,87.81639671325684,62.89800882211093,-0.40330914552552954,1.8722019138394752,0.99974729348248,0.09795232008582389,1.3351071565839148,3382.0936029161,0.988506861457334,10.365119934082031,1.3633977710731284,180.60906854876183,0.2477286457354639
2025-02-17 13:30:00,https://soho.nascom.nasa.gov/data/REPROCESSING/Completed/2025/hmimag/20250217/20250217_1330_hmimag_1024.jpg,5.412310965762568,87.84120559692383,62.88988933980468,-0.40401317948435556,1.873777890989132,0.9997472282427446,0.0979178106681502,1.3308128409827908,3380.5092881054306,0.9885120973080149,10.309722900390625,1.361878520976354,179.73976086953726,0.24770570134888695
2025-02-17 15:00:00,https://soho.nascom.nasa.gov/data/REPROCESSING/Completed/2025/hmimag/20250217/20250217_1500_hmimag_1024.jpg,5.41504519841805,87.83362102508545,62.87523055258173,-0.40344279994144283,1.8750136084344093,0.9997471103959501,0.09784190400205262,1.3341133770162257,3378.3767147292915,0.9885743473962015,10.34126091003418,1.3632345878702463,180.83386426175883,0.2474713094636599
2025-02-17 16:30:00,https://soho.nascom.nasa.gov/data/REPROCESSING/Completed/2025/hmimag/20250217/20250217_1630_hmimag_1024.jpg,5.423187784577186,87.72289180755615,62.810128723854625,-0.4011697971515064,1.8765549004806947,0.9997465860240408,0.09771678491961211,1.3319410147545478,3370.6918289187806,0.9885056110730882,10.444940567016602,1.3623726982928062,182.15489580371488,0.2471095327661745
2025-02-17 18:00:00,https://soho.nascom.nasa.gov/data/REPROCESSING/Completed/2025/hmimag/20250217/20250217_1800_hmimag_1024.jpg,5.426471692508708,87.74811267852783,62.806589330659385,-0.4035024734987322,1.872630689235595,0.999746557468768,0.09766143166780239,1.327462141886861,3372.0762455698023,0.9885070055586678,10.46058464050293,1.363682816745625,182.57225381672646,0.24698661548196693
2025-02-17 19:30:00,https://soho.nascom.nasa.gov/data/REPROCESSING/Completed/2025/hmimag/20250217/20250217_1930_hmimag_1024.jpg,5.433763461080625,87.86047077178955,62.864824104069136,-0.40580998598785795,1.8672456503597257,0.9997470266850768,0.09756730248045642,1.3262635812218524,3380.765480610791,0.9885621398275488,10.540872573852539,1.3621651577347071,183.80160775200895,0.24650303557422276
2025-02-17 21:00:00,https://soho.nascom.nasa.gov/data/REPROCESSING/Completed/2025/hmimag/20250217/20250217_2100_hmimag_1024.jpg,5.439827608805046,87.94000053405762,62.902082258318366,-0.40865639946903926,1.86083277831021,0.999747326202874,0.0974401818602928,1.3256420850966808,3387.686453846011,0.9884990541929563,10.651679992675781,1.3625168024274839,185.52441426291628,0.24580434917617167
2025-02-17 22:30:00,https://soho.nascom.nasa.gov/data/REPROCESSING/Completed/2025/hmimag/20250217/20250217_2230_hmimag_1024.jpg,5.43465856612233,87.97121715545654,62.881104328861255,-0.4125636994737152,1.8582254093496144,0.9997471576270551,0.0974814613982744,1.3271355480202216,3386.6141757943224,0.9885299948505114,10.665365219116211,1.36333883133721,186.20083905289778,0.24577074037913446
2025-02-18 00:00:00,https://soho.nascom.nasa.gov/data/REPROCESSING/Completed/2025/hmimag/20250218/20250218_0000_hmimag_1024.jpg,5.434604918107367,87.92109870910645,62.854267108585695,-0.4127471842803346,1.8568307750215802,0.9997469417207088,0.09754510545099038,1.3235923044386884,3384.3592113334435,0.9885186993668101,10.736251831054688,1.3620993900107625,188.4198711438513,0.2456551374639776
2025-02-18 01:30:00,https://soho.nascom.nasa.gov/data/REPROCESSING/Completed/2025/hmimag/20250218/20250218_0130_hmimag_1024.jpg,5.4315686639983545,88.00755882263184,62.9116175604918,-0.4151164572646645,1.8525823049032846,0.9997474027715579,0.0976176765634591,1.3240302129547534,3392.4802313137525,0.988536352412484,10.69180679321289,1.3626071660419905,187.10423736356668,0.2456115072840476
2025-02-18 03:00:00,https://soho.nascom.nasa.gov/data/REPROCESSING/Completed/2025/hmimag/20250218/20250218_0300_hmimag_1024.jpg,5.4318152547145075,87.99976634979248,62.947816103250275,-0.41337874190261736,1.8516921807574909,0.9997476931300402,0.09776112983490748,1.3243785101824983,3396.793428476028,0.9885526271636869,10.718141555786133,1.3627326885154887,187.59598049596548,0.2457482225506591
2025-02-18 04:30:00,https://soho.nascom.nasa.gov/data/REPROCESSING/Completed/2025/hmimag/20250218/20250218_0430_hmimag_1024.jpg,5.431546026083788,87.93151760101318,62.955173706950966,-0.40985524561089887,1.853612591822926,0.9997477520861874,0.09795710635989963,1.3256938727387022,3396.707189067113,0.9886408696704003,10.66279411315918,1.3617501411652086,186.6240732014567,0.24599223416985547
2025-02-18 06:00:00,https://soho.nascom.nasa.gov/data/REPROCESSING/Completed/2025/hmimag/20250218/20250218_0600_hmimag_1024.jpg,5.429842581538999,87.79335117340088,62.90067685287462,-0.40557677955129423,1.8595617255330172,0.9997473149144942,0.09802203554863809,1.3261020281644365,3388.113791101495,0.9886047781034814,10.561960220336914,1.3618541384752019,185.18785565088973,0.24663608756933011
2025-02-18 07:30:00,https://soho.nascom.nasa.gov/data/REPROCESSING/Completed/2025/hmimag/20250218/20250218_0730_hmimag_1024.jpg,5.415538313834955,87.73391914367676,62.8536712072318,-0.40561887778281647,1.8641621357847753,0.9997469369235245,0.09823063105432084,1.3304265488903408,3380.962689410362,0.9886404533115256,10.42303466796875,1.3620836078082712,181.56504170810655,0.24722696524531543
2025-02-18 09:00:00,https://soho.nascom.nasa.gov/data/REPROCESSING/Completed/2025/hmimag/20250218/20250218_0900_hmimag_1024.jpg,5.407684697793894,87.72085094451904,62.83810695053136,-0.40642128771818214,1.8650658910713576,0.9997468115782746,0.09835347799707961,1.3279282582365495,3378.8790124346046,0.9885429447017688,10.33363151550293,1.3632086076723962,180.59431192573857,0.24784284154193686
2025-02-18 10:30:00,https://soho.nascom.nasa.gov/data/REPROCESSING/Completed/2025/hmimag/20250218/20250218_1030_hmimag_1024.jpg,5.404434443830045,87.73812770843506,62.83266616952495,-0.4074017141954985,1.8651421969340403,0.9997467677395,0.09836340613219363,1.3306597704965293,3378.2593700189204,0.9885934450096937,10.283021926879883,1.3620297832434483,178.5983042364924,0.24790345560095542
2025-02-18 12:00:00,https://soho.nascom.nasa.gov/data/REPROCESSING/Completed/2025/hmimag/20250218/20250218_1200_hmimag_1024.jpg,5.405910845632185,87.80077266693115,62.85474694028169,-0.4088761826340777,1.8639934687823123,0.9997469455833985,0.09819108103874896,1.3323583214446395,3381.154903179542,0.9885315213260351,10.282407760620117,1.3623630058926182,177.92504796484457,0.2480489227512993
2025-02-18 13:30:00,https://soho.nascom.nasa.gov/data/REPROCESSING/Completed/2025/hmimag/20250218/20250218_1330_hmimag_1024.jpg,5.405104684642046,87.92848300933838,62.904361109939714,-0.4115606842854886,1.8625374151653322,0.9997473445052675,0.0981732391337573,1.329849061870727,3387.1564758791355,0.9885661696497884,10.285795211791992,1.3612783508046098,177.00093099157363,0.24775782833487583
2025-02-18 15:00:00,https://soho.nascom.nasa.gov/data/REPROCESSING/Completed/2025/hmimag/20250218/20250218_1500_hmimag_1024.jpg,5.408998141084304,87.82338237762451,62.82633106254761,-0.40996973095006617,1.865930812605073,0.999746716680399,0.09798487147054402,1.3295889598082253,3377.2212471081652,0.9885704469691106,10.27806282043457,1.363709566224681,177.93974830795665,0.24784858229457998
2025-02-18 16:30:00,https://soho.nascom.nasa.gov/data/REPROCESSING/Completed/2025/hmimag/20250218/20250218_1630_hmimag_1024.jpg,5.413722672322481,87.80326461791992,62.806980137730115,-0.4093431335035201,1.8665346756606764,0.9997465606219755,0.09790673005045392,1.3270020414717718,3374.868139274405,0.9885129641237975,10.344871520996094,1.3631516033262483,179.05088190687513,0.24768099187968345
2025-02-18 18:00:00,https://soho.nascom.nasa.gov/data/REPROCESSING/Completed/2025/hmimag/20250218/20250218_1800_hmimag_1024.jpg,5.418234822607349,87.77190113067627,62.778260729326774,-0.40910117482372893,1.8666875536032606,0.9997463287440289,0.09779140810314857,1.3259358952356612,3371.7133918316435,0.9884989943826982,10.388181686401367,1.3632711351477076,179.84712084045725,0.24725020454514626
2025-02-18 19:30:00,https://soho.nascom.nasa.gov/data/REPROCESSING/Completed/2025/hmimag/20250218/20250218_1930_hmimag_1024.jpg,5.427081014979077,87.94699478149414,62.877147933415635,-0.41226444343083535,1.8594522334762134,0.999747125815087,0.09768127173265384,1.3235526030118683,3385.629356053349,0.9885422316186196,10.514606475830078,1.3631795747295314,181.5892222836817,0.24672313824124578
2025-02-18 21:00:00,https://soho.nascom.nasa.gov/data/REPROCESSING/Completed/2025/hmimag/20250218/20250218_2100_hmimag_1024.jpg,5.4304450907959225,88.0076265335083,62.89049759190597,-0.41592487255883975,1.8532027994429137,0.9997472331309027,0.09762793636036804,1.325502977484088,3389.9190294001774,0.988496905057182,10.595560073852539,1.3626268679864624,183.03493231147064,0.24591624654336433
2025-02-18 22:30:00,https://soho.nascom.nasa.gov/data/REPROCESSING/Completed/2025/hmimag/20250218/20250218_2230_hmimag_1024.jpg,5.42701224667388,87.997878074646,62.84806054186234,-0.41933375834601117,1.850644541078786,0.9997468917492991,0.09758878597313014,1.3219801664602364,3386.515031593854,0.9885303901162619,10.624902725219727,1.362976397443055,183.29506674205476,0.24600573205427817
2025-02-19 00:00:00,https://soho.nascom.nasa.gov/data/REPROCESSING/Completed/2025/hmimag/20250219/20250219_0000_hmimag_1024.jpg,5.4223968562608755,88.06016731262207,62.8714232445114,-0.4229148526542183,1.8453547869367117,0.9997470797742715,0.09783188767505635,1.317900268915986,3391.459338942748,0.9885621959613204,10.664848327636719,1.3618130798220485,184.48966555942295,0.2459290512154804
2025-02-19 01:30:00,https://soho.nascom.nasa.gov/data/REPROCESSING/Completed/2025/hmimag/20250219/20250219_0130_hmimag_1024.jpg,5.418891519282833,88.01607894897461,62.84812127409881,-0.4231913004660061,1.8444736923013072,0.9997468922383489,0.09799642161851807,1.3190193822581497,3389.3505062770555,0.9885664647844954,10.662567138671875,1.360510159798635,184.07378638444416,0.24572050086112593
2025-02-19 03:00:00,https://soho.nascom.nasa.gov/data/REPROCESSING/Completed/2025/hmimag/20250219/20250219_0300_hmimag_1024.jpg,5.419356366889829,88.04632663726807,62.89927804189115,-0.42231522614947087,1.8436095194471536,0.9997473036783308,0.09800116324913688,1.314015635337696,3395.268199315029,0.9885796083605751,10.655488967895508,1.3623169683931498,183.77302746309516,0.24592795303742326
2025-02-19 04:30:00,https://soho.nascom.nasa.gov/data/REPROCESSING/Completed/2025/hmimag/20250219/20250219_0430_hmimag_1024.jpg,5.422191954555301,88.01038837432861,62.93319131173371,-0.4187346298446894,1.8441507523291665,0.9997475758808589,0.09809248179044516,1.3219161500069903,3398.6810130963195,0.9885776375892695,10.579385757446289,1.3623783282111301,183.50541044651163,0.24616860863423218
2025-02-19 06:00:00,https://soho.nascom.nasa.gov/data/REPROCESSING/Completed/2025/hmimag/20250219/20250219_0600_hmimag_1024.jpg,5.418396483512983,87.91396236419678,62.903844545331815,-0.4153794452166957,1.8488272594223103,0.9997473403566992,0.09820587154354143,1.3222867406749639,3393.362802089153,0.9886008144149827,10.548078536987305,1.3605626429155708,182.91314499723327,0.24662149902830102
2025-02-19 07:30:00,https://soho.nascom.nasa.gov/data/REPROCESSING/Completed/2025/hmimag/20250219/20250219_0730_hmimag_1024.jpg,5.407460688329679,87.74536514282227,62.79352719147603,-0.4138036322526402,1.85479628462452,0.9997464520436826,0.09836111933873326,1.3253750922609373,3378.74723189181,0.9885591533684115,10.391613006591797,1.3615006981862097,179.4559281503438,0.2474563850634172
2025-02-19 09:00:00,https://soho.nascom.nasa.gov/data/REPROCESSING/Completed/2025/hmimag/20250219/20250219_0900_hmimag_1024.jpg,5.397613237695395,87.74228763580322,62.785322962981695,-0.41388645685837966,1.858339745898831,0.9997463857933685,0.0984836199786514,1.325901396702456,3376.253024466851,0.9886094457224726,10.271280288696289,1.3597831666252498,178.16428962910678,0.2480002008855334
2025-02-19 10:30:00,https://soho.nascom.nasa.gov/data/REPROCESSING/Completed/2025/hmimag/20250219/20250219_1030_hmimag_1024.jpg,5.39326210068781,87.8301773071289,62.831284763660385,-0.41553325820052434,1.8571148281050336,0.9997467566070909,0.09853382679648348,1.327550993990205,3381.755390556071,0.9885595997422026,10.241565704345703,1.3624107406982564,177.2212912527312,0.24820987804534142
2025-02-19 12:00:00,https://soho.nascom.nasa.gov/data/REPROCESSING/Completed/2025/hmimag/20250219/20250219_1200_hmimag_1024.jpg,5.393180964973948,87.87338161468506,62.83986255342069,-0.4165681627753968,1.8577614697832507,0.9997468257215131,0.0984754411601898,1.3294026713077483,3382.384419304797,0.9885397813569031,10.235551834106445,1.3619319769288076,176.9278525075282,0.24815677573437023
2025-02-19 13:30:00,https://soho.nascom.nasa.gov/data/REPROCESSING/Completed/2025/hmimag/20250219/20250219_1330_hmimag_1024.jpg,5.391373161129619,87.9266414642334,62.84545359767713,-0.4184117948676473,1.8572634578168845,0.9997468707553941,0.09844088142381224,1.3281879177603482,3383.2130852438095,0.9885425600749234,10.20223617553711,1.3611438145935126,175.7659919613721,0.24822194056067962
2025-02-19 15:00:00,https://soho.nascom.nasa.gov/data/REPROCESSING/Completed/2025/hmimag/20250219/20250219_1500_hmimag_1024.jpg,5.392606529403901,87.91011619567871,62.82608063396076,-0.4178763816650401,1.8590532279712146,0.999746714661701,0.09840937931767257,1.3309954936888655,3380.3134901284498,0.9885047383086136,10.22420883178711,1.3606826121514328,176.85887951293583,0.2479554957550651
2025-02-19 16:30:00,https://soho.nascom.nasa.gov/data/REPROCESSING/Completed/2025/hmimag/20250219/20250219_1630_hmimag_1024.jpg,5.393642952256597,87.8958740234375,62.79052918804686,-0.41908638243745167,1.859605889042393,0.9997464278373877,0.0982684188420535,1.3299380284102655,3376.23803616184,0.9885241146694358,10.264656066894531,1.3628583373073713,177.19153112949843,0.2480340728045105
2025-02-19 18:00:00,https://soho.nascom.nasa.gov/data/REPROCESSING/Completed/2025/hmimag/20250219/20250219_1800_hmimag_1024.jpg,5.400591904854,87.84644985198975,62.7349057227176,-0.4196943466493537,1.8586052727068088,0.9997459780963501,0.09811165038991021,1.3242078138681634,3370.712473209421,0.9884936129869194,10.333990097045898,1.362070704769527,178.1542289654899,0.24760391959987524
2025-02-19 19:30:00,https://soho.nascom.nasa.gov/data/REPROCESSING/Completed/2025/hmimag/20250219/20250219_1930_hmimag_1024.jpg,5.4103753461105235,87.95305824279785,62.790435327435674,-0.421688977119908,1.8533744207577552,0.9997464270794881,0.09796829876904667,1.3198017504726105,3379.062283731918,0.9884787562884768,10.435733795166016,1.3619124721004292,179.08503129416172,0.24653676191155163
2025-02-19 21:00:00,https://soho.nascom.nasa.gov/data/REPROCESSING/Completed/2025/hmimag/20250219/20250219_2100_hmimag_1024.jpg,5.414914095182569,88.02551174163818,62.815622466828415,-0.42474102551131226,1.8476819770603716,0.9997466303371461,0.09786838624313532,1.3195245750210656,3384.3754015796894,0.9885618378112265,10.54350471496582,1.3627848704237977,181.41563595499906,0.2462175228162455
2025-02-19 22:30:00,https://soho.nascom.nasa.gov/data/REPROCESSING/Completed/2025/hmimag/20250219/20250219_2230_hmimag_1024.jpg,5.4103824137445065,88.1081428527832,62.831493539037965,-0.429650462719032,1.8421397282983114,0.9997467582896072,0.0979845367019152,1.3182416744885481,3388.6297886968337,0.9885623010229818,10.600494384765625,1.3624077819949068,181.94954337476116,0.24605746465742281
2025-02-20 00:00:00,https://soho.nascom.nasa.gov/data/REPROCESSING/Completed/2025/hmimag/20250220/20250220_0000_hmimag_1024.jpg,5.405419227302533,88.08539009094238,62.78877514991285,-0.4321086326408516,1.8409275756594985,0.9997464136734335,0.09809672697883798,1.3155752057070713,3384.5804887504833,0.9885726351772016,10.598762512207031,1.3621477259221004,182.67978399064626,0.24618376285623889
2025-02-20 01:30:00,https://soho.nascom.nasa.gov/data/REPROCESSING/Completed/2025/hmimag/20250220/20250220_0130_hmimag_1024.jpg,5.406586250523468,88.0584077835083,62.78390858692551,-0.432726046544538,1.8373198027923285,0.9997463743694566,0.09814995224951417,1.311822644596335,3385.715868984143,0.9885743778100033,10.61076545715332,1.3619600772025262,182.54875690949487,0.24616493683512344
2025-02-20 03:00:00,https://soho.nascom.nasa.gov/data/REPROCESSING/Completed/2025/hmimag/20250220/20250220_0300_hmimag_1024.jpg,5.408009082358559,88.11532497406006,62.83994020343292,-0.4327415906662601,1.8347087434177298,0.9997468263470387,0.09816365709048114,1.311086179351302,3392.9678425155416,0.9884984794654023,10.576025009155273,1.3616690410015995,183.1023993107645,0.24603718723489662
2025-02-20 04:30:00,https://soho.nascom.nasa.gov/data/REPROCESSING/Completed/2025/hmimag/20250220/20250220_0430_hmimag_1024.jpg,5.409956498553567,88.04511547088623,62.84056606581091,-0.4292684940874104,1.8363077211553904,0.9997468313887171,0.09829429331875872,1.3117901063154227,3392.296559624638,0.988585209619758,10.57225227355957,1.3604456290127935,182.35235527987243,0.24623091076460038
2025-02-20 06:00:00,https://soho.nascom.nasa.gov/data/REPROCESSING/Completed/2025/hmimag/20250220/20250220_0600_hmimag_1024.jpg,5.40386902086662,87.91782569885254,62.77970255719888,-0.4268421514120868,1.8401651971950215,0.9997463403928039,0.09854893961346534,1.3117625461522768,3383.9528584736495,0.9886259611165534,10.482696533203125,1.3595576861030396,181.2749745033584,0.24694928003605865
2025-02-20 07:30:00,https://soho.nascom.nasa.gov/data/REPROCESSING/Completed/2025/hmimag/20250220/20250220_0730_hmimag_1024.jpg,5.392331034019199,87.8446273803711,62.72927276037757,-0.42659929098836896,1.843957788390672,0.9997459324845827,0.09869473734579515,1.311199863952614,3376.77995836788,0.988621871814334,10.289054870605469,1.3597408950701924,177.68464340876847,0.2479100988907345
2025-02-20 09:00:00,https://soho.nascom.nasa.gov/data/REPROCESSING/Completed/2025/hmimag/20250220/20250220_0900_hmimag_1024.jpg,5.382485337965925,87.77841186523438,62.67618392137843,-0.4266182658136461,1.8480832910781677,0.9997455020043946,0.0988188096544036,1.31793933003533,3369.1838285804038,0.9886393059278188,10.23043441772461,1.359550989504628,177.4131999842399,0.24802374794378268
2025-02-20 10:30:00,https://soho.nascom.nasa.gov/data/REPROCESSING/Completed/2025/hmimag/20250220/20250220_1030_hmimag_1024.jpg,5.376257304522769,87.82771015167236,62.68327543442672,-0.42870392151633424,1.8484879358739372,0.9997455595704542,0.09887920147593832,1.320675781474546,3369.7618456963555,0.9886118032068804,10.171525955200195,1.3591484925574568,175.6096323011324,0.24843857327601626
2025-02-20 12:00:00,https://soho.nascom.nasa.gov/data/REPROCESSING/Completed/2025/hmimag/20250220/20250220_1200_hmimag_1024.jpg,5.377511736375773,87.92214870452881,62.71285055278256,-0.4311838875162484,1.846942601929179,0.9997457994389632,0.09862892646196997,1.325292711351311,3373.647739295544,0.9885573929695775,10.163763046264648,1.3603636037191638,175.0984498783905,0.24805985175088424
2025-02-20 13:30:00,https://soho.nascom.nasa.gov/data/REPROCESSING/Completed/2025/hmimag/20250220/20250220_1330_hmimag_1024.jpg,5.378004957106232,87.94717407226562,62.71094171145006,-0.4320210915083511,1.8469721546180524,0.9997457839675781,0.0985646724311664,1.3248759737442568,3373.428875208359,0.988557345072992,10.171394348144531,1.3613668871487452,174.32963741827362,0.24842440089111015
2025-02-20 15:00:00,https://soho.nascom.nasa.gov/data/REPROCESSING/Completed/2025/hmimag/20250220/20250220_1500_hmimag_1024.jpg,5.380481500274418,87.9272632598877,62.681458007035516,-0.432221054722981,1.8475799081823612,0.9997455448191688,0.09852862005391216,1.3237130699341235,3369.9803768430857,0.9885851234176887,10.214134216308594,1.360586068794534,175.84357550983358,0.24799939558610434
2025-02-20 16:30:00,https://soho.nascom.nasa.gov/data/REPROCESSING/Completed/2025/hmimag/20250220/20250220_1630_hmimag_1024.jpg,5.385291330979926,87.87374305725098,62.63677215216743,-0.4317420636105323,1.8482293114935888,0.9997451817192076,0.09840440010884777,1.3198467652123103,3364.881504951759,0.988570085209638,10.222095489501953,1.3615916192396218,175.8204887394407,0.24816946152990527
2025-02-20 18:00:00,https://soho.nascom.nasa.gov/data/REPROCESSING/Completed/2025/hmimag/20250220/20250220_1800_hmimag_1024.jpg,5.388290246442842,87.90890598297119,62.63187455834298,-0.43378723116465745,1.8458176010368947,0.9997451418760074,0.09830720786521852,1.3163177946995601,3365.4537354685485,0.9885562134988763,10.288732528686523,1.3604193731942698,177.89180883876188,0.24790745700976266
2025-02-20 19:30:00,https://soho.nascom.nasa.gov/data/REPROCESSING/Completed/2025/hmimag/20250220/20250220_1930_hmimag_1024.jpg,5.39934238188938,88.00731468200684,62.69034821644371,-0.4352090361431922,1.8404064845446673,0.9997456169650123,0.09813401697283552,1.3169936894625214,3374.216350870855,0.9885791597911765,10.435722351074219,1.3621046264385788,179.89366240898948,0.2467757576267446
2025-02-20 21:00:00,https://soho.nascom.nasa.gov/data/REPROCESSING/Completed/2025/hmimag/20250220/20250220_2100_hmimag_1024.jpg,5.402077819913705,88.09287738800049,62.734158174809885,-0.43803334437143354,1.8347137630192814,0.9997459720439397,0.09813247263991798,1.3137175872575806,3381.5519945473825,0.9885611207200933,10.541467666625977,1.3597858021606122,182.89456474168728,0.2462550747541855
2025-02-20 22:30:00,https://soho.nascom.nasa.gov/data/REPROCESSING/Completed/2025/hmimag/20250220/20250220_2230_hmimag_1024.jpg,5.40026332499383,88.17699527740479,62.774190274431724,-0.4403476991589176,1.8320720321902035,0.9997462958537947,0.09817131671479729,1.3115546894682506,3387.0889549816607,0.9885746136052281,10.553258895874023,1.3616960620100278,182.74740106469744,0.2462610820396044
2025-02-21 00:00:00,https://soho.nascom.nasa.gov/data/REPROCESSING/Completed/2025/hmimag/20250221/20250221_0000_hmimag_1024.jpg,5.394623429107695,88.12087059020996,62.70868501074717,-0.44314168006768223,1.830328052226905,0.9997457656749296,0.09824338214457384,1.3112756961491268,3380.82859997,0.9885825064293873,10.574954986572266,1.3602211468928995,183.75060623349705,0.24629076357901442
2025-02-21 01:30:00,https://soho.nascom.nasa.gov/data/REPROCESSING/Completed/2025/hmimag/20250221/20250221_0130_hmimag_1024.jpg,5.393453593106098,88.16058158874512,62.74960493404848,-0.44362035078939055,1.8279911340425228,0.9997460970624015,0.09847581851681753,1.3002557564794286,3386.323702898551,0.9885929355674283,10.56772232055664,1.3590118685518648,182.73186675447002,0.24614368560119532
2025-02-21 03:00:00,https://soho.nascom.nasa.gov/data/REPROCESSING/Completed/2025/hmimag/20250221/20250221_0300_hmimag_1024.jpg,5.38982788833276,88.11470603942871,62.746896320405625,-0.4424893863462793,1.828254976854015,0.9997460751468898,0.09869254583281872,1.3075188302130436,3385.909195419677,0.9886538202202687,10.562843322753906,1.35795195783995,182.86176803927614,0.24622496823656603
2025-02-21 04:30:00,https://soho.nascom.nasa.gov/data/REPROCESSING/Completed/2025/hmimag/20250221/20250221_0430_hmimag_1024.jpg,5.387706076759487,88.05485725402832,62.73006615384727,-0.4410363383995627,1.829171107648007,0.9997459389096681,0.09883913208250306,1.3041720676435504,3383.6692750039147,0.9886486237235749,10.484649658203125,1.3583277744173234,181.79302267216758,0.24663177527930397
2025-02-21 06:00:00,https://soho.nascom.nasa.gov/data/REPROCESSING/Completed/2025/hmimag/20250221/20250221_0600_hmimag_1024.jpg,5.386563729477743,88.01076602935791,62.73203135415354,-0.43931041483788585,1.8293487899714556,0.9997459548232697,0.09892408689302101,1.3066429424779762,3383.799113714125,0.9886591618475503,10.421457290649414,1.357201530421826,180.57598076486408,0.24706580972200828
2025-02-21 07:30:00,https://soho.nascom.nasa.gov/data/REPROCESSING/Completed/2025/hmimag/20250221/20250221_0730_hmimag_1024.jpg,5.374444244114954,87.84494018554688,62.62837205983171,-0.43767304862530476,1.8347874761021834,0.9997451133765397,0.09911134095455054,1.3093161889948126,3370.1234069673965,0.9887149604402128,10.282909393310547,1.3563226699995263,177.7368254908921,0.24789249148192072
2025-02-21 09:00:00,https://soho.nascom.nasa.gov/data/REPROCESSING/Completed/2025/hmimag/20250221/20250221_0900_hmimag_1024.jpg,5.36305555677457,87.85495376586914,62.61192530692254,-0.43932910166060013,1.8369969820031156,0.9997449794870713,0.09922214639664162,1.3037957568988707,3367.340286726839,0.9886810300209082,10.173019409179688,1.3571909005988718,175.87720024015528,0.24860555301284812
2025-02-21 10:30:00,https://soho.nascom.nasa.gov/data/REPROCESSING/Completed/2025/hmimag/20250221/20250221_1030_hmimag_1024.jpg,5.36011119430484,87.94865417480469,62.657673606325915,-0.4416554327359684,1.835607977366667,0.9997453516530055,0.09922003092287923,1.311316436173291,3372.900642126177,0.9886518148507815,10.135974884033203,1.3574703783165705,175.06981206329175,0.24870741430977866
2025-02-21 12:00:00,https://soho.nascom.nasa.gov/data/REPROCESSING/Completed/2025/hmimag/20250221/20250221_1200_hmimag_1024.jpg,5.358213525989016,87.98790836334229,62.6526779845358,-0.44370390225220296,1.8353429905417702,0.9997453110528722,0.09920606072955707,1.311798586413047,3372.484547702004,0.9886985994674005,10.140661239624023,1.357274866224077,174.91821723104817,0.24851975859488382
2025-02-21 13:30:00,https://soho.nascom.nasa.gov/data/REPROCESSING/Completed/2025/hmimag/20250221/20250221_1330_hmimag_1024.jpg,5.36044385976219,88.03002738952637,62.65325471987528,-0.444965859496048,1.8355906502048545,0.9997453157405786,0.09894639744379674,1.3175476230086764,3372.432874737404,0.9886015253731749,10.167205810546875,1.3604402508396916,174.67842540221397,0.24850983253718248
2025-02-21 15:00:00,https://soho.nascom.nasa.gov/data/REPROCESSING/Completed/2025/hmimag/20250221/20250221_1500_hmimag_1024.jpg,5.36429021369397,87.95294189453125,62.583805232873054,-0.44449943206240083,1.837924485386249,0.9997447503231239,0.09868649500640458,1.322065602415507,3363.8917785307904,0.9885710738880056,10.143409729003906,1.3620926021749595,175.63249594614612,0.24856244999891616
2025-02-21 16:30:00,https://soho.nascom.nasa.gov/data/REPROCESSING/Completed/2025/hmimag/20250221/20250221_1630_hmimag_1024.jpg,5.365646041123629,87.90005779266357,62.51980871513977,-0.4455338037399228,1.838097091586847,0.9997442276321219,0.09865074377012206,1.3202837616276517,3356.9368325261407,0.9886098670863683,10.168729782104492,1.3595302824333042,175.16488523805702,0.24838702144208635
2025-02-21 18:00:00,https://soho.nascom.nasa.gov/data/REPROCESSING/Completed/2025/hmimag/20250221/20250221_1800_hmimag_1024.jpg,5.372736158351946,87.90196228027344,62.50254468484833,-0.44642171950087145,1.8356756854834124,0.9997440863533443,0.09854090141743654,1.3134606079006501,3356.1890000715366,0.9885396874558741,10.211616516113281,1.3599600538433063,176.0879991977843,0.2478930473409103
2025-02-21 19:30:00,https://soho.nascom.nasa.gov/data/REPROCESSING/Completed/2025/hmimag/20250221/20250221_1930_hmimag_1024.jpg,5.3830242913118305,87.98521614074707,62.5486831332834,-0.4476466592743939,1.8315604669163081,0.9997444636622514,0.09835328089138784,1.3126050241710225,3363.03220483737,0.9885540981060446,10.341934204101562,1.3610711605270494,177.6604317515408,0.2472514708222001
2025-02-21 21:00:00,https://soho.nascom.nasa.gov/data/REPROCESSING/Completed/2025/hmimag/20250221/20250221_2100_hmimag_1024.jpg,5.386340068278551,88.15250873565674,62.63962769572896,-0.45097593541627956,1.8262905854895308,0.999745204945486,0.09825730324700999,1.3089143623917403,3375.2493748132474,0.9885285883831475,10.470102310180664,1.3616920455449277,180.3755768931346,0.2466422855510964
2025-02-21 22:30:00,https://soho.nascom.nasa.gov/data/REPROCESSING/Completed/2025/hmimag/20250221/20250221_2230_hmimag_1024.jpg,5.379652484261211,88.23829364776611,62.670269735084574,-0.45460659598526454,1.8226843885427801,0.9997454539804612,0.09852111043073819,1.3027469736303214,3380.222275390273,0.9886133748286533,10.50218391418457,1.3587035664826201,180.88450667967285,0.24663532400321178
2025-02-22 00:00:00,https://soho.nascom.nasa.gov/data/REPROCESSING/Completed/2025/hmimag/20250222/20250222_0000_hmimag_1024.jpg,5.376835053787983,88.2252836227417,62.652633699052835,-0.45543056240052276,1.8223560267543213,0.9997453106929144,0.09867288774876215,1.300879530587932,3378.4722575003725,0.9886376618257049,10.526144027709961,1.3574148825180177,181.83121102740154,0.2464009754158942
2025-02-22 01:30:00,https://soho.nascom.nasa.gov/data/REPROCESSING/Completed/2025/hmimag/20250222/20250222_0130_hmimag_1024.jpg,5.372302416233242,88.27424621582031,62.70453417355797,-0.45556250836176637,1.8211043830612201,0.9997457320233955,0.09891888261699933,1.2961163109822358,3384.6532421250727,0.9886609066619884,10.521663665771484,1.358416620011353,182.69024172783568,0.24667435040490857
2025-02-22 03:00:00,https://soho.nascom.nasa.gov/data/REPROCESSING/Completed/2025/hmimag/20250222/20250222_0300_hmimag_1024.jpg,5.372109956878572,88.23126411437988,62.72063875354497,-0.4524877407041526,1.8233511570189138,0.9997458625486199,0.09902314063219819,1.2995626783030079,3385.34836586715,0.9886817451416718,10.528392791748047,1.3572263841440477,182.49442933058702,0.2466642432654332
2025-02-22 04:30:00,https://soho.nascom.nasa.gov/data/REPROCESSING/Completed/2025/hmimag/20250222/20250222_0430_hmimag_1024.jpg,5.376278032852055,88.14840602874756,62.717638058507895,-0.4485689349501566,1.8249458864290609,0.9997458382360522,0.09900783628472709,1.300249674081563,3384.284704841251,0.9886923737553885,10.495462417602539,1.3581685380114932,181.81616214331805,0.24672689214985724
2025-02-22 06:00:00,https://soho.nascom.nasa.gov/data/REPROCESSING/Completed/2025/hmimag/20250222/20250222_0600_hmimag_1024.jpg,5.372325065624457,88.01751708984375,62.65926059136641,-0.44580034854361683,1.828389095059056,0.9997453645486284,0.09914680990914349,1.3009822314291564,3376.3959899397278,0.9887270809262214,10.406246185302734,1.357659075139761,181.8421518624818,0.24733817297647454
2025-02-22 07:30:00,https://soho.nascom.nasa.gov/data/REPROCESSING/Completed/2025/hmimag/20250222/20250222_0730_hmimag_1024.jpg,5.36036240883468,87.93746948242188,62.59681388680239,-0.44614471727442245,1.8316217575033031,0.9997448563752495,0.09929415205988334,1.3027076357658853,3368.1816759408484,0.9887107430450593,10.213321685791016,1.3572522296923393,178.17172254489043,0.24815553738848153
2025-02-22 09:00:00,https://soho.nascom.nasa.gov/data/REPROCESSING/Completed/2025/hmimag/20250222/20250222_0900_hmimag_1024.jpg,5.353710059055512,87.91221046447754,62.57229115868935,-0.44679752899729513,1.8324816446685892,0.9997446564002852,0.09934287759278959,1.3029669815364107,3365.148289097711,0.9886769782861531,10.137981414794922,1.3580792899581637,176.9982147630524,0.24867469545025359
2025-02-22 10:30:00,https://soho.nascom.nasa.gov/data/REPROCESSING/Completed/2025/hmimag/20250222/20250222_1030_hmimag_1024.jpg,5.351225353910055,87.91642951965332,62.566895723735925,-0.44723359348255964,1.833199485397616,0.9997446123706971,0.09940542049844225,1.3008406100293457,3364.238558187299,0.9886634799824279,10.124374389648438,1.357349438623393,175.701864322979,0.24884427712938237
2025-02-22 12:00:00,https://soho.nascom.nasa.gov/data/REPROCESSING/Completed/2025/hmimag/20250222/20250222_1200_hmimag_1024.jpg,5.349813630856891,88.00851058959961,62.601195054419655,-0.4496789605043143,1.8314876824617123,0.99974489207753,0.09938741838777787,1.304158321459865,3368.7148216239784,0.9886929674106733,10.14993667602539,1.3586338381322078,175.25176835295684,0.24863837290017107
2025-02-22 13:30:00,https://soho.nascom.nasa.gov/data/REPROCESSING/Completed/2025/hmimag/20250222/20250222_1330_hmimag_1024.jpg,5.3502748762239705,88.09142398834229,62.6301353666745,-0.45110989666489926,1.8314410427828776,0.9997451277249823,0.0992909880260413,1.302891593233624,3371.8516982470005,0.9887027161389479,10.13469123840332,1.3572061769959767,175.0413599602111,0.24877739120956105
2025-02-22 15:00:00,https://soho.nascom.nasa.gov/data/REPROCESSING/Completed/2025/hmimag/20250222/20250222_1500_hmimag_1024.jpg,5.353591699647007,88.04722499847412,62.60010458953715,-0.44974921766698317,1.8330415135630704,0.999744883191996,0.09922625131184759,1.3009116494467972,3367.88336227125,0.9887097333338405,10.118368148803711,1.3563912764851818,175.62878285064104,0.24869645137293192
2025-02-22 16:30:00,https://soho.nascom.nasa.gov/data/REPROCESSING/Completed/2025/hmimag/20250222/20250222_1630_hmimag_1024.jpg,5.359148161157529,87.99032688140869,62.55705040004552,-0.4483974545203617,1.8349807618294938,0.9997445319983226,0.09912688737131248,1.2997754769940957,3362.3633854376767,0.9886973381873863,10.149282455444336,1.3567371755988449,175.80440265209927,0.24841091586709704
2025-02-22 18:00:00,https://soho.nascom.nasa.gov/data/REPROCESSING/Completed/2025/hmimag/20250222/20250222_1800_hmimag_1024.jpg,5.366546723177817,88.00421237945557,62.561279608088874,-0.44796545883900857,1.834968369956245,0.9997445665281419,0.0989237284175033,1.3000132516320162,3362.823707528861,0.9887339241423505,10.244268417358398,1.357399972960243,177.51364548959066,0.24812114487132744
2025-02-22 19:30:00,https://soho.nascom.nasa.gov/data/REPROCESSING/Completed/2025/hmimag/20250222/20250222_1930_hmimag_1024.jpg,5.376673758929515,88.07735061645508,62.612336667733324,-0.4486440562208707,1.8303460089367298,0.9997449828371571,0.09878770570685447,1.2990006174372348,3370.4394110885983,0.9886240373429388,10.381446838378906,1.3580605528750644,178.8890819036045,0.2471353573622352
2025-02-22 21:00:00,https://soho.nascom.nasa.gov/data/REPROCESSING/Completed/2025/hmimag/20250222/20250222_2100_hmimag_1024.jpg,5.377967354207291,88.1764087677002,62.664974940856375,-0.4508192200425036,1.8270381149518056,0.9997454109745366,0.09883649274343043,1.293946072417637,3377.635952873407,0.9887211793680153,10.479133605957031,1.3573536136813005,181.22472791805143,0.24683443279048814
2025-02-22 22:30:00,https://soho.nascom.nasa.gov/data/REPROCESSING/Completed/2025/hmimag/20250222/20250222_2230_hmimag_1024.jpg,5.377551423081836,88.31385707855225,62.737855607624105,-0.45387049841228594,1.8231552872171959,0.9997460019775437,0.09884069119107153,1.2911970500068726,3387.2981534642336,0.9887309618472175,10.526792526245117,1.3579299382137393,182.2711458860549,0.24667517603919578
2025-02-23 00:00:00,https://soho.nascom.nasa.gov/data/REPROCESSING/Completed/2025/hmimag/20250223/20250223_0000_hmimag_1024.jpg,5.374533390134127,88.36931419372559,62.77074286802086,-0.4558532928937187,1.820038616013004,0.9997462679929363,0.0989399691370636,1.2915362364877523,3392.30104493954,0.9887380317243222,10.541378021240234,1.3590047828745881,184.01090013752963,0.24658536997239497
2025-02-23 01:30:00,https://soho.nascom.nasa.gov/data/REPROCESSING/Completed/2025/hmimag/20250223/20250223_0130_hmimag_1024.jpg,5.372314187754451,88.35278987884521,62.7749254526168,-0.4559791938380126,1.8183995916500775,0.9997463017946809,0.0990220827588928,1.292601307872775,3393.5173972581943,0.9886865256742724,10.531465530395508,1.3568630177948513,183.83088307605868,0.24662068933588335
2025-02-23 03:00:00,https://soho.nascom.nasa.gov/data/REPROCESSING/Completed/2025/hmimag/20250223/20250223_0300_hmimag_1024.jpg,5.3715396738639285,88.23312568664551,62.730278536403794,-0.45270533765915416,1.8214094208140734,0.9997459406295504,0.09915672819624888,1.2912416179882709,3387.2912259558952,0.9887104521691871,10.496749877929688,1.3569032291427452,184.0790347800567,0.24677857830250788
2025-02-23 04:30:00,https://soho.nascom.nasa.gov/data/REPROCESSING/Completed/2025/hmimag/20250223/20250223_0430_hmimag_1024.jpg,5.375028367025365,88.17208671569824,62.733221171374176,-0.44952352039941273,1.8225002732853486,0.9997459644573253,0.09918979744179524,1.2970665752805492,3387.1019996846285,0.9887534626527549,10.491043090820312,1.356562841035971,183.72190220711457,0.24679846935017802
2025-02-23 06:00:00,https://soho.nascom.nasa.gov/data/REPROCESSING/Completed/2025/hmimag/20250223/20250223_0600_hmimag_1024.jpg,5.370253273362637,88.09530544281006,62.70362088891586,-0.44792051902207275,1.8246797911094568,0.9997457246183468,0.09938657374914328,1.2924648545144346,3382.8954443603466,0.9888105311691188,10.452627182006836,1.3546685773160574,183.67496497783196,0.247542884848058
2025-02-23 07:30:00,https://soho.nascom.nasa.gov/data/REPROCESSING/Completed/2025/hmimag/20250223/20250223_0730_hmimag_1024.jpg,5.359398934043182,87.93656921386719,62.59505481543848,-0.4461279380233153,1.8315899695963382,0.99974484203841,0.09955600003013387,1.2903644257911002,3368.006989019452,0.9888042964509207,10.267505645751953,1.3542917850713088,179.80261489073814,0.24815028088666288
2025-02-23 09:00:00,https://soho.nascom.nasa.gov/data/REPROCESSING/Completed/2025/hmimag/20250223/20250223_0900_hmimag_1024.jpg,5.353455731028412,87.966383934021,62.602381583447126,-0.4469163511371526,1.8328065333349195,0.9997449017453051,0.09962847015231091,1.2966760262763042,3368.236321061216,0.9887342162974876,10.172597885131836,1.3552199792189061,178.85614998267206,0.24868751691752028
2025-02-23 10:30:00,https://soho.nascom.nasa.gov/data/REPROCESSING/Completed/2025/hmimag/20250223/20250223_1030_hmimag_1024.jpg,5.351447026843438,88.0800952911377,62.65175338261954,-0.44966032135538075,1.8305991298067226,0.9997453035374354,0.09954865079998854,1.2979569358939076,3374.567709926231,0.9887548564846482,10.126190185546875,1.3555302241454192,176.6124462976892,0.249005459839269
2025-02-23 12:00:00,https://soho.nascom.nasa.gov/data/REPROCESSING/Completed/2025/hmimag/20250223/20250223_1200_hmimag_1024.jpg,5.350183310737709,88.17710971832275,62.68177729295841,-0.45223819775484914,1.829212804671765,0.9997455474107697,0.09948368294135435,1.2942423377895365,3378.4426099001275,0.9887437837770404,10.13404655456543,1.355306638975809,176.5758672919756,0.24859013404138275
2025-02-23 13:30:00,https://soho.nascom.nasa.gov/data/REPROCESSING/Completed/2025/hmimag/20250223/20250223_1330_hmimag_1024.jpg,5.352332140154673,88.12241649627686,62.633630955399575,-0.45193585939864245,1.830648000171928,0.9997451561658289,0.0992870889022015,1.291447365676429,3372.5932521700283,0.9887391651536326,10.108434677124023,1.356142292424299,175.91655791275278,0.24892453663524886
2025-02-23 15:00:00,https://soho.nascom.nasa.gov/data/REPROCESSING/Completed/2025/hmimag/20250223/20250223_1500_hmimag_1024.jpg,5.354653129220898,88.17941474914551,62.65864501868263,-0.45203379864489357,1.8312332948534737,0.9997453595466854,0.09924977467562712,1.2901447853462213,3375.017889974012,0.9887005822224342,10.147655487060547,1.3561229332414058,177.0896747550034,0.24871408802540512
2025-02-23 16:30:00,https://soho.nascom.nasa.gov/data/REPROCESSING/Completed/2025/hmimag/20250223/20250223_1630_hmimag_1024.jpg,5.357264700521958,88.1208324432373,62.611501478447636,-0.4512424853973162,1.8329980343989416,0.999744976035381,0.0992025436971744,1.290623069536025,3369.129757173467,0.9887488684047951,10.17843246459961,1.3565052180479782,177.68999617064335,0.24843417502726398
2025-02-23 18:00:00,https://soho.nascom.nasa.gov/data/REPROCESSING/Completed/2025/hmimag/20250223/20250223_1800_hmimag_1024.jpg,5.363857194987365,88.09226989746094,62.58358746676899,-0.4510324507449741,1.8325449570459473,0.9997447485472386,0.09905509007694491,1.2863331222930154,3366.334357052706,0.9887287334942668,10.233955383300781,1.357303657844115,179.12187053269847,0.2482884227894211
2025-02-23 19:30:00,https://soho.nascom.nasa.gov/data/REPROCESSING/Completed/2025/hmimag/20250223/20250223_1930_hmimag_1024.jpg,5.3751561360934135,88.08031749725342,62.59505577260965,-0.44899969044539345,1.8320726756027705,0.9997448420462114,0.09889891269085638,1.2845995663518726,3367.785223380884,0.9886862716729689,10.405344009399414,1.3575338737873446,181.05012151250435,0.2474149096126177
2025-02-23 21:00:00,https://soho.nascom.nasa.gov/data/REPROCESSING/Completed/2025/hmimag/20250223/20250223_2100_hmimag_1024.jpg,5.379512110102084,88.2624340057373,62.70432394901301,-0.4523621895771328,1.825142833792043,0.999745730318892,0.098855822956466,1.2845384834290179,3382.756718557212,0.9886931018338326,10.498523712158203,1.3571084741449573,182.77127059721388,0.2467969968279624
2025-02-23 22:30:00,https://soho.nascom.nasa.gov/data/REPROCESSING/Completed/2025/hmimag/20250223/20250223_2230_hmimag_1024.jpg,5.375901230592629,88.30752468109131,62.71521110543512,-0.45509530972461715,1.8227012135385003,0.9997458185695692,0.09892134818437626,1.2801305448340836,3385.064172763387,0.9886996390062738,10.526506423950195,1.3567028880830703,182.2271640088112,0.24661879193151856
2025-02-24 00:00:00,https://soho.nascom.nasa.gov/data/REPROCESSING/Completed/2025/hmimag/20250224/20250224_0000_hmimag_1024.jpg,5.4799843560151125,88.34440326690674,63.15893258775086,-0.4228148145267508,1.8110369469044316,0.9997493766223189,0.09826886647351785,1.2795380564016583,3438.648114683333,0.9887273739297977,11.72947883605957,1.3573993464300784,223.30649812272196,0.24447556092552283
2025-02-24 01:30:00,https://soho.nascom.nasa.gov/data/REPROCESSING/Completed/2025/hmimag/20250224/20250224_0130_hmimag_1024.jpg,5.371714877426042,88.35829830169678,62.760595234578865,-0.4564288440591823,1.819512490390512,0.9997461859563024,0.09917029977987113,1.2794194055536359,3391.449443810803,0.988771583029041,10.508699417114258,1.3567191680374542,182.08837033180933,0.24685273830812177
2025-02-24 03:00:00,https://soho.nascom.nasa.gov/data/REPROCESSING/Completed/2025/hmimag/20250224/20250224_0300_hmimag_1024.jpg,5.371703848190886,88.32301902770996,62.78208584967304,-0.4536195963592208,1.8205245340637948,0.9997463596460738,0.09935424889772548,1.2793942873813018,3393.3007015321023,0.9887796999376368,10.503448486328125,1.3550130982911233,182.26628990735034,0.24695312299918062
2025-02-24 04:30:00,https://soho.nascom.nasa.gov/data/REPROCESSING/Completed/2025/hmimag/20250224/20250224_0430_hmimag_1024.jpg,5.373334164415249,88.2220458984375,62.74561063916177,-0.4507509147625143,1.822490663574828,0.9997460647433936,0.09933430392629816,1.2818190727864256,3388.4444666749623,0.9887753261320217,10.443077087402344,1.356212953554989,180.76984761537454,0.2471360968095298
2025-02-24 06:00:00,https://soho.nascom.nasa.gov/data/REPROCESSING/Completed/2025/hmimag/20250224/20250224_0600_hmimag_1024.jpg,5.3685006911685695,88.17173194885254,62.72769196741294,-0.4491955989979229,1.8254775045537892,0.9997459196822256,0.0994527766633837,1.2828884861936556,3385.1233228275014,0.9888187450541629,10.384639739990234,1.354963691279929,180.69194823350773,0.2475466928495509
2025-02-24 07:30:00,https://soho.nascom.nasa.gov/data/REPROCESSING/Completed/2025/hmimag/20250224/20250224_0730_hmimag_1024.jpg,5.354266209204522,88.03555107116699,62.63493687665245,-0.44785375045450293,1.832046401343817,0.9997451667898583,0.09971760499502125,1.284024953019353,3372.090105536052,0.9887815200409882,10.205604553222656,1.3543991920012648,177.54224728486113,0.24840688820188808
2025-02-24 09:00:00,https://soho.nascom.nasa.gov/data/REPROCESSING/Completed/2025/hmimag/20250224/20250224_0900_hmimag_1024.jpg,5.347554270494671,88.08525848388672,62.64838184519508,-0.44896082971412116,1.834028834430404,0.9997452761297676,0.09974862601302448,1.283883054101609,3372.6259415918303,0.98878662351319,10.140327453613281,1.3546531953211942,176.91807061877887,0.24922225304620813
2025-02-24 10:30:00,https://soho.nascom.nasa.gov/data/REPROCESSING/Completed/2025/hmimag/20250224/20250224_1030_hmimag_1024.jpg,5.345401725781745,88.1807222366333,62.6917283063559,-0.45059933646169487,1.8338562220991772,0.9997456281619693,0.09971891258282994,1.283658139232747,3377.374070304199,0.9887649267089895,10.101335525512695,1.3555211190324925,175.4979167332008,0.24901524023471566
2025-02-24 12:00:00,https://soho.nascom.nasa.gov/data/REPROCESSING/Completed/2025/hmimag/20250224/20250224_1200_hmimag_1024.jpg,5.345817064134817,88.16868305206299,62.66710306552534,-0.4508213629151779,1.8345853947630275,0.9997454282611203,0.09968894295889186,1.2786347294982805,3374.3859554610362,0.9887629670450652,10.105527877807617,1.3547507557273457,176.14574700366833,0.2491936881768128
2025-02-24 13:30:00,https://soho.nascom.nasa.gov/data/REPROCESSING/Completed/2025/hmimag/20250224/20250224_1330_hmimag_1024.jpg,5.345640745822631,88.23032569885254,62.68165432662686,-0.45227918946681234,1.8347329040926041,0.9997455464126732,0.09964314842000022,1.2792556599089384,3375.8853406664525,0.9887617000145593,10.098026275634766,1.3538216886051753,175.62978339298994,0.249041644906392
2025-02-24 15:00:00,https://soho.nascom.nasa.gov/data/REPROCESSING/Completed/2025/hmimag/20250224/20250224_1500_hmimag_1024.jpg,5.346312231420642,88.2473783493042,62.671848433442726,-0.45239967112680896,1.8370705451336795,0.9997454668010194,0.09949524081457639,1.2829525058267286,3373.7550630791366,0.9887171493607286,10.086027145385742,1.3560310428531466,175.99914516279512,0.2491886445370309
2025-02-24 16:30:00,https://soho.nascom.nasa.gov/data/REPROCESSING/Completed/2025/hmimag/20250224/20250224_1630_hmimag_1024.jpg,5.348686113910306,88.20654296875,62.63211739235151,-0.4521619240612122,1.8382807556836163,0.9997451438517453,0.09945462285031681,1.2845781748264902,3368.924109787854,0.9887739496447945,10.129531860351562,1.3560062252862939,176.24769419628018,0.24874364879482122
2025-02-24 18:00:00,https://soho.nascom.nasa.gov/data/REPROCESSING/Completed/2025/hmimag/20250224/20250224_1800_hmimag_1024.jpg,5.356499299472838,88.2535753250122,62.66337369987443,-0.4525721121656287,1.8356655505232973,0.9997453979666255,0.09929479787388118,1.2793439286323085,3373.4878973034147,0.9887359365024391,10.213422775268555,1.3570828617646007,177.4163459969548,0.2485296675811888
2025-02-24 19:30:00,https://soho.nascom.nasa.gov/data/REPROCESSING/Completed/2025/hmimag/20250224/20250224_1930_hmimag_1024.jpg,5.36722165151981,88.35640621185303,62.734105313924786,-0.4530891459533607,1.8319586608286504,0.9997459716159512,0.09914442274566682,1.2752238407113023,3382.816965346018,0.9887412633617352,10.35075569152832,1.3555671237437315,179.1787066016777,0.24768317202074955
2025-02-24 21:00:00,https://soho.nascom.nasa.gov/data/REPROCESSING/Completed/2025/hmimag/20250224/20250224_2100_hmimag_1024.jpg,5.371129150809976,88.38943099975586,62.74060227308798,-0.4551813721696213,1.8279950531443676,0.9997460242105194,0.09907548214505368,1.2808709518203871,3385.350289065998,0.9887584568193671,10.390953063964844,1.3568432690301742,180.22085808264816,0.24728369177914386
2025-02-24 22:30:00,https://soho.nascom.nasa.gov/data/REPROCESSING/Completed/2025/hmimag/20250224/20250224_2230_hmimag_1024.jpg,5.36557732536065,88.45677471160889,62.77217340105541,-0.45788084525016887,1.8246243727161757,0.999746279554613,0.09929351240862161,1.2687050749154845,3390.3221232402416,0.9887426848151467,10.428750991821289,1.3559468585622896,180.39656799251892,0.2472088187566868
2025-02-25 00:00:00,https://soho.nascom.nasa.gov/data/REPROCESSING/Completed/2025/hmimag/20250225/20250225_0000_hmimag_1024.jpg,5.362717967700816,88.53374576568604,62.81245446582932,-0.460333174536914,1.8211828946124027,0.9997466047851375,0.09937278467077704,1.2752101670057943,3396.277264884619,0.9887662613204596,10.436800003051758,1.3571759176098326,181.64435239238315,0.2470049547570335
2025-02-25 01:30:00,https://soho.nascom.nasa.gov/data/REPROCESSING/Completed/2025/hmimag/20250225/20250225_0130_hmimag_1024.jpg,5.362401320872557,88.49590587615967,62.80346580120154,-0.4594623311626551,1.8211813738028828,0.9997465322646099,0.0994005279007979,1.2710468972889426,3395.3060068223967,0.9888085221601193,10.461469650268555,1.3561516738107102,181.21390184881014,0.24712593132450214
2025-02-25 03:00:00,https://soho.nascom.nasa.gov/data/REPROCESSING/Completed/2025/hmimag/20250225/20250225_0300_hmimag_1024.jpg,5.362811144979837,88.49052906036377,62.8377366260082,-0.45730015250524547,1.821675363785946,0.9997468085947675,0.09954159461995005,1.2691993116948488,3398.782089911669,0.9888013233694962,10.453489303588867,1.3556173412555943,181.34876158590666,0.24688371934216866
2025-02-25 04:30:00,https://soho.nascom.nasa.gov/data/REPROCESSING/Completed/2025/hmimag/20250225/20250225_0430_hmimag_1024.jpg,5.367223245935789,88.42142963409424,62.83579808822747,-0.45305833615237134,1.8250765985291713,0.9997467929761421,0.0995418884758692,1.2753333994371696,3396.987876093601,0.988805840237526,10.453241348266602,1.3550786682219438,182.02135990539225,0.24727911610341743
2025-02-25 06:00:00,https://soho.nascom.nasa.gov/data/REPROCESSING/Completed/2025/hmimag/20250225/20250225_0600_hmimag_1024.jpg,5.36469538220436,88.30710983276367,62.792560354447275,-0.44980800616374506,1.8285795190587357,0.9997464442376852,0.09968943971580302,1.2707302092189574,3390.688713075834,0.9888447491939064,10.386642456054688,1.3544128905633654,181.45614413186138,0.24765702809278603
2025-02-25 07:30:00,https://soho.nascom.nasa.gov/data/REPROCESSING/Completed/2025/hmimag/20250225/20250225_0730_hmimag_1024.jpg,5.35233299514141,88.36440753936768,62.81170946524881,-0.45138163243018287,1.8310306805395533,0.9997465987756573,0.09985463144221285,1.272136325937078,3391.621042343069,0.9889050493881705,10.21998405456543,1.3543846288376649,178.48249625465655,0.24866073835623162
2025-02-25 09:00:00,https://soho.nascom.nasa.gov/data/REPROCESSING/Completed/2025/hmimag/20250225/20250225_0900_hmimag_1024.jpg,5.343770842276874,88.256516456604,62.72937491910983,-0.4501308379335261,1.8367487070710973,0.9997459333119015,0.0999812853642652,1.2775271646020605,3380.0994951210996,0.98884304249436,10.142984390258789,1.353853707264481,177.64209342709196,0.24924154241229998
2025-02-25 10:30:00,https://soho.nascom.nasa.gov/data/REPROCESSING/Completed/2025/hmimag/20250225/20250225_1030_hmimag_1024.jpg,5.34384369850283,88.29122257232666,62.7425237712268,-0.4508009032926717,1.8365905535553533,0.9997460397624154,0.09989446964937088,1.2805946672260766,3381.5894602906023,0.9888489912169867,10.118192672729492,1.35335667810034,177.4424885580028,0.24900863712859697
2025-02-25 12:00:00,https://soho.nascom.nasa.gov/data/REPROCESSING/Completed/2025/hmimag/20250225/20250225_1200_hmimag_1024.jpg,5.343340051231305,88.42672348022461,62.80702654567244,-0.4524644288697502,1.8362230275268543,0.9997465609964118,0.09984215169606614,1.275784756183783,3388.715499583758,0.9887914644891658,10.137626647949219,1.3536656208227955,177.14989559961043,0.24906475762990923
2025-02-25 13:30:00,https://soho.nascom.nasa.gov/data/REPROCESSING/Completed/2025/hmimag/20250225/20250225_1330_hmimag_1024.jpg,5.346425492566888,88.41200542449951,62.79296778428534,-0.4517920411536066,1.8371583354887746,0.9997464475272145,0.09970902195527742,1.2772851009657573,3386.767412330755,0.988781174653538,10.102914810180664,1.355309785940921,176.66063730969867,0.24899046888027476
2025-02-25 15:00:00,https://soho.nascom.nasa.gov/data/REPROCESSING/Completed/2025/hmimag/20250225/20250225_1500_hmimag_1024.jpg,5.345737703234702,88.43117332458496,62.77945726628261,-0.45231686360739504,1.8394183766280578,0.999746338411113,0.09964216853222752,1.2809086614662155,3384.2698391044814,0.9887931575788507,10.09476089477539,1.3553180256197725,176.90812007447389,0.2489509427588452
2025-02-25 16:30:00,https://soho.nascom.nasa.gov/data/REPROCESSING/Completed/2025/hmimag/20250225/20250225_1630_hmimag_1024.jpg,5.348972840697623,88.3939962387085,62.74642251264572,-0.45152078456631906,1.841107317929412,0.9997460713129989,0.09959292867642944,1.2802054364386255,3379.9335577514776,0.9888161125930858,10.137651443481445,1.355684776188459,177.08102682396483,0.248815771716134
2025-02-25 18:00:00,https://soho.nascom.nasa.gov/data/REPROCESSING/Completed/2025/hmimag/20250225/20250225_1800_hmimag_1024.jpg,5.3515398204326985,88.39155101776123,62.73135718744454,-0.45246066970027693,1.8395420034163537,0.9997459493642388,0.09952723386959406,1.2795601450779714,3379.029162362675,0.9887653125926646,10.184484481811523,1.3546343129553766,177.3966573507599,0.24861031039971868
2025-02-25 19:30:00,https://soho.nascom.nasa.gov/data/REPROCESSING/Completed/2025/hmimag/20250225/20250225_1930_hmimag_1024.jpg,5.364245211794445,88.45162963867188,62.77667838431573,-0.45280345321555654,1.835284365834348,0.9997463159590685,0.09932920621758967,1.2728314872437476,3385.87424758821,0.9887469518025802,10.328300476074219,1.3550925407551215,179.3958763162066,0.24784648013437574
2025-02-25 21:00:00,https://soho.nascom.nasa.gov/data/REPROCESSING/Completed/2025/hmimag/20250225/20250225_2100_hmimag_1024.jpg,5.3683522144396685,88.61248397827148,62.87846482317927,-0.4555006348495789,1.829419470153896,0.9997471364043955,0.09932676962307596,1.2762663869996338,3399.582112938589,0.9887525827915836,10.457817077636719,1.3555252834131122,181.42393003519055,0.2470166356551442
2025-02-25 22:30:00,https://soho.nascom.nasa.gov/data/REPROCESSING/Completed/2025/hmimag/20250225/20250225_2230_hmimag_1024.jpg,5.366673766492908,88.66376495361328,62.899183140972234,-0.45777116157161685,1.8265416399521115,0.9997473029159974,0.09928860695617914,1.2728217044618961,3403.1619468937147,0.9887448414086457,10.433845520019531,1.3556310905957538,180.63765116602502,0.24682900993048565
2025-02-26 00:00:00,https://soho.nascom.nasa.gov/data/REPROCESSING/Completed/2025/hmimag/20250226/20250226_0000_hmimag_1024.jpg,5.363590790714049,88.69759845733643,62.91886950523427,-0.4593548310830193,1.8237733847335507,0.9997474609815357,0.09944724498927826,1.270499941904816,3406.5840077547946,0.9887283308160507,10.460908889770508,1.3547947744061812,181.98575278458102,0.24711502838616012
2025-02-26 01:30:00,https://soho.nascom.nasa.gov/data/REPROCESSING/Completed/2025/hmimag/20250226/20250226_0130_hmimag_1024.jpg,5.360603718500099,88.71310234069824,62.939499789590386,-0.45998890651471974,1.822068903788007,0.9997476264669076,0.09955025059753098,1.2704354033777725,3409.615251462261,0.9888122835297094,10.430889129638672,1.3553622388391058,180.7552929730158,0.24722723996123144
2025-02-26 03:00:00,https://soho.nascom.nasa.gov/data/REPROCESSING/Completed/2025/hmimag/20250226/20250226_0300_hmimag_1024.jpg,5.358260061315776,88.66068935394287,62.93747426042764,-0.45781773303922935,1.823545518946252,0.9997476102263716,0.09972847053177247,1.2670209622475237,3408.7053985595326,0.9888023593989839,10.425195693969727,1.3544864859464962,182.09806659198915,0.24719446351252067
2025-02-26 04:30:00,https://soho.nascom.nasa.gov/data/REPROCESSING/Completed/2025/hmimag/20250226/20250226_0430_hmimag_1024.jpg,5.3623149959432,88.61607551574707,62.94401719584935,-0.45506835373759363,1.8248511061837087,0.9997476626814755,0.09970479614457872,1.2685088651220202,3408.8041897580583,0.9888470024446906,10.431861877441406,1.3526596599891088,181.7660410724594,0.24715462796598256
2025-02-26 06:00:00,https://soho.nascom.nasa.gov/data/REPROCESSING/Completed/2025/hmimag/20250226/20250226_0600_hmimag_1024.jpg,5.359406964361455,88.54463481903076,62.92405873055425,-0.45223139851481864,1.8286994368825606,0.9997475026221093,0.0998091490855586,1.2714653189004235,3404.849127992396,0.9888618733393418,10.396024703979492,1.3537520715970883,181.68782142825032,0.24778858456427677
2025-02-26 07:30:00,https://soho.nascom.nasa.gov/data/REPROCESSING/Completed/2025/hmimag/20250226/20250226_0730_hmimag_1024.jpg,5.347961373286707,88.45177459716797,62.86265292068719,-0.45125731710629685,1.8332538057490253,0.9997470092145451,0.10002487195015419,1.2767843113090214,3396.0944604282085,0.9888727053157702,10.20980453491211,1.353325460331784,177.98099568341172,0.24853006262778116
2025-02-26 09:00:00,https://soho.nascom.nasa.gov/data/REPROCESSING/Completed/2025/hmimag/20250226/20250226_0900_hmimag_1024.jpg,5.3408047723002845,88.47737979888916,62.8653553982399,-0.45212114696890116,1.8347175638512168,0.9997470309598854,0.1000724814075511,1.27169581342949,3395.7088427151984,0.9888489624980463,10.128786087036133,1.3541839131351856,176.90294513966575,0.2488720380148396
2025-02-26 10:30:00,https://soho.nascom.nasa.gov/data/REPROCESSING/Completed/2025/hmimag/20250226/20250226_1030_hmimag_1024.jpg,5.338889656244087,88.50543022155762,62.87393027607384,-0.4524029562770403,1.8355883800160389,0.9997470999386223,0.10007574604787806,1.2774281122440574,3396.232341288728,0.9888463734316884,10.08846664428711,1.3529122595305005,175.3196792634351,0.24926527418434294
2025-02-26 12:00:00,https://soho.nascom.nasa.gov/data/REPROCESSING/Completed/2025/hmimag/20250226/20250226_1200_hmimag_1024.jpg,5.336261408893169,88.51568794250488,62.86083389423766,-0.4529811713906117,1.8374588639531655,0.9997469945762679,0.10008487757841067,1.277730516473748,3393.95335772794,0.9888233764151468,10.08560562133789,1.3531387154510204,174.89575517889523,0.24906763733035225
2025-02-26 13:30:00,https://soho.nascom.nasa.gov/data/REPROCESSING/Completed/2025/hmimag/20250226/20250226_1330_hmimag_1024.jpg,5.338373706945,88.59273147583008,62.88552638768617,-0.45437708957153056,1.8369522695425493,0.9997471931761537,0.09997190590001992,1.2735349709024637,3396.854408653673,0.988835605608942,10.063060760498047,1.3540117411604236,174.16295307319805,0.2490490207785616
2025-02-26 15:00:00,https://soho.nascom.nasa.gov/data/REPROCESSING/Completed/2025/hmimag/20250226/20250226_1500_hmimag_1024.jpg,5.341270603411583,88.6212329864502,62.8874492767158,-0.45492138764133355,1.8375201952510067,0.9997472086319928,0.09980225166691525,1.2778556477993117,3396.799632728883,0.9887739504322884,10.096752166748047,1.3544253433293176,175.30190138598846,0.2487142269106499
2025-02-26 16:30:00,https://soho.nascom.nasa.gov/data/REPROCESSING/Completed/2025/hmimag/20250226/20250226_1630_hmimag_1024.jpg,5.3453780422639205,88.5327501296997,62.82649161156127,-0.45307546585256575,1.8400979935965178,0.9997467179745676,0.09975636182571179,1.275319044962031,3389.0297299306044,0.9887816926548182,10.124853134155273,1.3560956716524246,175.2575009239641,0.24873010319037378
2025-02-26 18:00:00,https://soho.nascom.nasa.gov/data/REPROCESSING/Completed/2025/hmimag/20250226/20250226_1800_hmimag_1024.jpg,5.350751494343026,88.58899784088135,62.86175794023122,-0.4535728369174168,1.8378049602110322,0.999747002012515,0.09965806578293268,1.2738938021607864,3393.893336107793,0.9888205065222953,10.20307731628418,1.354102461848217,177.3128209065671,0.24836376347262737
2025-02-26 19:30:00,https://soho.nascom.nasa.gov/data/REPROCESSING/Completed/2025/hmimag/20250226/20250226_1930_hmimag_1024.jpg,5.871341958676677,87.82497119903564,65.60348167970554,-0.2117154254106828,1.7691106104962993,0.9997677020778153,0.09559035010897787,1.2717503515533022,3731.7713876637745,0.9888209227631919,18.573923110961914,1.3563377282325806,434.7041250244178,0.23053223058492586
2025-02-26 21:00:00,https://soho.nascom.nasa.gov/data/REPROCESSING/Completed/2025/hmimag/20250226/20250226_2100_hmimag_1024.jpg,5.366886634531159,88.77070426940918,62.98437919047224,-0.4559770522118917,1.8284012250630821,0.9997479859047373,0.09943325243875734,1.2679877366948333,3411.519281681123,0.9887804540843531,10.416313171386719,1.3545044533845734,179.94571974236166,0.24705957679703464
2025-02-26 22:30:00,https://soho.nascom.nasa.gov/data/REPROCESSING/Completed/2025/hmimag/20250226/20250226_2230_hmimag_1024.jpg,5.3626415005129004,88.78209114074707,62.973512221515485,-0.4585176650720116,1.825532538553466,0.9997478989419786,0.09952299424185185,1.2692311865260488,3411.6811597136098,0.9887941874607449,10.44683837890625,1.3550298560578768,180.04790058051572,0.24695111429713665
2025-02-27 00:00:00,https://soho.nascom.nasa.gov/data/REPROCESSING/Completed/2025/hmimag/20250227/20250227_0000_hmimag_1024.jpg,5.355727988617634,88.75821208953857,62.952385436997886,-0.46020610637585474,1.8242787248433225,0.9997477297463375,0.09975260858846013,1.2630377671330344,3409.978057275174,0.9888070898792999,10.429815292358398,1.3551260669326357,180.6858625812334,0.2471233683327179
2025-02-27 01:30:00,https://soho.nascom.nasa.gov/data/REPROCESSING/Completed/2025/hmimag/20250227/20250227_0130_hmimag_1024.jpg,5.3570408316169,88.74542903900146,62.96603580496947,-0.4598006699614156,1.8223281325665455,0.9997478390859279,0.09975790581665933,1.2661255845306394,3412.3695589766226,0.9888288392736795,10.455530166625977,1.354089974201906,180.27422304349588,0.24716464473480118
2025-02-27 03:00:00,https://soho.nascom.nasa.gov/data/REPROCESSING/Completed/2025/hmimag/20250227/20250227_0300_hmimag_1024.jpg,5.356840634531222,88.74136161804199,62.988437656915316,-0.45849004044097336,1.8227080384427972,0.9997480183710159,0.09977995205917978,1.271464445268647,3414.6201244905874,0.9888001147662093,10.421928405761719,1.3548148090638739,179.93328241845012,0.247219440377604
2025-02-27 04:30:00,https://soho.nascom.nasa.gov/data/REPROCESSING/Completed/2025/hmimag/20250227/20250227_0430_hmimag_1024.jpg,5.358958660136803,88.69354438781738,63.005413072192304,-0.4548096110450535,1.8241967112155835,0.9997481541002882,0.09994996367458953,1.2707116185145897,3415.7636246662933,0.9888470356012355,10.389984130859375,1.3527749718234956,178.8061071274671,0.24748401114745497
2025-02-27 06:00:00,https://soho.nascom.nasa.gov/data/REPROCESSING/Completed/2025/hmimag/20250227/20250227_0600_hmimag_1024.jpg,5.355718501182053,88.60679817199707,62.969531109605065,-0.45278890730647103,1.8269002269873862,0.9997478670719242,0.10000423562814831,1.267527478864905,3410.6111805247797,0.9888295590392921,10.331626892089844,1.3529549827442764,177.97127363727384,0.2474971903207624
2025-02-27 07:30:00,https://soho.nascom.nasa.gov/data/REPROCESSING/Completed/2025/hmimag/20250227/20250227_0730_hmimag_1024.jpg,5.344642956054065,88.53913879394531,62.92183528806171,-0.4526707665738117,1.8303414697054865,0.9997474847815124,0.10016347606688214,1.2744612928244488,3403.8446681301234,0.9888363261250026,10.159103393554688,1.354425533578443,174.82603620076802,0.24857240505733674
2025-02-27 09:00:00,https://soho.nascom.nasa.gov/data/REPROCESSING/Completed/2025/hmimag/20250227/20250227_0900_hmimag_1024.jpg,5.3360168340019385,88.5204963684082,62.90145670421541,-0.4527944179969451,1.8331827509727947,0.9997473211784442,0.1002888823968533,1.2760943348196954,3400.3213773407037,0.9888404345817203,10.067680358886719,1.35358981309729,173.76270867914738,0.24888024121005073
2025-02-27 10:30:00,https://soho.nascom.nasa.gov/data/REPROCESSING/Completed/2025/hmimag/20250227/20250227_1030_hmimag_1024.jpg,5.331538444865461,88.5290174484253,62.8916888912926,-0.45380063950895067,1.8339837549950753,0.9997472427042521,0.10031003630683699,1.274382614650054,3398.8941807241886,0.9888330005742976,10.017972946166992,1.3537233527775854,172.49440513152558,0.24920756184996978
2025-02-27 12:00:00,https://soho.nascom.nasa.gov/data/REPROCESSING/Completed/2025/hmimag/20250227/20250227_1200_hmimag_1024.jpg,5.330155627376339,88.58559513092041,62.912239282904295,-0.4550906199661788,1.833369759471732,0.9997474077627938,0.10032716353816795,1.2777196069059922,3401.4005011653676,0.9888048273542577,10.040639877319336,1.3537305214091018,172.14459220146745,0.2492446846102003
2025-02-27 13:30:00,https://soho.nascom.nasa.gov/data/REPROCESSING/Completed/2025/hmimag/20250227/20250227_1330_hmimag_1024.jpg,5.331252757845732,88.54030132293701,62.869992558488086,-0.45486808782285665,1.835638675971057,0.9997470682660142,0.1001457183920138,1.275911951532957,3395.783689564832,0.9887945027596152,10.060995101928711,1.3525744103163602,171.58421939260796,0.2488645933984541
2025-02-27 15:00:00,https://soho.nascom.nasa.gov/data/REPROCESSING/Completed/2025/hmimag/20250227/20250227_1500_hmimag_1024.jpg,5.33042493053203,88.6005048751831,62.88852881378955,-0.4560071898704121,1.8363141084789947,0.9997472173084981,0.10015196108906821,1.2728021164182122,3397.4738881743574,0.9887768273178711,10.043149948120117,1.3542121958951951,171.64505235000658,0.24891524664435968
2025-02-27 16:30:00,https://soho.nascom.nasa.gov/data/REPROCESSING/Completed/2025/hmimag/20250227/20250227_1630_hmimag_1024.jpg,5.334182418303445,88.55978870391846,62.85760285928657,-0.45524947815752176,1.836952224069586,0.9997469685719824,0.1000796393800556,1.2755912939972855,3393.838438313886,0.9887835592748117,10.05760383605957,1.3537303016840974,172.41624243052905,0.2489188932366712
2025-02-27 18:00:00,https://soho.nascom.nasa.gov/data/REPROCESSING/Completed/2025/hmimag/20250227/20250227_1800_hmimag_1024.jpg,5.340469423480511,88.54702663421631,62.84474246651961,-0.4549313246650384,1.836459569080248,0.9997468650281515,0.09994798404477478,1.270143239488043,3392.6773458400994,0.9887330961506846,10.116518020629883,1.353803163519726,173.2568937279756,0.2485598015875219
2025-02-27 19:30:00,https://soho.nascom.nasa.gov/data/REPROCESSING/Completed/2025/hmimag/20250227/20250227_1930_hmimag_1024.jpg,5.3516475271337915,88.58000469207764,62.872612153825685,-0.4549812666669829,1.8329165687131828,0.9997470893371101,0.09978247339859081,1.2741694899528602,3397.3268716634093,0.9887899990326742,10.259878158569336,1.354201308588494,175.1546422691592,0.2479084507488579
2025-02-27 21:00:00,https://soho.nascom.nasa.gov/data/REPROCESSING/Completed/2025/hmimag/20250227/20250227_2100_hmimag_1024.jpg,5.355774131981466,88.61841773986816,62.89177131371444,-0.4566273479950724,1.8287136377204039,0.9997472433665832,0.0997366022256756,1.2724263576893664,3401.349247840606,0.9888413862544145,10.392219543457031,1.3541205716894043,178.0077836859331,0.24698928164106546
2025-02-27 22:30:00,https://soho.nascom.nasa.gov/data/REPROCESSING/Completed/2025/hmimag/20250227/20250227_2230_hmimag_1024.jpg,5.352356189204955,88.68149089813232,62.91663298035858,-0.45954397452159557,1.8258669836000994,0.9997474430315227,0.09974332675847108,1.2708981735269544,3405.36495411274,0.9888106548665284,10.419668197631836,1.3546774838217341,178.12167538081098,0.2470286496403135
2025-02-28 00:00:00,https://soho.nascom.nasa.gov/data/REPROCESSING/Completed/2025/hmimag/20250228/20250228_0000_hmimag_1024.jpg,5.347517434280763,88.66204643249512,62.899740348624796,-0.4608394373664514,1.8240735121282552,0.9997473073919633,0.0999503343973629,1.2692535095189668,3404.3728718127045,0.9888198234676693,10.410419464111328,1.3527421475839134,179.75194164291165,0.24706879397967535
2025-02-28 01:30:00,https://soho.nascom.nasa.gov/data/REPROCESSING/Completed/2025/hmimag/20250228/20250228_0130_hmimag_1024.jpg,5.347734569612873,88.64331817626953,62.91317197117153,-0.4597921859054211,1.8234505377004062,0.9997474152502104,0.10000356386808562,1.267549341610982,3406.1178273708315,0.9888235184176504,10.40826416015625,1.3533703112045523,179.6110246574748,0.2471006618000951
2025-02-28 03:00:00,https://soho.nascom.nasa.gov/data/REPROCESSING/Completed/2025/hmimag/20250228/20250228_0300_hmimag_1024.jpg,5.348091388151716,88.63862037658691,62.93109035317334,-0.45883256839894687,1.823390969568756,0.999747559030441,0.10004935288088745,1.2666094358038211,3408.086139344059,0.9888365121911679,10.419757843017578,1.3534055565335623,179.403279292534,0.24731286913121076
2025-02-28 04:30:00,https://soho.nascom.nasa.gov/data/REPROCESSING/Completed/2025/hmimag/20250228/20250228_0430_hmimag_1024.jpg,5.349591117967835,88.6092586517334,62.950906840279714,-0.45625580986388603,1.8240325323408124,0.999747717898494,0.10019607746653492,1.2642310897725606,3409.932926439113,0.9888815289492656,10.388187408447266,1.3514281033615476,178.01055201944365,0.24724120247738493
2025-02-28 06:00:00,https://soho.nascom.nasa.gov/data/REPROCESSING/Completed/2025/hmimag/20250228/20250228_0600_hmimag_1024.jpg,5.349823026200442,88.48174476623535,62.905560815607586,-0.4524088231581345,1.8275280389717736,0.9997473541397977,0.10025110573405982,1.268877766345843,3403.392714400891,0.9888620215903863,10.263397216796875,1.3509076290873143,175.90321102307763,0.24787783254441195
2025-02-28 07:30:00,https://soho.nascom.nasa.gov/data/REPROCESSING/Completed/2025/hmimag/20250228/20250228_0730_hmimag_1024.jpg,5.338166447319858,88.32432842254639,62.81084516948936,-0.4503752309006683,1.833452166081981,0.9997465918036252,0.10042509086997597,1.2717775169719963,3390.4073312216033,0.9888257114658512,10.157609939575195,1.3517683111894534,172.81257746519984,0.2485155623494318
2025-02-28 09:00:00,https://soho.nascom.nasa.gov/data/REPROCESSING/Completed/2025/hmimag/20250228/20250228_0900_hmimag_1024.jpg,5.328667475989625,88.27460289001465,62.77592679090951,-0.4499345835941355,1.8375340715534039,0.9997463098860391,0.10057937077181123,1.2732158077906934,3384.756384707242,0.9888301665770155,10.059444427490234,1.3519998389331105,172.1339479328497,0.24912653670530863
2025-02-28 10:30:00,https://soho.nascom.nasa.gov/data/REPROCESSING/Completed/2025/hmimag/20250228/20250228_1030_hmimag_1024.jpg,5.324167113927533,88.39422035217285,62.83806909662781,-0.4516286836780371,1.8378997472513041,0.9997468112733083,0.10059917645230598,1.280268792678301,3391.2921798510874,0.9888447957072455,10.016124725341797,1.3510246236629313,170.5189363310873,0.24916661700537387
2025-02-28 12:00:00,https://soho.nascom.nasa.gov/data/REPROCESSING/Completed/2025/hmimag/20250228/20250228_1200_hmimag_1024.jpg,5.324713266212333,88.36721134185791,62.81885804324662,-0.4505968877535895,1.8411958687431211,0.9997466564302059,0.1004475843092223,1.281417686316541,3387.701033555821,0.9888236528855298,10.009099960327148,1.3537993345524546,169.83207172074054,0.24930821519544002
2025-02-28 13:30:00,https://soho.nascom.nasa.gov/data/REPROCESSING/Completed/2025/hmimag/20250228/20250228_1330_hmimag_1024.jpg,5.323432028178697,88.4344596862793,62.84808982464819,-0.45150302584714286,1.8412684758424707,0.9997468919851006,0.10044150219437142,1.2812734583499812,3390.8211668431622,0.9888024639828512,10.002799987792969,1.3524785475120393,169.7086130875867,0.2492395299100463
2025-02-28 15:00:00,https://soho.nascom.nasa.gov/data/REPROCESSING/Completed/2025/hmimag/20250228/20250228_1500_hmimag_1024.jpg,5.3259041195808665,88.41351222991943,62.8400990485381,-0.45019082899551854,1.8430482254607468,0.9997468276266409,0.10043150108504051,1.287025501433733,3389.140294885059,0.9888345398896176,10.022283554077148,1.3523840953327666,170.61941620477666,0.24906091521061505
2025-02-28 16:30:00,https://soho.nascom.nasa.gov/data/REPROCESSING/Completed/2025/hmimag/20250228/20250228_1630_hmimag_1024.jpg,5.331856820571007,88.34801578521729,62.80532016034822,-0.448456772050478,1.8445161038770188,0.9997465472281241,0.10027563360017666,1.2808972072455809,3384.716159648976,0.9887895024022737,10.081533432006836,1.3531988287662473,171.0582482546007,0.24888599134004347
2025-02-28 18:00:00,https://soho.nascom.nasa.gov/data/REPROCESSING/Completed/2025/hmimag/20250228/20250228_1800_hmimag_1024.jpg,5.336237562218617,88.33111763000488,62.792948909653646,-0.4483736472956126,1.8434591803126725,0.9997464473748249,0.10025967285582738,1.2819372228397694,3383.867713934926,0.9888023194108716,10.144580841064453,1.3533160420339543,172.62992575689285,0.24846955075816973
2025-02-28 19:30:00,https://soho.nascom.nasa.gov/data/REPROCESSING/Completed/2025/hmimag/20250228/20250228_1930_hmimag_1024.jpg,5.345180423925461,88.33516120910645,62.80027283252649,-0.44849891013652693,1.8399584548347074,0.999746506496252,0.10012155188815086,1.2799558548073047,3386.2658962669266,0.9887849198870139,10.254364013671875,1.3535125081737045,173.56384863295943,0.2478661737964827
2025-02-28 21:00:00,https://soho.nascom.nasa.gov/data/REPROCESSING/Completed/2025/hmimag/20250228/20250228_2100_hmimag_1024.jpg,5.349916789263224,88.45095157623291,62.866237184388616,-0.45176014438351675,1.8329277682779588,0.9997470380545236,0.10003328459970362,1.278461185801475,3396.6327740239676,0.9887929661893327,10.348234176635742,1.3545436492786354,175.42290787384374,0.2472819330616999
2025-02-28 22:30:00,https://soho.nascom.nasa.gov/data/REPROCESSING/Completed/2025/hmimag/20250228/20250228_2230_hmimag_1024.jpg,5.345857881054137,88.51086330413818,62.888161301826415,-0.45535089936092454,1.8282222566690227,0.9997472143547641,0.10008777156144788,1.276363499345401,3401.187281964951,0.9887964889977536,10.385225296020508,1.3528283807780574,176.502404543469,0.2469953632838396
2025-03-01 00:00:00,https://soho.nascom.nasa.gov/data/REPROCESSING/Completed/2025/hmimag/20250301/20250301_0000_hmimag_1024.jpg,5.342144795750241,88.40003108978271,62.811349087767674,-0.4559600951956943,1.8276743338974235,0.9997465958686279,0.10019615960118244,1.2788886776523627,3393.138130877385,0.988795445524395,10.416341781616211,1.3545810657883437,177.98581094872063,0.24705258757116522
2025-03-01 01:30:00,https://soho.nascom.nasa.gov/data/REPROCESSING/Completed/2025/hmimag/20250301/20250301_0130_hmimag_1024.jpg,5.341504966256515,88.3756799697876,62.81888946196775,-0.4552096886079316,1.8265500134509904,0.99974665668356,0.1003285857859737,1.2782123934129956,3394.4750190250356,0.988838103483201,10.428056716918945,1.3526190879387154,177.9237271955771,0.2472301393762522
2025-03-01 03:00:00,https://soho.nascom.nasa.gov/data/REPROCESSING/Completed/2025/hmimag/20250301/20250301_0300_hmimag_1024.jpg,5.342271768937654,88.35300064086914,62.83739165369246,-0.4530649204634112,1.8272283774135276,0.9997468058154622,0.10039131690791692,1.2828655044681185,3396.1595967894946,0.988846133015958,10.365814208984375,1.3532795353804412,177.46033493860222,0.24732303393949284
2025-03-01 04:30:00,https://soho.nascom.nasa.gov/data/REPROCESSING/Completed/2025/hmimag/20250301/20250301_0430_hmimag_1024.jpg,5.343294421583811,88.3781566619873,62.89722772510791,-0.4509845020828721,1.826852091234732,0.999747287207493,0.10044246201687201,1.2801312934834375,3402.8057728150125,0.9888546164453923,10.339061737060547,1.3536316811144344,175.7265693613966,0.24745314063293866
2025-03-01 06:00:00,https://soho.nascom.nasa.gov/data/REPROCESSING/Completed/2025/hmimag/20250301/20250301_0600_hmimag_1024.jpg,5.342349810663589,88.23437213897705,62.839986546426964,-0.4472540059621888,1.8306317725012486,0.9997468267203632,0.10050794839116861,1.284498346077883,3394.8603803030933,0.9888753084963317,10.272432327270508,1.3529274531582636,174.91907453163654,0.24786304022998584
2025-03-01 07:30:00,https://soho.nascom.nasa.gov/data/REPROCESSING/Completed/2025/hmimag/20250301/20250301_0730_hmimag_1024.jpg,5.332388768621884,88.10007858276367,62.76633620485087,-0.4452641839159585,1.8357083337641007,0.9997462323729828,0.10069077982007002,1.284260604157927,3384.5632743928995,0.9888370547066951,10.154338836669922,1.352797785537726,172.23715003399838,0.24874664283466677
2025-03-01 09:00:00,https://soho.nascom.nasa.gov/data/REPROCESSING/Completed/2025/hmimag/20250301/20250301_0900_hmimag_1024.jpg,5.324470118834255,88.11061477661133,62.76936087256132,-0.4453126805014703,1.83849593947728,0.9997462568227934,0.10073770916824287,1.2836494139056192,3383.605673397301,0.9888499219196483,10.040031433105469,1.3510264430254741,170.82493747179518,0.24912631083389006
2025-03-01 10:30:00,https://soho.nascom.nasa.gov/data/REPROCESSING/Completed/2025/hmimag/20250301/20250301_1030_hmimag_1024.jpg,5.320604228698903,88.10442066192627,62.75240676693372,-0.44606713163167316,1.839318891453497,0.9997461197291693,0.10079339756157424,1.2874321719106245,3381.399751473968,0.9888578880745107,10.010686874389648,1.3532390742905298,169.5642358304207,0.24943719114072846
2025-03-01 12:00:00,https://soho.nascom.nasa.gov/data/REPROCESSING/Completed/2025/hmimag/20250301/20250301_1200_hmimag_1024.jpg,5.321507825873128,88.08630084991455,62.731713897224175,-0.44582684203235873,1.840315052427655,0.9997459522527001,0.10077166705559648,1.2866783103575414,3378.712679295616,0.9888436960967998,10.004365921020508,1.3529400669952383,169.64886091412743,0.2494639438654463
2025-03-01 13:30:00,https://soho.nascom.nasa.gov/data/REPROCESSING/Completed/2025/hmimag/20250301/20250301_1330_hmimag_1024.jpg,5.319941025382511,88.16849613189697,62.76800990634509,-0.4475212498955539,1.8392954590121375,0.9997462459027352,0.10073628736427054,1.2836814298802364,3383.092279035471,0.988814163166723,9.971345901489258,1.353662395484459,168.8877231699897,0.2494127263650939
2025-03-01 15:00:00,https://soho.nascom.nasa.gov/data/REPROCESSING/Completed/2025/hmimag/20250301/20250301_1500_hmimag_1024.jpg,5.3237025708443735,88.07099342346191,62.704169441591766,-0.44597563759577363,1.841024691232841,0.9997457290661328,0.10064369675819762,1.2825574935047221,3375.4209075977788,0.9888130207822894,10.016155242919922,1.351827694498819,169.83948466735146,0.24934624542013803
2025-03-01 16:30:00,https://soho.nascom.nasa.gov/data/REPROCESSING/Completed/2025/hmimag/20250301/20250301_1630_hmimag_1024.jpg,5.329163076037064,88.03215408325195,62.681794899752795,-0.44503066227726645,1.8415340183166098,0.9997455475536805,0.10050183853127237,1.288060168869244,3372.7792054898264,0.9887531227525426,10.033550262451172,1.3529933941591568,170.06666047238147,0.24903107315654166
2025-03-01 18:00:00,https://soho.nascom.nasa.gov/data/REPROCESSING/Completed/2025/hmimag/20250301/20250301_1800_hmimag_1024.jpg,5.337684979352675,88.04873847961426,62.69252510635925,-0.44562677630733627,1.8379891718777939,0.9997456346262372,0.10034421159798512,1.2825406949881408,3375.559658463391,0.9888417226313865,10.102840423583984,1.3540454952754721,172.26371824837935,0.24861511384096693
2025-03-01 19:30:00,https://soho.nascom.nasa.gov/data/REPROCESSING/Completed/2025/hmimag/20250301/20250301_1930_hmimag_1024.jpg,5.348078310088822,88.03205108642578,62.69123674649827,-0.44523828436468815,1.8343457189379606,0.9997456241739265,0.10017897607576742,1.2862956662606873,3377.0957743169656,0.988745211817288,10.21041488647461,1.3532767671346226,173.0174855712385,0.24801889720194203
2025-03-01 21:00:00,https://soho.nascom.nasa.gov/data/REPROCESSING/Completed/2025/hmimag/20250301/20250301_2100_hmimag_1024.jpg,5.3518067091610835,88.12574672698975,62.75334887033898,-0.44737363485548415,1.8283701323908368,0.9997461273500836,0.10027575099957176,1.2856693986436858,3386.5522826586816,0.9888461977876166,10.35023307800293,1.3534275321959954,175.29930747554403,0.2473641972166763
2025-03-01 22:30:00,https://soho.nascom.nasa.gov/data/REPROCESSING/Completed/2025/hmimag/20250301/20250301_2230_hmimag_1024.jpg,5.350621129171824,88.19856929779053,62.79286214735723,-0.4498560566556149,1.8242119268829962,0.9997464466743234,0.10030123544856906,1.2811504158984979,3392.749032040561,0.9887989393086726,10.353326797485352,1.3532311769134862,176.0952493305902,0.24735812576602623
2025-03-02 00:00:00,https://soho.nascom.nasa.gov/data/REPROCESSING/Completed/2025/hmimag/20250302/20250302_0000_hmimag_1024.jpg,5.349015299470495,88.14951515197754,62.760507010300934,-0.4510355372781606,1.8213192829695597,0.9997461852428954,0.10035214252093283,1.2772060350526637,3390.598498324149,0.9887986127232513,10.41519546508789,1.354649424483625,177.99991241354883,0.24704786405118173
2025-03-02 01:30:00,https://soho.nascom.nasa.gov/data/REPROCESSING/Completed/2025/hmimag/20250302/20250302_0130_hmimag_1024.jpg,5.34923911891099,88.08356189727783,62.75220792026658,-0.44992253166996665,1.8192630315478686,0.999746118120604,0.10047528525319649,1.2830072807281334,3390.659261567096,0.9888402540876495,10.432332992553711,1.3531472089878183,176.93587030698552,0.24716867108504167
2025-03-02 03:00:00,https://soho.nascom.nasa.gov/data/REPROCESSING/Completed/2025/hmimag/20250302/20250302_0300_hmimag_1024.jpg,5.347983609644864,88.00114154815674,62.7392330859354,-0.44665666423636785,1.8223946580363164,0.999746013127953,0.10045584486761072,1.2855980242826184,3387.8003057301557,0.9888297636509591,10.410554885864258,1.352941028272108,177.11236768440918,0.2473990601654131
2025-03-02 04:30:00,https://soho.nascom.nasa.gov/data/REPROCESSING/Completed/2025/hmimag/20250302/20250302_0430_hmimag_1024.jpg,5.3496531773753775,87.9374771118164,62.739824625081525,-0.4435151643732905,1.8241996829651062,0.9997460179161178,0.10053089999200893,1.2878809093763826,3387.025815565906,0.9888494600331569,10.36081314086914,1.3539585075332528,175.28036556571396,0.24754189324744746
2025-03-02 06:00:00,https://soho.nascom.nasa.gov/data/REPROCESSING/Completed/2025/hmimag/20250302/20250302_0600_hmimag_1024.jpg,5.348610718784546,87.85019397735596,62.72697784039675,-0.44004989428822344,1.8268828839665237,0.9997459138984127,0.10060458486987045,1.290596710280687,3384.3950493631714,0.9888413794130982,10.253950119018555,1.3532380138171558,174.8849912224311,0.24819822261969063
2025-03-02 07:30:00,https://soho.nascom.nasa.gov/data/REPROCESSING/Completed/2025/hmimag/20250302/20250302_0730_hmimag_1024.jpg,5.337989988877536,87.7230224609375,62.65279535189923,-0.43791535262910175,1.8327875023159372,0.999745312006845,0.10077333717345027,1.2958089182322892,3373.672152106213,0.9888221763358138,10.143550872802734,1.352470654437023,172.3454333179327,0.24886224062927093
2025-03-02 09:00:00,https://soho.nascom.nasa.gov/data/REPROCESSING/Completed/2025/hmimag/20250302/20250302_0900_hmimag_1024.jpg,5.331291964208642,87.69682693481445,62.64666403242472,-0.4370295570054904,1.8357348559484827,0.9997452621637422,0.1008907424275094,1.2959765665651255,3371.6571808058466,0.9888376635495054,10.071224212646484,1.352882394080165,171.9574809002323,0.24934048010610937
2025-03-02 10:30:00,https://soho.nascom.nasa.gov/data/REPROCESSING/Completed/2025/hmimag/20250302/20250302_1030_hmimag_1024.jpg,5.328812881712531,87.76883697509766,62.691755307691636,-0.4370530465526403,1.8371699180203174,0.9997456283810294,0.10092431505472632,1.2996183034893651,3375.8530081091494,0.9888022624130746,10.054096221923828,1.3531998759233683,171.0305401408057,0.2494281461846584
2025-03-02 12:00:00,https://soho.nascom.nasa.gov/data/REPROCESSING/Completed/2025/hmimag/20250302/20250302_1200_hmimag_1024.jpg,5.328554465161813,87.72549533843994,62.65108761229793,-0.43704274388367015,1.838353915838993,0.999745298125652,0.10086615912587149,1.2992500463738326,3370.931661584381,0.9888148948526162,10.01121711730957,1.3532665661557803,170.89811038829055,0.24947613917151915
2025-03-02 13:30:00,https://soho.nascom.nasa.gov/data/REPROCESSING/Completed/2025/hmimag/20250302/20250302_1330_hmimag_1024.jpg,5.329080892562118,87.77222061157227,62.66966693907568,-0.4380604793735686,1.8379353930208706,0.9997454490849189,0.10082402256739442,1.2956037900479132,3373.1232725505524,0.9887764360120543,10.023067474365234,1.352383311348695,170.95003375058556,0.24948145919377768
2025-03-02 15:00:00,https://soho.nascom.nasa.gov/data/REPROCESSING/Completed/2025/hmimag/20250302/20250302_1500_hmimag_1024.jpg,5.334773648603816,87.72397518157959,62.64630880897745,-0.43612040620811704,1.839426277132862,0.9997452592755893,0.1007553401250334,1.295409813618488,3369.9261010407768,0.9888155622522312,10.071737289428711,1.3516584678439159,171.95526429634168,0.24918860052368086
2025-03-02 16:30:00,https://soho.nascom.nasa.gov/data/REPROCESSING/Completed/2025/hmimag/20250302/20250302_1630_hmimag_1024.jpg,5.339518766339874,87.66602230072021,62.61064379087471,-0.4351735845873652,1.8394410053744155,0.9997449690500959,0.10061293182843656,1.290675743526067,3366.0834063466164,0.9888845404551924,10.096319198608398,1.3531598756926315,172.28070559311058,0.24922176475641653
2025-03-02 18:00:00,https://soho.nascom.nasa.gov/data/REPROCESSING/Completed/2025/hmimag/20250302/20250302_1800_hmimag_1024.jpg,5.343664973385242,87.63749408721924,62.5872832536989,-0.4354423136074312,1.8380517665014457,0.9997447786839158,0.10055317108162853,1.2939120529644355,3364.20743397445,0.9888205195418741,10.13932991027832,1.351841357872604,173.24670773417128,0.24873922559513995
2025-03-02 19:30:00,https://soho.nascom.nasa.gov/data/REPROCESSING/Completed/2025/hmimag/20250302/20250302_1930_hmimag_1024.jpg,5.353589008537858,87.62455558776855,62.5868248256678,-0.4355543766268962,1.833404585918773,0.9997447749460309,0.10046971453630249,1.2967988215995125,3366.2879335808448,0.9888231636711574,10.249820709228516,1.3527205792986625,174.86292594131095,0.2482189090839952
2025-03-02 21:00:00,https://soho.nascom.nasa.gov/data/REPROCESSING/Completed/2025/hmimag/20250302/20250302_2100_hmimag_1024.jpg,5.357983634228099,87.7262077331543,62.65786443085349,-0.4380066926275978,1.8264104641581436,0.9997453532036713,0.10044760652453988,1.2904728230998566,3377.1595649446454,0.988803163200207,10.365726470947266,1.3515896570282269,175.93580941506804,0.24737570838855735
2025-03-02 22:30:00,https://soho.nascom.nasa.gov/data/REPROCESSING/Completed/2025/hmimag/20250302/20250302_2230_hmimag_1024.jpg,5.35630298982374,87.74628257751465,62.6539165300852,-0.4404572468031535,1.82331602674227,0.9997453211196143,0.10042155996052315,1.2897317533772115,3378.1658007160204,0.9888405227485362,10.395984649658203,1.3535118675830087,176.6490477368259,0.24747005856389015
2025-03-03 00:00:00,https://soho.nascom.nasa.gov/data/REPROCESSING/Completed/2025/hmimag/20250303/20250303_0000_hmimag_1024.jpg,5.354605497336468,87.6748914718628,62.61921139138026,-0.44051060268705267,1.8216068328322859,0.9997450388145249,0.10050404111279931,1.2921122397070581,3375.2156509050683,0.9887952111600726,10.45094108581543,1.3541749973802395,178.81260368774898,0.24734742818923658
2025-03-03 01:30:00,https://soho.nascom.nasa.gov/data/REPROCESSING/Completed/2025/hmimag/20250303/20250303_0130_hmimag_1024.jpg,5.354438797207963,87.6156177520752,62.612214061988475,-0.4390506515859532,1.8211883949434213,0.9997449818386738,0.10061961184692336,1.2981235436491874,3374.6551850917003,0.9887987280363717,10.44662094116211,1.3530683474834155,178.553673981214,0.24735055810647782
2025-03-03 03:00:00,https://soho.nascom.nasa.gov/data/REPROCESSING/Completed/2025/hmimag/20250303/20250303_0300_hmimag_1024.jpg,5.354101330703095,87.5623722076416,62.60608601230475,-0.4371109725486435,1.8228329698481447,0.9997449319252575,0.10058920567462337,1.2991800425605744,3373.2333726443444,0.9888182736259008,10.400096893310547,1.3530658248773313,177.79952312870498,0.24743059589904917
2025-03-03 04:30:00,https://soho.nascom.nasa.gov/data/REPROCESSING/Completed/2025/hmimag/20250303/20250303_0430_hmimag_1024.jpg,5.3548811505168175,87.50894451141357,62.61621679444871,-0.4337064049388321,1.8250925695147704,0.9997450144333153,0.10065912710342673,1.3000290734851394,3373.280258390863,0.9888252225189569,10.359174728393555,1.3523045958793862,177.06500306057708,0.2479516798467812
2025-03-03 06:00:00,https://soho.nascom.nasa.gov/data/REPROCESSING/Completed/2025/hmimag/20250303/20250303_0600_hmimag_1024.jpg,5.353763488297019,87.37943649291992,62.57792027176025,-0.42975201306234323,1.8283810790999215,0.9997447023246753,0.10069075460341992,1.2997855933830398,3367.6393200424754,0.9888269290367118,10.281532287597656,1.352102648078352,176.28885734775434,0.24827638388062226
2025-03-03 07:30:00,https://soho.nascom.nasa.gov/data/REPROCESSING/Completed/2025/hmimag/20250303/20250303_0730_hmimag_1024.jpg,5.343223327390526,87.32358932495117,62.5513318374641,-0.4291231042295296,1.8314333497771143,0.999744485297375,0.10089684974627744,1.2993256998980323,3363.3753939122894,0.9888137597302921,10.143741607666016,1.3521971412916918,174.435501850624,0.24922265177557723
2025-03-03 09:00:00,https://soho.nascom.nasa.gov/data/REPROCESSING/Completed/2025/hmimag/20250303/20250303_0900_hmimag_1024.jpg,5.335469486590192,87.27520561218262,62.516165563934834,-0.42904643350405386,1.8339304145428854,0.9997441978284324,0.10101344936447276,1.3054628235492431,3358.4505032418256,0.9887974532538638,10.075813293457031,1.3524094102646544,172.95363416412175,0.2495874177592731
2025-03-03 10:30:00,https://soho.nascom.nasa.gov/data/REPROCESSING/Completed/2025/hmimag/20250303/20250303_1030_hmimag_1024.jpg,5.327998796824959,87.28268146514893,62.493210237110866,-0.4309925951553314,1.8350934387297426,0.9997440099168995,0.10106834241196339,1.3054199384038614,3355.4527198166443,0.9888194749194406,10.001382827758789,1.3530882782417912,172.04497962494293,0.25002418150696604
2025-03-03 12:00:00,https://soho.nascom.nasa.gov/data/REPROCESSING/Completed/2025/hmimag/20250303/20250303_1200_hmimag_1024.jpg,5.328220881618388,87.25810432434082,62.46775582839228,-0.43109746427079026,1.8360199963350756,0.9997438013057863,0.10102277803161996,1.3018262635840119,3352.29675326812,0.9888085507787914,9.997699737548828,1.3531625114316337,171.38915703414997,0.24967231318577573
2025-03-03 13:30:00,https://soho.nascom.nasa.gov/data/REPROCESSING/Completed/2025/hmimag/20250303/20250303_1330_hmimag_1024.jpg,5.3268702721475085,87.2821626663208,62.45947821072488,-0.43256065726105053,1.835437534685952,0.9997437334117878,0.10103243420780927,1.3052105875987576,3351.6742389286596,0.98883546830688,10.029348373413086,1.3534733052709564,171.15841730357707,0.24959354685388901
2025-03-03 15:00:00,https://soho.nascom.nasa.gov/data/REPROCESSING/Completed/2025/hmimag/20250303/20250303_1500_hmimag_1024.jpg,5.332170840528872,87.27843379974365,62.457693595669106,-0.43213821916672945,1.8346788758924082,0.999743718770628,0.10094055282752379,1.3081359865047395,3351.8291256659068,0.9887880256706353,10.058309555053711,1.3522903306038494,172.94902715286005,0.2495278934306277
2025-03-03 16:30:00,https://soho.nascom.nasa.gov/data/REPROCESSING/Completed/2025/hmimag/20250303/20250303_1630_hmimag_1024.jpg,5.334226773719168,87.22491073608398,62.41339302693607,-0.43233727038430164,1.8342280526707258,0.9997433549218411,0.10094111984835763,1.304314018328917,3347.281624578302,0.988868667293187,10.0963134765625,1.35220860299164,172.99430519208835,0.24918735833506622
2025-03-03 18:00:00,https://soho.nascom.nasa.gov/data/REPROCESSING/Completed/2025/hmimag/20250303/20250303_1800_hmimag_1024.jpg,5.341634990661584,87.18452835083008,62.38548631943978,-0.432517856068726,1.8313672782869908,0.9997431253209748,0.10077352068401524,1.3024975093187796,3345.5942364708785,0.9888286206827497,10.140220642089844,1.3523499642839234,174.22011921348604,0.24883889294561884
2025-03-03 19:30:00,https://soho.nascom.nasa.gov/data/REPROCESSING/Completed/2025/hmimag/20250303/20250303_1930_hmimag_1024.jpg,5.353425128148128,87.18552303314209,62.38736860824158,-0.43285501047424046,1.8266273863999818,0.9997431408170875,0.10062259121514217,1.2997375613687945,3347.964507348196,0.9888135665179554,10.25499153137207,1.3527484855405154,176.21257584183408,0.24824923307076832
2025-03-03 21:00:00,https://soho.nascom.nasa.gov/data/REPROCESSING/Completed/2025/hmimag/20250303/20250303_2100_hmimag_1024.jpg,5.357628267898924,87.31501960754395,62.463384508311485,-0.43612763199676635,1.819500464563181,0.9997437654550645,0.10057560007589927,1.2965263775936529,3359.40977743799,0.988771572661112,10.39480972290039,1.3530496567018813,178.08991513254546,0.24773530885474376
2025-03-03 22:30:00,https://soho.nascom.nasa.gov/data/REPROCESSING/Completed/2025/hmimag/20250303/20250303_2230_hmimag_1024.jpg,5.352569883909795,87.29185676574707,62.41765368347884,-0.44008242362335337,1.8144961845118424,0.9997433899490669,0.1006314198821201,1.2977661109813308,3356.803069762412,0.9888411615828818,10.40353012084961,1.3523899102496912,177.53416356648725,0.24754037083514227
2025-03-04 00:00:00,https://soho.nascom.nasa.gov/data/REPROCESSING/Completed/2025/hmimag/20250304/20250304_0000_hmimag_1024.jpg,5.350521823695737,87.31275653839111,62.41882143197779,-0.4428060512630192,1.8103760601031338,0.9997433995479763,0.10068906130254618,1.2979129074714166,3358.8370026900125,0.9888196203740934,10.419633865356445,1.3528172815756887,178.81623225786683,0.24745153286811253
2025-03-04 01:30:00,https://soho.nascom.nasa.gov/data/REPROCESSING/Completed/2025/hmimag/20250304/20250304_0130_hmimag_1024.jpg,5.350253120770875,87.27239036560059,62.40030931340329,-0.44347961561924776,1.807282296917337,0.9997432473146669,0.10074153244931949,1.2985268025602072,3358.280643504261,0.9887836086762812,10.407550811767578,1.353357803971948,178.0786860246296,0.24766610887474627
2025-03-04 03:00:00,https://soho.nascom.nasa.gov/data/REPROCESSING/Completed/2025/hmimag/20250304/20250304_0300_hmimag_1024.jpg,5.34879625969252,87.2375841140747,62.41128149065592,-0.442075887234267,1.8068722309632934,0.9997433375600612,0.10081397211433796,1.302993469854336,3359.652345442852,0.9887918356569962,10.387311935424805,1.3532096246914649,177.5714608549874,0.2477625191917084
2025-03-04 04:30:00,https://soho.nascom.nasa.gov/data/REPROCESSING/Completed/2025/hmimag/20250304/20250304_0430_hmimag_1024.jpg,5.353401694562916,87.08022594451904,62.36243217430066,-0.4374474041768051,1.8092168239736826,0.9997429354118282,0.10083389438477752,1.3019191593516868,3353.307921045692,0.9887832763666045,10.329126358032227,1.3517483487445678,176.62455389782582,0.24797932694885913
2025-03-04 06:00:00,https://soho.nascom.nasa.gov/data/REPROCESSING/Completed/2025/hmimag/20250304/20250304_0600_hmimag_1024.jpg,5.350988691174291,86.98258209228516,62.324695445021895,-0.4352293044184723,1.8113966298776663,0.9997426240997218,0.10087444222517661,1.300448644037129,3348.242780482958,0.9887898427671897,10.26980972290039,1.3521521967672923,176.56884522594916,0.24839712133847863
2025-03-04 07:30:00,https://soho.nascom.nasa.gov/data/REPROCESSING/Completed/2025/hmimag/20250304/20250304_0730_hmimag_1024.jpg,5.342689676989265,86.92350769042969,62.28090694583623,-0.4360332488883169,1.811483849338203,0.999742262153787,0.10104010694522003,1.3024291350886938,3343.4993249154054,0.9888466359466178,10.167522430419922,1.3525997028216017,174.24760086113608,0.2489367013577886
2025-03-04 09:00:00,https://soho.nascom.nasa.gov/data/REPROCESSING/Completed/2025/hmimag/20250304/20250304_0900_hmimag_1024.jpg,5.332565891520981,86.83950424194336,62.20976139398647,-0.4365613927992099,1.81437335590116,0.9997416724506067,0.10118775965202076,1.3084982730609345,3334.5359680109677,0.9888265225082258,10.05837631225586,1.3518560921247886,173.59712316974705,0.2494942478639842
2025-03-04 10:30:00,https://soho.nascom.nasa.gov/data/REPROCESSING/Completed/2025/hmimag/20250304/20250304_1030_hmimag_1024.jpg,5.328266103214971,86.84174728393555,62.191521117163184,-0.4382681758282967,1.813577187542265,0.9997415209367413,0.1011956254405959,1.3059110753610428,3332.9465368237866,0.9887885458299874,10.032089233398438,1.3517233111655589,172.25207636456489,0.24990943025550194
2025-03-04 12:00:00,https://soho.nascom.nasa.gov/data/REPROCESSING/Completed/2025/hmimag/20250304/20250304_1200_hmimag_1024.jpg,5.326160774060531,86.88638973236084,62.19262268377572,-0.4404488456532756,1.8123225968066146,0.9997415300907464,0.10120177000499098,1.3104175483934755,3333.6412910253916,0.9887927269613233,9.999898910522461,1.351543654932166,171.99605520316754,0.24987797354373162
2025-03-04 13:30:00,https://soho.nascom.nasa.gov/data/REPROCESSING/Completed/2025/hmimag/20250304/20250304_1330_hmimag_1024.jpg,5.325761211045007,86.90294361114502,62.175351156956026,-0.4427889451186409,1.8095682152386254,0.9997413865085943,0.10116182956880948,1.304518712289365,3333.057099359661,0.9888423713987619,10.006952285766602,1.3510031757068066,171.3743435250937,0.24967608794365553
2025-03-04 15:00:00,https://soho.nascom.nasa.gov/data/REPROCESSING/Completed/2025/hmimag/20250304/20250304_1500_hmimag_1024.jpg,5.328248255772382,86.82616424560547,62.110071957833874,-0.44262636840792824,1.8101007754018856,0.9997408427457103,0.10110060306396917,1.3017827290143764,3325.817209098476,0.9888651461401068,10.01827621459961,1.3522038549425224,172.24239669818303,0.2494579044828063
2025-03-04 16:30:00,https://soho.nascom.nasa.gov/data/REPROCESSING/Completed/2025/hmimag/20250304/20250304_1630_hmimag_1024.jpg,5.330509792690054,86.85069847106934,62.09950140054492,-0.44498929007950316,1.8072118497288485,0.9997407545337458,0.10101251427659008,1.3076027567121387,3326.0131355035223,0.9888112978944191,10.045551300048828,1.3519465009875542,172.67198721313218,0.24953112709592354
2025-03-04 18:00:00,https://soho.nascom.nasa.gov/data/REPROCESSING/Completed/2025/hmimag/20250304/20250304_1800_hmimag_1024.jpg,5.339712710241688,86.77757358551025,62.043220854425776,-0.44504061426878283,1.804790265157391,0.9997402841099745,0.10080116632161662,1.2988020412592194,3321.100252458287,0.9888440918134643,10.104360580444336,1.3520723485232662,173.7925694862257,0.24906498395088914
2025-03-04 19:30:00,https://soho.nascom.nasa.gov/data/REPROCESSING/Completed/2025/hmimag/20250304/20250304_1930_hmimag_1024.jpg,5.349880055927119,86.82760906219482,62.07949937999658,-0.44592806898500315,1.7994748821042792,0.9997405874923493,0.10068221795700083,1.2996302249407414,3327.437944866318,0.9888630523879557,10.226667404174805,1.3525276593918079,175.23112625564974,0.248524267867158
2025-03-04 21:00:00,https://soho.nascom.nasa.gov/data/REPROCESSING/Completed/2025/hmimag/20250304/20250304_2100_hmimag_1024.jpg,5.826103835475067,87.44040870666504,65.25936433951365,-0.2501024353621609,1.7153656557214259,0.9997652463478978,0.09693502982190694,1.2986719351379377,3721.3155764024345,0.9888907169263527,18.082096099853516,1.3536289882614634,411.7648349085239,0.23165009878119797
2025-03-04 22:30:00,https://soho.nascom.nasa.gov/data/REPROCESSING/Completed/2025/hmimag/20250304/20250304_2230_hmimag_1024.jpg,5.3487959187223835,86.87403964996338,62.07264837236701,-0.452058217545415,1.7891480581676595,0.999740530240918,0.10072101369587472,1.2996038250112605,3331.493575873017,0.988799691025034,10.369653701782227,1.3514817105495545,177.04572466692022,0.24779301194058445
2025-03-05 00:00:00,https://soho.nascom.nasa.gov/data/REPROCESSING/Completed/2025/hmimag/20250305/20250305_0000_hmimag_1024.jpg,5.346436761720555,86.9279727935791,62.10085172754961,-0.4550717497472017,1.7838829225971602,0.9997407658048182,0.10075282558500476,1.301166544596871,3336.979405314153,0.9888759004471597,10.400978088378906,1.3518926394311968,178.87493389167486,0.24766895144363069
2025-03-05 01:30:00,https://soho.nascom.nasa.gov/data/REPROCESSING/Completed/2025/hmimag/20250305/20250305_0130_hmimag_1024.jpg,5.34382517683059,86.8105058670044,62.032558019613994,-0.45545555025575063,1.7815598409609572,0.9997401948398819,0.10085658454772783,1.2934320901405358,3330.7288376644597,0.9888662304854428,10.410863876342773,1.3534709137461935,178.0179709863462,0.24785311034230575
2025-03-05 03:00:00,https://soho.nascom.nasa.gov/data/REPROCESSING/Completed/2025/hmimag/20250305/20250305_0300_hmimag_1024.jpg,5.344057620729734,86.80427742004395,62.04772181555247,-0.4550523236040676,1.7800651766607547,0.9997403217785672,0.10089857891034626,1.3011400349136861,3333.056721839909,0.9888487185777864,10.373550415039062,1.3508699044892782,177.89101292988622,0.24785023286988478
2025-03-05 04:30:00,https://soho.nascom.nasa.gov/data/REPROCESSING/Completed/2025/hmimag/20250305/20250305_0430_hmimag_1024.jpg,5.345466545330662,86.5713357925415,61.93344831262874,-0.45108787410689105,1.7823508539129633,0.9997393628791188,0.10110877403167251,1.3010862356324122,3319.7258695046894,0.988879937492766,10.360288619995117,1.3495995108792538,178.2102448158021,0.24807886443831598
2025-03-05 06:00:00,https://soho.nascom.nasa.gov/data/REPROCESSING/Completed/2025/hmimag/20250305/20250305_0600_hmimag_1024.jpg,5.340991074760472,86.54611110687256,61.92409020297169,-0.45192733282048736,1.7804711693468656,0.9997392841175545,0.10120171490962093,1.3017392494299702,3319.5982943410827,0.9889068758517136,10.250894546508789,1.3496370304501464,177.6856939011497,0.24870602018954804
2025-03-05 07:30:00,https://soho.nascom.nasa.gov/data/REPROCESSING/Completed/2025/hmimag/20250305/20250305_0730_hmimag_1024.jpg,5.330805651537,86.42552947998047,61.83741440780414,-0.4524822161518543,1.7819328074641125,0.999738552920052,0.10134571226808475,1.2984086241956931,3309.6328120076582,0.9888918397784751,10.165061950683594,1.3511029586538186,175.68030726933264,0.2492231753135103
2025-03-05 09:00:00,https://soho.nascom.nasa.gov/data/REPROCESSING/Completed/2025/hmimag/20250305/20250305_0900_hmimag_1024.jpg,5.320011379610145,86.40064334869385,61.78749176221355,-0.45548408468412904,1.7813618353033243,0.9997381303755178,0.10146440790049382,1.3026672299063577,3304.555842416839,0.9889532105308385,10.041707992553711,1.3498104090633969,173.99007126560474,0.24987640442957043
2025-03-05 10:30:00,https://soho.nascom.nasa.gov/data/REPROCESSING/Completed/2025/hmimag/20250305/20250305_1030_hmimag_1024.jpg,5.3154356008248795,86.42333221435547,61.77952998963509,-0.4576493241691144,1.7802019193465546,0.9997380628924993,0.10153024473584082,1.3021997459185919,3304.242277127978,0.9888890303947762,9.980514526367188,1.3488052163781,171.70128449807112,0.25000029120672956
2025-03-05 12:00:00,https://soho.nascom.nasa.gov/data/REPROCESSING/Completed/2025/hmimag/20250305/20250305_1200_hmimag_1024.jpg,5.315152002030131,86.47146511077881,61.775312218115054,-0.46079514036025376,1.7777607575316396,0.9997380271326103,0.1012850737424742,1.308910981093997,3304.9247028144023,0.9888568786100868,9.962579727172852,1.3516639812992504,170.96488203077317,0.24989122421475388
2025-03-05 13:30:00,https://soho.nascom.nasa.gov/data/REPROCESSING/Completed/2025/hmimag/20250305/20250305_1330_hmimag_1024.jpg,5.315761806173722,86.43105792999268,61.73625600124027,-0.46134717292120203,1.7776026517407708,0.9997376956508666,0.10122465129461489,1.3117917453030707,3300.820469911918,0.9888328159382772,9.957292556762695,1.3517860647277735,170.7106175774208,0.24999789532853248
2025-03-05 15:00:00,https://soho.nascom.nasa.gov/data/REPROCESSING/Completed/2025/hmimag/20250305/20250305_1500_hmimag_1024.jpg,5.318684610534761,86.41821479797363,61.72095356362708,-0.4618317353927023,1.7759387364515773,0.9997375656029729,0.10118684442568338,1.3076538696460038,3299.956835546671,0.9888463649310533,9.987106323242188,1.351761737629837,172.17433877255348,0.24979509272890935
2025-03-05 16:30:00,https://soho.nascom.nasa.gov/data/REPROCESSING/Completed/2025/hmimag/20250305/20250305_1630_hmimag_1024.jpg,5.318645654951298,86.43683624267578,61.707325328775696,-0.4638761282343749,1.7746247501969639,0.9997374497018736,0.1011821810498077,1.3095610962003166,3299.110116913605,0.9888710544514681,10.051773071289062,1.3521115913972213,172.07501084453585,0.2496378062276888
2025-03-05 18:00:00,https://soho.nascom.nasa.gov/data/REPROCESSING/Completed/2025/hmimag/20250305/20250305_1800_hmimag_1024.jpg,5.3277285814367366,86.3556079864502,61.649428968598805,-0.4631231178109673,1.7737947303344344,0.9997369564663574,0.10099974608965567,1.308078703486491,3293.3074489436276,0.9889153087160587,10.124015808105469,1.3527957923875369,173.93727673614606,0.24936978452525055
2025-03-05 19:30:00,https://soho.nascom.nasa.gov/data/REPROCESSING/Completed/2025/hmimag/20250305/20250305_1930_hmimag_1024.jpg,5.336072183125113,86.45946311950684,61.712793291180844,-0.4647806989428914,1.768637434616633,0.9997374962132903,0.10089164706550946,1.3041950720982045,3302.4838707555214,0.9888488333975402,10.243167877197266,1.3513961527314342,175.27871985415518,0.2484952505285
2025-03-05 21:00:00,https://soho.nascom.nasa.gov/data/REPROCESSING/Completed/2025/hmimag/20250305/20250305_2100_hmimag_1024.jpg,5.339718899215916,86.51336097717285,61.73674924519273,-0.4668854829064861,1.7636908882308353,0.9997376998410964,0.10085825871647103,1.3017726611947515,3307.363262600483,0.9888630653564825,10.344253540039062,1.3523446518930196,176.7197686026015,0.24789026526658697
2025-03-05 22:30:00,https://soho.nascom.nasa.gov/data/REPROCESSING/Completed/2025/hmimag/20250305/20250305_2230_hmimag_1024.jpg,5.335365893488915,86.49322986602783,61.695956932191365,-0.4696619166113621,1.7617326657353671,0.9997373529607891,0.10087580061190238,1.298485552374161,3303.9115158312393,0.9888407177334531,10.344121932983398,1.3509073653808659,176.5624203441895,0.24794826017267452
2025-03-06 00:00:00,https://soho.nascom.nasa.gov/data/REPROCESSING/Completed/2025/hmimag/20250306/20250306_0000_hmimag_1024.jpg,5.332423869798715,86.52750587463379,61.69975295639941,-0.4729490728507973,1.7570629698247435,0.9997373852695741,0.1009167514002911,1.3026423017213262,3306.5113572025957,0.9888179693645015,10.371288299560547,1.3514583922525483,177.9274084290867,0.24778330017486885
2025-03-06 01:30:00,https://soho.nascom.nasa.gov/data/REPROCESSING/Completed/2025/hmimag/20250306/20250306_0130_hmimag_1024.jpg,5.327885648423949,86.44966506958008,61.65877724080672,-0.4731322611443084,1.7556263586013563,0.9997370362009768,0.10119224308800767,1.2957988846408548,3302.7963254843467,0.9888474143016631,10.367084503173828,1.3488701796747016,176.40013910432486,0.24786447645961923
2025-03-06 03:00:00,https://soho.nascom.nasa.gov/data/REPROCESSING/Completed/2025/hmimag/20250306/20250306_0300_hmimag_1024.jpg,5.328278138890983,86.48840808868408,61.71086399428228,-0.4730743196755268,1.752491315951765,0.9997374798037744,0.10130246118205832,1.3018295240567228,3309.857413858817,0.9889390915073417,10.340677261352539,1.3497593329273248,176.83155569413483,0.2480470027577991
2025-03-06 04:30:00,https://soho.nascom.nasa.gov/data/REPROCESSING/Completed/2025/hmimag/20250306/20250306_0430_hmimag_1024.jpg,5.329245921622587,86.32822322845459,61.63301515121022,-0.47079148217477496,1.7534701438338813,0.9997368163795234,0.10128755704317882,1.2944499472749742,3301.051006154712,0.9889163171681329,10.29771614074707,1.3480344726425337,175.8227258215164,0.24813423430059356
2025-03-06 06:00:00,https://soho.nascom.nasa.gov/data/REPROCESSING/Completed/2025/hmimag/20250306/20250306_0600_hmimag_1024.jpg,5.324462407397244,86.22036170959473,61.574085380130185,-0.47037583781174686,1.753224039972097,0.9997363125090889,0.10146348441230657,1.2933043739424963,3294.8571087297296,0.988917717779505,10.211708068847656,1.3484517465551749,174.69050793518852,0.24864848786205965
2025-03-06 07:30:00,https://soho.nascom.nasa.gov/data/REPROCESSING/Completed/2025/hmimag/20250306/20250306_0730_hmimag_1024.jpg,5.313201276192679,86.08005332946777,61.46572024632411,-0.4715349181408512,1.7541066922031376,0.9997353821644733,0.10167211025145662,1.2991203712615502,3282.8568727653583,0.9889252917633478,10.083026885986328,1.348336859546344,171.87182031781614,0.24958639742785835
2025-03-06 09:00:00,https://soho.nascom.nasa.gov/data/REPROCESSING/Completed/2025/hmimag/20250306/20250306_0900_hmimag_1024.jpg,5.304079006761364,86.04502868652344,61.414369685388344,-0.47393326237321354,1.7541567685396848,0.9997349395855806,0.10178118900148547,1.3039349587348472,3277.350552394003,0.9889269787012942,9.972980499267578,1.3484973580860045,170.55226246769118,0.2500123833685421
2025-03-06 10:30:00,https://soho.nascom.nasa.gov/data/REPROCESSING/Completed/2025/hmimag/20250306/20250306_1030_hmimag_1024.jpg,5.301093864017353,86.13379955291748,61.4417552313118,-0.47728771655176594,1.7516654255800206,0.9997351757534619,0.10167162226207438,1.3007680129227785,3281.4397771491263,0.9888388462854433,9.943365097045898,1.3492837695537185,169.71496528823533,0.2499837356208235
2025-03-06 12:00:00,https://soho.nascom.nasa.gov/data/REPROCESSING/Completed/2025/hmimag/20250306/20250306_1200_hmimag_1024.jpg,5.295620348306702,86.16750144958496,61.43112775430013,-0.4799567866261579,1.7508241177603987,0.9997350841415547,0.10168261850049021,1.2998398186489342,3280.69869795606,0.9888999620389273,9.946731567382812,1.3487929570207582,169.7508968657045,0.25030514757798883
2025-03-06 13:30:00,https://soho.nascom.nasa.gov/data/REPROCESSING/Completed/2025/hmimag/20250306/20250306_1330_hmimag_1024.jpg,5.294520911356774,86.10505390167236,61.37365895670716,-0.4807335554544293,1.7504769965092135,0.9997345879195157,0.1016792730151792,1.304827805043917,3274.725709408754,0.9889293474632801,9.943304061889648,1.3489786525350005,169.4694473759632,0.2500571710737946
2025-03-06 15:00:00,https://soho.nascom.nasa.gov/data/REPROCESSING/Completed/2025/hmimag/20250306/20250306_1500_hmimag_1024.jpg,5.297291390289106,86.08615112304688,61.337512821580574,-0.4815749092731584,1.7506244933848523,0.9997342750963436,0.10156170803202258,1.300975534770583,3270.8006351910594,0.9889473203227687,9.941387176513672,1.3497023925506304,170.43898580626083,0.24987039720673876
2025-03-06 16:30:00,https://soho.nascom.nasa.gov/data/REPROCESSING/Completed/2025/hmimag/20250306/20250306_1630_hmimag_1024.jpg,5.303362209731519,85.96811580657959,61.24833693302403,-0.4806806166164694,1.7517228356294092,0.9997335009631506,0.1013570949962741,1.3011921121688892,3260.7856706636544,0.9888859976305616,10.011465072631836,1.350948030005639,170.44624292963343,0.24981431006258067
2025-03-06 18:00:00,https://soho.nascom.nasa.gov/data/REPROCESSING/Completed/2025/hmimag/20250306/20250306_1800_hmimag_1024.jpg,5.309237498969084,86.02798175811768,61.2781037295699,-0.4816480635622304,1.7492727644162636,0.9997337597434933,0.10122948199568782,1.3038330946325827,3265.0982286152216,0.9888387078138433,10.082433700561523,1.352177872048826,172.62299956512598,0.24921933087010106
2025-03-06 19:30:00,https://soho.nascom.nasa.gov/data/REPROCESSING/Completed/2025/hmimag/20250306/20250306_1930_hmimag_1024.jpg,5.316426128865913,86.0281400680542,61.27884977637423,-0.4819835915910444,1.7465907610537736,0.9997337662244766,0.10116948950235383,1.3022156653532913,3266.4304846181617,0.9889035945231207,10.167856216430664,1.3513542251614772,173.8941611534367,0.24864540052917827
2025-03-06 21:00:00,https://soho.nascom.nasa.gov/data/REPROCESSING/Completed/2025/hmimag/20250306/20250306_2100_hmimag_1024.jpg,5.317479052484412,86.19907665252686,61.380034481823955,-0.4854286222859564,1.7401236991406357,0.9997346430385629,0.10124206440195849,1.2953495538269508,3280.267232541914,0.9889750630941609,10.314573287963867,1.350772422596574,176.5334032079532,0.2480579268714531
2025-03-06 22:30:00,https://soho.nascom.nasa.gov/data/REPROCESSING/Completed/2025/hmimag/20250306/20250306_2230_hmimag_1024.jpg,5.312863643678317,86.23540782928467,61.380978436653024,-0.48857299506490154,1.7374959428944134,0.9997346511979829,0.10126591821972397,1.2891697253502827,3281.6077158355465,0.9889190424953973,10.301942825317383,1.3498461056807234,176.31145947928127,0.2481001833069351
2025-03-07 00:00:00,https://soho.nascom.nasa.gov/data/REPROCESSING/Completed/2025/hmimag/20250307/20250307_0000_hmimag_1024.jpg,5.308479621131144,86.31023216247559,61.418065307262424,-0.4917392784384647,1.7330950912097995,0.9997349714743737,0.10138245733833173,1.2947037505279257,3287.658243469032,0.9888703453232689,10.32296371459961,1.3489767362213634,176.59608875405306,0.24804928041951504
2025-03-07 01:30:00,https://soho.nascom.nasa.gov/data/REPROCESSING/Completed/2025/hmimag/20250307/20250307_0130_hmimag_1024.jpg,5.306001205304135,86.15897560119629,61.32723521048225,-0.49139219996049865,1.7321488801629699,0.9997341860487925,0.10154489972774172,1.2926638842601874,3278.3888778384553,0.9889466273761754,10.312274932861328,1.3483240069327076,174.9702736236255,0.24786215976744871
2025-03-07 03:00:00,https://soho.nascom.nasa.gov/data/REPROCESSING/Completed/2025/hmimag/20250307/20250307_0300_hmimag_1024.jpg,5.305262975566005,86.11762428283691,61.31311697814701,-0.49130792022139613,1.730855422963249,0.9997340636522402,0.10156715435550723,1.2910946817471984,3277.4916325205504,0.9889101335041558,10.262638092041016,1.3489708136704477,174.55861559098764,0.24812220372930557
2025-03-07 04:30:00,https://soho.nascom.nasa.gov/data/REPROCESSING/Completed/2025/hmimag/20250307/20250307_0430_hmimag_1024.jpg,5.305503576794987,86.08846950531006,61.31446489885142,-0.4902891962488928,1.729943449360671,0.9997340753415486,0.10162787041554111,1.292969797272853,3278.067622376306,0.9889155886797856,10.23985481262207,1.3496730093012572,172.79255208579707,0.2484056074665964
2025-03-07 06:00:00,https://soho.nascom.nasa.gov/data/REPROCESSING/Completed/2025/hmimag/20250307/20250307_0600_hmimag_1024.jpg,5.301335391507412,85.99813556671143,61.26867057513437,-0.49005486388351965,1.729538648702277,0.9997336777763196,0.10171393385644478,1.2982789843052744,3273.3643343324316,0.9889743211674614,10.164133071899414,1.3482518742736327,172.0209400281543,0.24859757527020346
2025-03-07 07:30:00,https://soho.nascom.nasa.gov/data/REPROCESSING/Completed/2025/hmimag/20250307/20250307_0730_hmimag_1024.jpg,5.291185253575111,85.79701042175293,61.11379216941808,-0.49086281361139134,1.7319904218797222,0.9997323265666775,0.10183378030160384,1.2956213936309315,3255.6828694920846,0.9889307769747467,10.012256622314453,1.3483383294728284,168.6880249322557,0.2497094180671776
2025-03-07 09:00:00,https://soho.nascom.nasa.gov/data/REPROCESSING/Completed/2025/hmimag/20250307/20250307_0900_hmimag_1024.jpg,5.281625855185462,85.75939083099365,61.068908339741974,-0.4924832509813787,1.7324836998338249,0.9997319330635885,0.10197620216968062,1.2973962764169182,3250.6710539342553,0.9889885612765899,9.950117111206055,1.3503334013329928,168.06914858849075,0.2501167920599019
2025-03-07 10:30:00,https://soho.nascom.nasa.gov/data/REPROCESSING/Completed/2025/hmimag/20250307/20250307_1030_hmimag_1024.jpg,5.277427411595067,85.75189018249512,61.04257552760999,-0.49429517855638605,1.7314846466249538,0.9997317017960031,0.10198902165029722,1.2967022970781956,3248.3366877548665,0.9889532022694543,9.898128509521484,1.3487277175815797,167.0041891355941,0.2502865342401668
2025-03-07 12:00:00,https://soho.nascom.nasa.gov/data/REPROCESSING/Completed/2025/hmimag/20250307/20250307_1200_hmimag_1024.jpg,5.276958439462209,85.88268184661865,61.11035579067142,-0.49639598126444234,1.7295677688216644,0.9997322964700793,0.10197530806181021,1.2974618978077377,3256.4561055837353,0.9888910142586338,9.882768630981445,1.3465580628238079,166.267240049534,0.2502128104165758
2025-03-07 13:30:00,https://soho.nascom.nasa.gov/data/REPROCESSING/Completed/2025/hmimag/20250307/20250307_1330_hmimag_1024.jpg,5.275734271943217,85.82647323608398,61.058435511840706,-0.49683255939860543,1.7307730985876704,0.9997318411219351,0.10194550396590785,1.2987569476650185,3250.3588449063313,0.9889418408378411,9.885246276855469,1.3493518386253212,166.51966209031465,0.2501651249238797
2025-03-07 15:00:00,https://soho.nascom.nasa.gov/data/REPROCESSING/Completed/2025/hmimag/20250307/20250307_1500_hmimag_1024.jpg,5.28043091149047,85.85553359985352,61.059881348635514,-0.4971839654766121,1.7313519191341133,0.9997318538178465,0.10173021457558207,1.2957136552908324,3250.2410712886413,0.9889409868947884,9.920753479003906,1.3499535745117561,167.64189249757783,0.25015384387486733
2025-03-07 16:30:00,https://soho.nascom.nasa.gov/data/REPROCESSING/Completed/2025/hmimag/20250307/20250307_1630_hmimag_1024.jpg,5.282783115383369,85.80403995513916,61.015976653124895,-0.497186966285121,1.7313392824141858,0.999731467887792,0.1016755282671511,1.2917725995729186,3245.5745461169063,0.9889363872991435,9.977109909057617,1.3482244142143829,168.61026379623476,0.24982551905894018
2025-03-07 18:00:00,https://soho.nascom.nasa.gov/data/REPROCESSING/Completed/2025/hmimag/20250307/20250307_1800_hmimag_1024.jpg,5.287684229391729,85.79569721221924,61.005475672637736,-0.49690927128397683,1.731192712102457,0.9997313754588555,0.1015998508737539,1.2945638705753697,3244.52617185703,0.9889070050451193,10.006940841674805,1.3509366640616924,169.1058869152916,0.2493284451535885
2025-03-07 19:30:00,https://soho.nascom.nasa.gov/data/REPROCESSING/Completed/2025/hmimag/20250307/20250307_1930_hmimag_1024.jpg,5.297819017223289,85.8571834564209,61.04824471110993,-0.49716163244670214,1.7285025705524375,0.9997317516108059,0.10142384581013175,1.294383594695719,3250.340470794022,0.9889244909471422,10.125137329101562,1.3505502076290534,170.87958418655285,0.24862364114207883
2025-03-07 21:00:00,https://soho.nascom.nasa.gov/data/REPROCESSING/Completed/2025/hmimag/20250307/20250307_2100_hmimag_1024.jpg,5.297799986943013,85.91314792633057,61.07575016704651,-0.4983239931056174,1.7274591839441398,0.9997319931029147,0.10145505020591372,1.291052163429837,3253.761163570691,0.9889447232265467,10.222280502319336,1.3487999416280818,172.35626591190348,0.24836376977912378
2025-03-07 22:30:00,https://soho.nascom.nasa.gov/data/REPROCESSING/Completed/2025/hmimag/20250307/20250307_2230_hmimag_1024.jpg,5.292357959381073,86.01362228393555,61.12742539272048,-0.500982622729927,1.7253999614110105,0.9997324459196016,0.10158709703864588,1.283986031498036,3260.241434056188,0.9889428138111577,10.244888305664062,1.3480560468258105,172.72475148312276,0.24832342839170704
2025-03-08 00:00:00,https://soho.nascom.nasa.gov/data/REPROCESSING/Completed/2025/hmimag/20250308/20250308_0000_hmimag_1024.jpg,5.288274267156729,86.01008796691895,61.10860174233221,-0.5027190696709094,1.7246660801615508,0.9997322811057626,0.10167179851487163,1.2854830788952412,3258.580374399025,0.9888862085990275,10.28873062133789,1.3491309196998116,174.5780447957945,0.2482161423307518
2025-03-08 01:30:00,https://soho.nascom.nasa.gov/data/REPROCESSING/Completed/2025/hmimag/20250308/20250308_0130_hmimag_1024.jpg,5.28536593566431,85.93151950836182,61.06553034546983,-0.5030396083249741,1.7231223637746704,0.9997319034131182,0.10172853125732217,1.2863229846281452,3254.7170329312917,0.9889400500529604,10.207216262817383,1.3477086438977246,172.84114237124794,0.24844180873130223
2025-03-08 03:00:00,https://soho.nascom.nasa.gov/data/REPROCESSING/Completed/2025/hmimag/20250308/20250308_0300_hmimag_1024.jpg,5.286705880191332,85.99244689941406,61.132068905373686,-0.5025577740963622,1.7212256599935933,0.9997324865533066,0.1017464127016865,1.2871007204272817,3262.7119600769465,0.9889512087731899,10.250133514404297,1.3480997311527199,173.72975959912276,0.2482047727004048
2025-03-08 04:30:00,https://soho.nascom.nasa.gov/data/REPROCESSING/Completed/2025/hmimag/20250308/20250308_0430_hmimag_1024.jpg,5.288314074097172,85.93152809143066,61.12439590072823,-0.5006403603969186,1.7208654796507892,0.9997324194046193,0.10179751573377871,1.2900998531282692,3262.0636381755508,0.9889287910548408,10.181957244873047,1.3481273610518134,172.80058156705576,0.24851044969894223
2025-03-08 06:00:00,https://soho.nascom.nasa.gov/data/REPROCESSING/Completed/2025/hmimag/20250308/20250308_0600_hmimag_1024.jpg,5.285367919959714,85.83044242858887,61.074166405986695,-0.4994282693238521,1.7221047029360248,0.999731979206675,0.10185843528597616,1.2873173835293321,3256.118545876755,0.9889421773339394,10.110366821289062,1.3496497965877094,171.2712894048031,0.24900321649154442
2025-03-08 07:30:00,https://soho.nascom.nasa.gov/data/REPROCESSING/Completed/2025/hmimag/20250308/20250308_0730_hmimag_1024.jpg,5.274749423732956,85.68513011932373,60.97051364325257,-0.4995421741652031,1.724643554878685,0.9997310673812357,0.10205287508324545,1.290441716098228,3243.880671694837,0.9890020716163958,9.960771560668945,1.3483623719642202,168.15962631809793,0.24984006439205458
2025-03-08 09:00:00,https://soho.nascom.nasa.gov/data/REPROCESSING/Completed/2025/hmimag/20250308/20250308_0900_hmimag_1024.jpg,5.268586865009962,85.66582202911377,60.94761510665181,-0.4998658792055448,1.7267144273619726,0.9997308653171335,0.10212233324818953,1.2967321156326719,3240.4722229484246,0.9889421250189666,9.913599014282227,1.3477079270551595,167.71440068988483,0.25023750410961476
2025-03-08 10:30:00,https://soho.nascom.nasa.gov/data/REPROCESSING/Completed/2025/hmimag/20250308/20250308_1030_hmimag_1024.jpg,5.262968806455209,85.70544242858887,60.952427786941186,-0.5017744569268263,1.7261193047583372,0.9997309078046788,0.1022026525097317,1.2986397107218595,3241.2633221837295,0.988937299169942,9.862922668457031,1.3490423758315397,165.89092272326323,0.2502400739647649
2025-03-08 12:00:00,https://soho.nascom.nasa.gov/data/REPROCESSING/Completed/2025/hmimag/20250308/20250308_1200_hmimag_1024.jpg,5.259981799014829,85.7920274734497,60.985146992034494,-0.503779813772477,1.7259639332750114,0.9997311963914993,0.10214746634483163,1.2941690652619087,3244.8170908822462,0.9889804300856204,9.842573165893555,1.3495268873070678,165.61434929749922,0.2502888157456748
2025-03-08 13:30:00,https://soho.nascom.nasa.gov/data/REPROCESSING/Completed/2025/hmimag/20250308/20250308_1330_hmimag_1024.jpg,5.261391439534516,85.75603199005127,60.952556321700726,-0.5032469943721909,1.7277592163772588,0.9997309089392779,0.10206703528456273,1.289618996801035,3240.5075997448757,0.9889247037960884,9.820367813110352,1.3475393332672079,165.25796192062782,0.2505632484847896
2025-03-08 15:00:00,https://soho.nascom.nasa.gov/data/REPROCESSING/Completed/2025/hmimag/20250308/20250308_1500_hmimag_1024.jpg,5.265327840486667,85.70775413513184,60.92558242144317,-0.501775187402695,1.729035584133435,0.9997306706785478,0.10203092097435729,1.2929610730071552,3237.042461577446,0.9889255861572077,9.860946655273438,1.348147997534535,166.0021662525914,0.250474960727025
2025-03-08 16:30:00,https://soho.nascom.nasa.gov/data/REPROCESSING/Completed/2025/hmimag/20250308/20250308_1630_hmimag_1024.jpg,5.269192819795174,85.63450908660889,60.8783966184883,-0.49999456368710693,1.7320464803062685,0.9997302531243196,0.10195778452907689,1.291013950369744,3230.624823805285,0.9889337225713296,9.880964279174805,1.349139073574474,166.21314306683172,0.2500791922864213
2025-03-08 18:00:00,https://soho.nascom.nasa.gov/data/REPROCESSING/Completed/2025/hmimag/20250308/20250308_1800_hmimag_1024.jpg,5.276602403544795,85.66965293884277,60.91012004897532,-0.49922544215878073,1.7314197691230317,0.9997305339565534,0.10183879021315079,1.2946009876185205,3234.2852334950776,0.988903149774877,9.970523834228516,1.3498771514827141,168.74053513611287,0.24968225092627672
2025-03-08 19:30:00,https://soho.nascom.nasa.gov/data/REPROCESSING/Completed/2025/hmimag/20250308/20250308_1930_hmimag_1024.jpg,5.284641626422423,85.7755880355835,60.98066146883602,-0.49946152272216565,1.7293666607202023,0.9997311568561786,0.10174168602134159,1.2946152127801651,3242.7427072077076,0.9889251196317823,10.122186660766602,1.3495120871136626,170.68708412526672,0.24910696228092588
2025-03-08 21:00:00,https://soho.nascom.nasa.gov/data/REPROCESSING/Completed/2025/hmimag/20250308/20250308_2100_hmimag_1024.jpg,5.287915300438083,85.90675354003906,61.06244151628308,-0.5008711777819984,1.7267775251819086,0.9997318762964997,0.1016757171619247,1.295095436027542,3252.6642272724266,0.9889460349777602,10.194438934326172,1.3496460838134554,172.51463880122856,0.2483718399278982
2025-03-08 22:30:00,https://soho.nascom.nasa.gov/data/REPROCESSING/Completed/2025/hmimag/20250308/20250308_2230_hmimag_1024.jpg,5.283221078510343,85.95937633514404,61.082268243729864,-0.5033928098884973,1.7243663803621752,0.9997320502824628,0.10175677425831964,1.2882033081098783,3255.9139991796596,0.9889138033842768,10.207578659057617,1.348803543521425,172.22135224358342,0.24845980800524373
2025-03-09 00:00:00,https://soho.nascom.nasa.gov/data/REPROCESSING/Completed/2025/hmimag/20250309/20250309_0000_hmimag_1024.jpg,5.280457621382626,85.97282314300537,61.086481205692564,-0.5047222043800497,1.722750392855729,0.9997320872307561,0.10181508103960368,1.286099936433585,3257.1265192152446,0.9889239306546649,10.231401443481445,1.3490484356934807,174.13446149713297,0.24824414979964937
2025-03-09 01:30:00,https://soho.nascom.nasa.gov/data/REPROCESSING/Completed/2025/hmimag/20250309/20250309_0130_hmimag_1024.jpg,5.2792284990042955,86.01956462860107,61.135411611329026,-0.5052575222785772,1.7198303301203157,0.9997325157983918,0.1019062309351284,1.2915967280402445,3263.7304260961337,0.9889094710576595,10.197011947631836,1.349849567104043,172.9063225467578,0.2486276071235346
2025-03-09 03:00:00,https://soho.nascom.nasa.gov/data/REPROCESSING/Completed/2025/hmimag/20250309/20250309_0300_hmimag_1024.jpg,5.279246938543922,85.9400634765625,61.10529567655222,-0.5032677201349314,1.7212572345823818,0.9997322521431916,0.10198726786802581,1.2960622428463995,3259.8397798704277,0.9888966866012228,10.182659149169922,1.3498945053919578,172.73974511678568,0.24865737494893853
2025-03-09 04:30:00,https://soho.nascom.nasa.gov/data/REPROCESSING/Completed/2025/hmimag/20250309/20250309_0430_hmimag_1024.jpg,5.28030038993637,85.88653659820557,61.114606677278694,-0.5005860222692979,1.7214424015452707,0.9997323336995814,0.10212191109167179,1.2953671609896118,3260.745608980254,0.9890189374014211,10.195539474487305,1.3469511778349599,172.93101522457644,0.24857184362984971
2025-03-09 06:00:00,https://soho.nascom.nasa.gov/data/REPROCESSING/Completed/2025/hmimag/20250309/20250309_0600_hmimag_1024.jpg,5.277358421750298,85.81196117401123,61.09073796426919,-0.4992420069243246,1.7221314757773905,0.9997321245553916,0.10223245396809943,1.292513930963529,3257.873121258113,0.9890093819643627,10.089326858520508,1.3467833733145615,171.43241795200873,0.2491330196753115
2025-03-09 07:30:00,https://soho.nascom.nasa.gov/data/REPROCESSING/Completed/2025/hmimag/20250309/20250309_0730_hmimag_1024.jpg,5.268298913452316,85.62796211242676,60.97025936023742,-0.4976908457365888,1.7271434271028763,0.9997310651386095,0.10234230468449823,1.2954128247150491,3242.6791856176187,0.9889565219878838,9.966915130615234,1.347681770521425,168.87343889747453,0.24991592455229789
2025-03-09 09:00:00,https://soho.nascom.nasa.gov/data/REPROCESSING/Completed/2025/hmimag/20250309/20250309_0900_hmimag_1024.jpg,5.261656435434311,85.69126033782959,61.01042851081694,-0.4983997336398055,1.7279047109630858,0.9997314190593544,0.10241613451944431,1.2976247892119959,3246.5956575062783,0.9889691993292423,9.897127151489258,1.3483275730594944,167.57507358128774,0.2502110239103031
2025-03-09 10:30:00,https://soho.nascom.nasa.gov/data/REPROCESSING/Completed/2025/hmimag/20250309/20250309_1030_hmimag_1024.jpg,5.2576945772844565,85.62668323516846,60.96653511078691,-0.4979439103014002,1.7299395677946878,0.999731032289713,0.10251506678832811,1.2944551462293703,3240.9721134156416,0.9889674364926391,9.833967208862305,1.3467524612598245,166.3695209826777,0.2505041178721847
2025-03-09 12:00:00,https://soho.nascom.nasa.gov/data/REPROCESSING/Completed/2025/hmimag/20250309/20250309_1200_hmimag_1024.jpg,5.2552557354840825,85.74568939208984,61.01120247547375,-0.5004501212832366,1.7297133853334477,0.9997314258717102,0.102445490871105,1.3024911029641428,3245.828974181242,0.9889642887323145,9.807422637939453,1.3468404264158227,165.71165204210573,0.25087793505207484
2025-03-09 13:30:00,https://soho.nascom.nasa.gov/data/REPROCESSING/Completed/2025/hmimag/20250309/20250309_1330_hmimag_1024.jpg,5.259655793965189,85.73550701141357,61.00441202443946,-0.4994599513735458,1.730962754580013,0.999731366094033,0.1022807410099631,1.3012398355569537,3244.520783617831,0.9889354274337898,9.834589004516602,1.348941651287246,165.71020198509711,0.2503162711816538
2025-03-09 15:00:00,https://soho.nascom.nasa.gov/data/REPROCESSING/Completed/2025/hmimag/20250309/20250309_1500_hmimag_1024.jpg,5.261959252909834,85.77531909942627,61.023128387549136,-0.499621152172239,1.7308246428850382,0.9997315308095827,0.10224621685119928,1.3038464626942954,3246.576711428445,0.9889642490012484,9.885797500610352,1.3483335120310131,166.74058687161997,0.2501772569998755
2025-03-09 16:30:00,https://soho.nascom.nasa.gov/data/REPROCESSING/Completed/2025/hmimag/20250309/20250309_1630_hmimag_1024.jpg,5.26594596935213,85.7263879776001,60.98079001270853,-0.49864222453131596,1.7333926101229071,0.9997311579892834,0.10209336939988134,1.3011521389121414,3240.8718428331676,0.9889027709836804,9.867452621459961,1.3497269340590368,167.1955072382485,0.25019212954150116
2025-03-09 18:00:00,https://soho.nascom.nasa.gov/data/REPROCESSING/Completed/2025/hmimag/20250309/20250309_1800_hmimag_1024.jpg,5.272961494576676,85.71377944946289,60.976597911668456,-0.4974005063477824,1.7338767304283016,0.9997311210325291,0.1019963147919043,1.296904230668316,3240.2000574795693,0.9888986702666238,9.975532531738281,1.3484602528295297,169.90819995901626,0.24966548325012358
2025-03-09 19:30:00,https://soho.nascom.nasa.gov/data/REPROCESSING/Completed/2025/hmimag/20250309/20250309_1930_hmimag_1024.jpg,5.282133975041916,85.86028861999512,61.0828165680911,-0.49746492403992626,1.7309081144907084,0.9997320550917803,0.10190455313932034,1.2945527556564698,3252.8917079039393,0.9889400591206311,10.076152801513672,1.3484073459582344,171.1636318163359,0.2491233634965099
2025-03-09 21:00:00,https://soho.nascom.nasa.gov/data/REPROCESSING/Completed/2025/hmimag/20250309/20250309_2100_hmimag_1024.jpg,5.2827546006464665,85.91508483886719,61.11915840642122,-0.4987084280113176,1.7281991533078152,0.9997323735552703,0.10189395795168821,1.292845215764771,3258.0390398170043,0.9889585756367387,10.173458099365234,1.3487566837928784,173.6437334714601,0.24862560096833303
2025-03-09 22:30:00,https://soho.nascom.nasa.gov/data/REPROCESSING/Completed/2025/hmimag/20250309/20250309_2230_hmimag_1024.jpg,5.282681228538011,85.92729663848877,61.125325258315875,-0.4990813592594022,1.7276140509361562,0.9997324275390423,0.10190515802241862,1.2949597849993248,3258.972413667195,0.9889430549285942,10.17017936706543,1.3492495585643687,173.46309589395835,0.24856847311351501
2025-03-10 00:00:00,https://soho.nascom.nasa.gov/data/REPROCESSING/Completed/2025/hmimag/20250310/20250310_0000_hmimag_1024.jpg,5.282752508386588,86.02037620544434,61.195478241759155,-0.4999939635288849,1.7241730996252835,0.9997330405006345,0.10203550221922342,1.286982933210682,3268.085800721818,0.9889267818992935,10.25723648071289,1.3480507155347932,175.5524391434717,0.24834404461593476
2025-03-10 01:30:00,https://soho.nascom.nasa.gov/data/REPROCESSING/Completed/2025/hmimag/20250310/20250310_0130_hmimag_1024.jpg,5.283981577947564,86.01730632781982,61.23058444951181,-0.4986308749777559,1.7225313000804483,0.999733346450699,0.10212609416521445,1.2940296592478924,3272.615847376701,0.9889364952447339,10.269533157348633,1.3477111563584867,174.59332558502865,0.24844500372286638
2025-03-10 03:00:00,https://soho.nascom.nasa.gov/data/REPROCESSING/Completed/2025/hmimag/20250310/20250310_0300_hmimag_1024.jpg,5.281993432344917,85.9888973236084,61.23596135420145,-0.497019237719378,1.7238284988115367,0.9997333932638952,0.10220598188971053,1.2950018424145826,3272.574684543757,0.988916537754267,10.189754486083984,1.347223545456901,174.31301252021652,0.2487593404260197
2025-03-10 04:30:00,https://soho.nascom.nasa.gov/data/REPROCESSING/Completed/2025/hmimag/20250310/20250310_0430_hmimag_1024.jpg,5.285677828090737,85.93047523498535,61.240146728068105,-0.49389587132736407,1.7248641172806438,0.9997334296946797,0.10219928109836474,1.2978728051422297,3272.530653633709,0.9889172316406772,10.181869506835938,1.3461561071760424,173.40190476608026,0.24873823920982774
2025-03-10 06:00:00,https://soho.nascom.nasa.gov/data/REPROCESSING/Completed/2025/hmimag/20250310/20250310_0600_hmimag_1024.jpg,5.285396205120299,85.82262897491455,61.204029833621796,-0.4907993326226821,1.7269545967868116,0.9997331150761147,0.1022791548693931,1.3028822237254245,3267.6821550096083,0.9889664488192348,10.123571395874023,1.3478996704205641,172.90996804714527,0.24933908404282487
2025-03-10 07:30:00,https://soho.nascom.nasa.gov/data/REPROCESSING/Completed/2025/hmimag/20250310/20250310_0730_hmimag_1024.jpg,5.276101245535988,85.74879837036133,61.1548878785462,-0.4907023379810122,1.7294226880050352,0.999732686099476,0.10242044599908695,1.3021023003996055,3261.2722907620555,0.9889386414169832,9.985225677490234,1.3462524741935484,169.72310592426393,0.24984276596149785
2025-03-10 09:00:00,https://soho.nascom.nasa.gov/data/REPROCESSING/Completed/2025/hmimag/20250310/20250310_0900_hmimag_1024.jpg,5.270304589329577,85.68282222747803,61.114013109071095,-0.4893719752935479,1.7338696001738219,0.9997323285015444,0.10252555406987085,1.3063823363167402,3254.823912242469,0.9889799931633037,9.899225234985352,1.3469856821229442,168.9176640691488,0.25058197873938093
2025-03-10 10:30:00,https://soho.nascom.nasa.gov/data/REPROCESSING/Completed/2025/hmimag/20250310/20250310_1030_hmimag_1024.jpg,5.264249744095958,85.68987464904785,61.10681787103586,-0.48999812359303985,1.7354443812478626,0.9997322654788596,0.10255143265385414,1.2986898437592769,3253.319093641564,0.9889976101782889,9.852272033691406,1.347725338833858,167.57224897325392,0.25071249157064507
2025-03-10 12:00:00,https://soho.nascom.nasa.gov/data/REPROCESSING/Completed/2025/hmimag/20250310/20250310_1200_hmimag_1024.jpg,5.263259264855464,85.7924747467041,61.16440031107482,-0.4909997324387899,1.7355459519875038,0.9997327692173757,0.10254666268883739,1.3036809731304753,3259.405655910325,0.9889762462482043,9.852088928222656,1.3493548313275978,167.27206310546651,0.2507639730692312
2025-03-10 13:30:00,https://soho.nascom.nasa.gov/data/REPROCESSING/Completed/2025/hmimag/20250310/20250310_1330_hmimag_1024.jpg,5.266936063282029,85.84389591217041,61.18959746922536,-0.4911502886572326,1.7357021982174243,0.999732989198309,0.10246823645320546,1.3051402022700824,3262.0182698448807,0.9889728243273062,9.89604377746582,1.3475300583702188,166.9479305946293,0.2503043639303527
2025-03-10 15:00:00,https://soho.nascom.nasa.gov/data/REPROCESSING/Completed/2025/hmimag/20250310/20250310_1500_hmimag_1024.jpg,5.275335979754393,85.7314043045044,61.14043603641261,-0.4876039412623059,1.737961958527328,0.9997325597476924,0.10234217404286028,1.3019050340508833,3255.719620524024,0.9889546377940432,9.95155143737793,1.3452698011593767,168.80133496574214,0.2501239464007454
2025-03-10 16:30:00,https://soho.nascom.nasa.gov/data/REPROCESSING/Completed/2025/hmimag/20250310/20250310_1630_hmimag_1024.jpg,5.2758928978375,85.84476089477539,61.203949196390866,-0.48834279561462335,1.7379259523003097,0.9997331143730512,0.10230453926851624,1.3019179428595038,3262.504165378674,0.9890086870599843,9.92104721069336,1.3484133976160666,168.76034816397726,0.24997223921587564
2025-03-10 18:00:00,https://soho.nascom.nasa.gov/data/REPROCESSING/Completed/2025/hmimag/20250310/20250310_1800_hmimag_1024.jpg,5.280876279905174,85.80958843231201,61.188208081926334,-0.48656011164630514,1.739726834906345,0.9997329770754971,0.10225752002770605,1.2974597480557686,3259.982015865357,0.9889534989932016,9.994447708129883,1.3456626830469693,169.78023350862009,0.249780384177711
2025-03-10 19:30:00,https://soho.nascom.nasa.gov/data/REPROCESSING/Completed/2025/hmimag/20250310/20250310_1930_hmimag_1024.jpg,5.292553603762638,86.01931953430176,61.34150442656713,-0.4866736869959222,1.7356184228194358,0.999734309668451,0.10210481082140177,1.2971764559756496,3278.274255949359,0.9889404005441933,10.099071502685547,1.3466918259084029,171.21613777573407,0.24931389085873154
2025-03-10 21:00:00,https://soho.nascom.nasa.gov/data/REPROCESSING/Completed/2025/hmimag/20250310/20250310_2100_hmimag_1024.jpg,5.2967125840235365,86.05685520172119,61.39208764732465,-0.4861219206724481,1.7332995720945892,0.9997347471962557,0.10207642415480223,1.2981896701087108,3284.780821104973,0.9889682010950311,10.199213027954102,1.3470513049854815,173.10963808250244,0.24854105006417615
2025-03-10 22:30:00,https://soho.nascom.nasa.gov/data/REPROCESSING/Completed/2025/hmimag/20250310/20250310_2230_hmimag_1024.jpg,5.297213479258085,86.09064769744873,61.41504842489733,-0.4861992895057871,1.7334862969156688,0.9997349454427215,0.10202528575428005,1.301377098023137,3287.14978535863,0.9889753981018947,10.24238395690918,1.3482305978947766,174.17438234518917,0.24849560229948442
2025-03-11 00:00:00,https://soho.nascom.nasa.gov/data/REPROCESSING/Completed/2025/hmimag/20250311/20250311_0000_hmimag_1024.jpg,5.301015617297683,86.08987140655518,61.45238563516294,-0.4833079628994888,1.7343218880609066,0.999735267343071,0.10213732691045152,1.2977890402121965,3290.7513504340077,0.9889518212023369,10.334012985229492,1.346550069037125,176.75560107147183,0.24820539007155296
2025-03-11 01:30:00,https://soho.nascom.nasa.gov/data/REPROCESSING/Completed/2025/hmimag/20250311/20250311_0130_hmimag_1024.jpg,5.304828613676325,86.08407688140869,61.49421831182421,-0.48056547194642424,1.734314279371222,0.9997356273047823,0.10214519520923204,1.298273119959601,3295.23673665246,0.9889364049219114,10.334562301635742,1.3466709345902768,176.6558835787592,0.248382149661273
2025-03-11 03:00:00,https://soho.nascom.nasa.gov/data/REPROCESSING/Completed/2025/hmimag/20250311/20250311_0300_hmimag_1024.jpg,5.298767061832294,86.11241340637207,61.52853735824492,-0.480329074939596,1.735079386167968,0.9997359220653446,0.10224465950886952,1.2998043412605904,3298.5520766856275,0.9888959408847764,10.229511260986328,1.3471607865540212,174.7278892743557,0.2488033723194546
2025-03-11 04:30:00,https://soho.nascom.nasa.gov/data/REPROCESSING/Completed/2025/hmimag/20250311/20250311_0430_hmimag_1024.jpg,5.302498500713578,86.07113456726074,61.55246983702615,-0.4764448193260281,1.7365825434538342,0.9997361273257854,0.10227776319334225,1.2994451156403874,3300.404041219122,0.9889293094749487,10.214176177978516,1.3482302533186803,174.87589394567325,0.24873018362068947
2025-03-11 06:00:00,https://soho.nascom.nasa.gov/data/REPROCESSING/Completed/2025/hmimag/20250311/20250311_0600_hmimag_1024.jpg,5.300872978387539,85.94248485565186,61.510550612135525,-0.4726682556527776,1.7400877925192308,0.999735767641691,0.10236962509225123,1.30741434993078,3294.249124564966,0.988999514359985,10.145563125610352,1.3486012930083482,174.19221064209805,0.2492585599794682
2025-03-11 07:30:00,https://soho.nascom.nasa.gov/data/REPROCESSING/Completed/2025/hmimag/20250311/20250311_0730_hmimag_1024.jpg,5.294907006992058,85.84587383270264,61.45921299180459,-0.4705817490653338,1.7447533080802502,0.9997353261412701,0.10247574673303461,1.305250419403978,3286.5518001973815,0.9889790344508037,10.03883171081543,1.3486597105149714,171.74739455439473,0.2498941340247126
2025-03-11 09:00:00,https://soho.nascom.nasa.gov/data/REPROCESSING/Completed/2025/hmimag/20250311/20250311_0900_hmimag_1024.jpg,5.290853405264634,85.8048791885376,61.44595371483293,-0.46874471058704736,1.7476288505202826,0.9997352119325034,0.10259171230973152,1.3100286531221925,3283.781693128723,0.9889906118186657,9.967958450317383,1.3462298404356807,171.71384452952748,0.25036597582888465
2025-03-11 10:30:00,https://soho.nascom.nasa.gov/data/REPROCESSING/Completed/2025/hmimag/20250311/20250311_1030_hmimag_1024.jpg,5.285816410688838,85.88369846343994,61.483078450018915,-0.4702048426497747,1.7476245154543466,0.9997355315202765,0.10265410848114698,1.3066374872528796,3287.752955222114,0.988997339202636,9.913747787475586,1.346420330563762,170.15922640279507,0.2507372610146883
2025-03-11 12:00:00,https://soho.nascom.nasa.gov/data/REPROCESSING/Completed/2025/hmimag/20250311/20250311_1200_hmimag_1024.jpg,5.2854522309140375,85.99984836578369,61.54947382003927,-0.4708397892072678,1.7482540081068074,0.9997361016431087,0.10257780428946717,1.3078159137699925,3294.56102172703,0.988945230803271,9.87952995300293,1.3481179796247096,169.2379839996966,0.25058139708404675
2025-03-11 13:30:00,https://soho.nascom.nasa.gov/data/REPROCESSING/Completed/2025/hmimag/20250311/20250311_1330_hmimag_1024.jpg,5.292178856299787,86.08425712585449,61.60906219118911,-0.47004106537869006,1.7485138735991996,0.9997366117475665,0.10247658311163832,1.3118009318755564,3300.820633671938,0.9889695379655283,9.984039306640625,1.3463062354813304,170.22510259087383,0.24999213440175969
2025-03-11 15:00:00,https://soho.nascom.nasa.gov/data/REPROCESSING/Completed/2025/hmimag/20250311/20250311_1500_hmimag_1024.jpg,5.301051084386805,86.11552238464355,61.644445267076215,-0.4679905394592756,1.7498231472026051,0.9997369139438383,0.1023210637649754,1.3036764477983276,3303.9948234151175,0.9889768376222754,10.061393737792969,1.3477819014225076,172.5193691163213,0.2498796401416725
2025-03-11 16:30:00,https://soho.nascom.nasa.gov/data/REPROCESSING/Completed/2025/hmimag/20250311/20250311_1630_hmimag_1024.jpg,5.297815193365435,86.0836534500122,61.6109599058958,-0.4671224582544329,1.7540033879647199,0.9997366279685902,0.10233332775896997,1.3022184358868205,3298.4381388167412,0.9889613657567091,10.006635665893555,1.3466188813457602,171.5696260326041,0.25025731960165454
2025-03-11 18:00:00,https://soho.nascom.nasa.gov/data/REPROCESSING/Completed/2025/hmimag/20250311/20250311_1800_hmimag_1024.jpg,5.303890257118615,86.09632778167725,61.62919369694362,-0.46531212087556817,1.7559350743634543,0.9997367837485395,0.10230653343933227,1.3035187696710195,3299.4827198810203,0.9889859939051764,10.071371078491211,1.3458408936020947,172.54458147865114,0.2497594860902427
2025-03-11 19:30:00,https://soho.nascom.nasa.gov/data/REPROCESSING/Completed/2025/hmimag/20250311/20250311_1930_hmimag_1024.jpg,5.313419371304056,86.19262504577637,61.71147975320132,-0.4638682647728625,1.755438426581844,0.9997374850412412,0.10217522888888197,1.303882437180302,3308.5333782198613,0.9889796827085786,10.146713256835938,1.3483490026443374,173.86697840701132,0.24905852520217375
2025-03-11 21:00:00,https://soho.nascom.nasa.gov/data/REPROCESSING/Completed/2025/hmimag/20250311/20250311_2100_hmimag_1024.jpg,5.316845032852512,86.29795169830322,61.7842956428287,-0.46421456054815874,1.7544239793410317,0.9997381032887308,0.10209872395535058,1.3016612996867845,3316.825023693742,0.9889409677385268,10.25450325012207,1.3471038908967825,176.39657407500184,0.24865243816680266
2025-03-11 22:30:00,https://soho.nascom.nasa.gov/data/REPROCESSING/Completed/2025/hmimag/20250311/20250311_2230_hmimag_1024.jpg,5.3182457244111205,86.42159461975098,61.86944528927623,-0.46488857579891624,1.752718498014283,0.9997388234906376,0.10210271466166887,1.3012906367893278,3326.78245119395,0.9889891411454509,10.321056365966797,1.346609103896199,177.23950389440355,0.2484275632143624
2025-03-12 00:00:00,https://soho.nascom.nasa.gov/data/REPROCESSING/Completed/2025/hmimag/20250312/20250312_0000_hmimag_1024.jpg,5.318715610457463,86.48752307891846,61.9263759040091,-0.4646696288511266,1.752053526278121,0.9997393033582159,0.10214241288849735,1.3026171204207149,3333.223897832177,0.9889465582690311,10.390829086303711,1.3479825975516406,180.1065179245965,0.24816593471949336
2025-03-12 01:30:00,https://soho.nascom.nasa.gov/data/REPROCESSING/Completed/2025/hmimag/20250312/20250312_0130_hmimag_1024.jpg,5.317535643036516,86.43309593200684,61.9163886036267,-0.46333665446189665,1.7521168486130163,0.9997392192710565,0.10225240502950328,1.3009164846459254,3332.1187330332045,0.9889659316173307,10.374553680419922,1.3474144656030664,178.80644989200619,0.24835692136616971
2025-03-12 03:00:00,https://soho.nascom.nasa.gov/data/REPROCESSING/Completed/2025/hmimag/20250312/20250312_0300_hmimag_1024.jpg,5.315933820293682,86.47825717926025,61.975038720361034,-0.46224217066490286,1.7521948210652774,0.9997397124891072,0.1023199734663649,1.3057703080819605,3338.3972615783073,0.9889887589044524,10.315908432006836,1.3484960401816497,177.53704127907764,0.24888931882614018
2025-03-12 04:30:00,https://soho.nascom.nasa.gov/data/REPROCESSING/Completed/2025/hmimag/20250312/20250312_0430_hmimag_1024.jpg,5.319883294383867,86.4776611328125,62.02418540667511,-0.45924302528458544,1.7520383748039763,0.9997401247114467,0.10232917116809404,1.3052090715581428,3343.768751137044,0.9889560452161807,10.259410858154297,1.3481623642393632,176.85180100214743,0.2490533160311027
2025-03-12 06:00:00,https://soho.nascom.nasa.gov/data/REPROCESSING/Completed/2025/hmimag/20250312/20250312_0600_hmimag_1024.jpg,5.323292275323946,86.28973484039307,61.95199794786355,-0.45400289065110294,1.7561713976368958,0.9997395188947668,0.1023577533869684,1.3082551144365753,3334.025436590451,0.9890304516868254,10.207925796508789,1.3478775468919344,177.16814262144308,0.24914674327810604
2025-03-12 07:30:00,https://soho.nascom.nasa.gov/data/REPROCESSING/Completed/2025/hmimag/20250312/20250312_0730_hmimag_1024.jpg,5.312985484248912,86.21314811706543,61.90199346775453,-0.45352428247709053,1.7596712627073723,0.99973909800094,0.102509914770053,1.3130005461325496,3326.989151868597,0.9889856811673919,10.077415466308594,1.3476634558794094,173.82295926256745,0.24982425147120274
2025-03-12 09:00:00,https://soho.nascom.nasa.gov/data/REPROCESSING/Completed/2025/hmimag/20250312/20250312_0900_hmimag_1024.jpg,5.304845980450402,86.21550178527832,61.90495602469273,-0.4529288902248136,1.7628281732965938,0.9997391229655613,0.1026589948196488,1.3202511445785847,3325.8169561658237,0.9890114432866469,10.010482788085938,1.347694671237629,173.30409408898666,0.25037243547732035
2025-03-12 10:30:00,https://soho.nascom.nasa.gov/data/REPROCESSING/Completed/2025/hmimag/20250312/20250312_1030_hmimag_1024.jpg,5.301518486878681,86.18146324157715,61.876855144528335,-0.45272094926576734,1.7649408910921494,0.9997388860231936,0.10269645754124213,1.3107720551990791,3321.803392861395,0.9889709242453825,9.96963119506836,1.3457698583177586,172.6039891661505,0.2504724255697195
2025-03-12 12:00:00,https://soho.nascom.nasa.gov/data/REPROCESSING/Completed/2025/hmimag/20250312/20250312_1200_hmimag_1024.jpg,5.300617091008795,86.24454593658447,61.903824901177785,-0.45332391282143203,1.7657768716281805,0.9997391134343293,0.10270311285239586,1.3133339901626326,3324.306141080446,0.9890076933788765,9.95289421081543,1.3472816615132426,172.12537137230058,0.25049073451024007
2025-03-12 13:30:00,https://soho.nascom.nasa.gov/data/REPROCESSING/Completed/2025/hmimag/20250312/20250312_1330_hmimag_1024.jpg,5.302112656425845,86.27200126647949,61.91573632268001,-0.4528080793227827,1.767716868544274,0.9997392137778217,0.10259278750527301,1.315986310423984,3324.6727787938394,0.9889867869104698,9.958133697509766,1.34585816110213,171.5420840479971,0.25045352340891636
2025-03-12 15:00:00,https://soho.nascom.nasa.gov/data/REPROCESSING/Completed/2025/hmimag/20250312/20250312_1500_hmimag_1024.jpg,5.30849452434232,86.3141508102417,61.96086620839881,-0.4505551153761396,1.7698784835375603,0.9997395934336696,0.10249450889023137,1.318455540909304,3328.5041186595645,0.9889351377622446,10.043523788452148,1.3470283633665192,173.67014584170394,0.2502405752748075
2025-03-12 16:30:00,https://soho.nascom.nasa.gov/data/REPROCESSING/Completed/2025/hmimag/20250312/20250312_1630_hmimag_1024.jpg,5.312310874594706,86.35100364685059,61.987662562228195,-0.4493247064131156,1.7717496675624498,0.9997398184662916,0.10244041738951637,1.318253092799309,3330.5037767948807,0.9889327721583386,10.03326416015625,1.3469799871695738,173.7984822040526,0.25034312106959633
2025-03-12 18:00:00,https://soho.nascom.nasa.gov/data/REPROCESSING/Completed/2025/hmimag/20250312/20250312_1800_hmimag_1024.jpg,5.31958328700343,86.33877849578857,61.995646224059655,-0.44684620803701436,1.7738328348637225,0.9997398854557491,0.10233970062654407,1.3105195487272194,3330.383223779427,0.9889469349098117,10.124441146850586,1.346515874608318,175.41853526220373,0.2498586888644479
2025-03-12 19:30:00,https://soho.nascom.nasa.gov/data/REPROCESSING/Completed/2025/hmimag/20250312/20250312_1930_hmimag_1024.jpg,5.329651884120483,86.46798038482666,62.098043268902764,-0.44630885486853444,1.771433577584394,0.9997407423620112,0.10221375362380059,1.308994748900016,3342.5246068842557,0.9889579343359571,10.204561233520508,1.3472807693865827,176.03221418334672,0.24905528070154548
2025-03-12 21:00:00,https://soho.nascom.nasa.gov/data/REPROCESSING/Completed/2025/hmimag/20250312/20250312_2100_hmimag_1024.jpg,5.333984474547933,86.56589698791504,62.17175960716957,-0.4467451518687844,1.7684966483694906,0.999741356636195,0.1021866485280043,1.3118089743585968,3351.8552699673955,0.9889039231119211,10.300086975097656,1.3471979339626163,178.33748391381778,0.24863536812836484
2025-03-12 22:30:00,https://soho.nascom.nasa.gov/data/REPROCESSING/Completed/2025/hmimag/20250312/20250312_2230_hmimag_1024.jpg,5.3320866570718035,86.63411235809326,62.217860816119156,-0.44775126528940784,1.767291235608305,0.999741739686199,0.10219390338170342,1.305305224883885,3357.4002557675626,0.9889555258246367,10.313333511352539,1.3493029573341508,178.0693987779189,0.24856945937511868
2025-03-13 00:00:00,https://soho.nascom.nasa.gov/data/REPROCESSING/Completed/2025/hmimag/20250313/20250313_0000_hmimag_1024.jpg,5.3291810849176455,86.72210597991943,62.28742881116913,-0.44845223143543894,1.7661457927865687,0.9997423161104337,0.1022941471383092,1.3095860435228754,3365.4579598235114,0.9889379015270723,10.377771377563477,1.348711163985098,179.9238859300893,0.24834451463838872
2025-03-13 01:30:00,https://soho.nascom.nasa.gov/data/REPROCESSING/Completed/2025/hmimag/20250313/20250313_0130_hmimag_1024.jpg,5.330057136472573,86.65125560760498,62.28071709930288,-0.44613324800444487,1.7663025381340696,0.9997422605828963,0.10239938021913986,1.3131960078648781,3364.6580657988866,0.9889874754987824,10.333181381225586,1.3483513680768355,178.6479671664156,0.24865462843992434
2025-03-13 03:00:00,https://soho.nascom.nasa.gov/data/REPROCESSING/Completed/2025/hmimag/20250313/20250313_0300_hmimag_1024.jpg,5.3300704153176826,86.6419095993042,62.31453524301595,-0.4440899570628557,1.7664122551292871,0.99974254018572,0.10241595036677609,1.31114417179432,3368.260740496613,0.9889788907283538,10.281686782836914,1.3484866164646399,177.68872242875065,0.24888702438508425
2025-03-13 04:30:00,https://soho.nascom.nasa.gov/data/REPROCESSING/Completed/2025/hmimag/20250313/20250313_0430_hmimag_1024.jpg,5.3327126421949576,86.606764793396,62.33570105104383,-0.44059076990945706,1.7684669470618564,0.9997427149497145,0.10242767997260671,1.3116189997195382,3369.5698173620485,0.9889660310255742,10.26917839050293,1.3464574272909025,176.93696235936406,0.2488649771846571
2025-03-13 06:00:00,https://soho.nascom.nasa.gov/data/REPROCESSING/Completed/2025/hmimag/20250313/20250313_0600_hmimag_1024.jpg,5.334486258435418,86.5216293334961,62.32402829895638,-0.4362527044855146,1.7727905568797226,0.9997426185909623,0.10248262404820707,1.3154763228138582,3366.252389992501,0.9889527818515539,10.22158432006836,1.346724636452098,176.36003158345537,0.24920478321088826
2025-03-13 07:30:00,https://soho.nascom.nasa.gov/data/REPROCESSING/Completed/2025/hmimag/20250313/20250313_0730_hmimag_1024.jpg,5.32886078219205,86.37690162658691,62.25038898076973,-0.43322669424718424,1.778081588730044,0.9997420094474826,0.10257281761187187,1.3157569175560262,3355.8011442549396,0.988952886700556,10.122753143310547,1.3476185509047567,174.58269248286743,0.24982051514431866
2025-03-13 09:00:00,https://soho.nascom.nasa.gov/data/REPROCESSING/Completed/2025/hmimag/20250313/20250313_0900_hmimag_1024.jpg,5.319758721137297,86.32890510559082,62.213436407924455,-0.43278572480935207,1.7816371858903888,0.9997417029611894,0.10272694296509144,1.3146285971850478,3350.144688353722,0.9889749265396377,10.028556823730469,1.3477045173623403,173.39925126788913,0.25047244590068196
2025-03-13 10:30:00,https://soho.nascom.nasa.gov/data/REPROCESSING/Completed/2025/hmimag/20250313/20250313_1030_hmimag_1024.jpg,5.31444819262339,86.43408584594727,62.2748121753965,-0.4343223898091267,1.780753035940105,0.9997422117152597,0.10277802232485556,1.3171064772204022,3357.174605532321,0.9889705544141256,9.96639633178711,1.3460886499028153,171.8459573139382,0.25070696612636406
2025-03-13 12:00:00,https://soho.nascom.nasa.gov/data/REPROCESSING/Completed/2025/hmimag/20250313/20250313_1200_hmimag_1024.jpg,5.313277480419688,86.45489025115967,62.2779972454969,-0.43432205475438784,1.7822796896720468,0.9997422380758095,0.10277271343511529,1.3205322484399244,3356.798800990086,0.9889782083134122,9.927629470825195,1.349017308993613,171.16455682034777,0.2507585189044544
2025-03-13 13:30:00,https://soho.nascom.nasa.gov/data/REPROCESSING/Completed/2025/hmimag/20250313/20250313_1330_hmimag_1024.jpg,5.317413017261404,86.48155307769775,62.30122435073279,-0.4332996309146435,1.7829785569482346,0.9997424301877802,0.10269929032256186,1.3151456347912676,3358.9739291650935,0.9889700704672325,9.977930068969727,1.3487400577662467,171.6209622189362,0.25066624696150136
2025-03-13 15:00:00,https://soho.nascom.nasa.gov/data/REPROCESSING/Completed/2025/hmimag/20250313/20250313_1500_hmimag_1024.jpg,5.323317526927682,86.48381900787354,62.31571720627512,-0.4306674513002141,1.78657089505079,0.9997425499497675,0.10255929170307354,1.3143523681310345,3358.846306367328,0.9889582572944721,10.021455764770508,1.3457039192872569,172.56916354711993,0.25031452267015936
2025-03-13 16:30:00,https://soho.nascom.nasa.gov/data/REPROCESSING/Completed/2025/hmimag/20250313/20250313_1630_hmimag_1024.jpg,5.328077893979489,86.48623752593994,62.3310551036161,-0.42871562410347763,1.7887387956307144,0.9997426766038284,0.10248678676180134,1.317340657363627,3359.481278833724,0.9889713088930392,10.059061050415039,1.3483799866604964,173.34438817788623,0.2502019935672518
2025-03-13 18:00:00,https://soho.nascom.nasa.gov/data/REPROCESSING/Completed/2025/hmimag/20250313/20250313_1800_hmimag_1024.jpg,5.334564590929873,86.45999050140381,62.329171551210955,-0.42618788791321016,1.7911819163174427,0.99974266105526,0.1024452741312416,1.3151110573283782,3358.1321686466413,0.988997526730025,10.144598007202148,1.3497821473532252,175.2761691677692,0.24965014860092918
2025-03-13 19:30:00,https://soho.nascom.nasa.gov/data/REPROCESSING/Completed/2025/hmimag/20250313/20250313_1930_hmimag_1024.jpg,5.34665481451714,86.53924179077148,62.40963613125943,-0.42449972606537184,1.7890898233291574,0.9997433240301272,0.10228494055991177,1.3102722839373844,3367.7920287774946,0.9890058645782931,10.298503875732422,1.3483839280342294,177.24423652191925,0.24904688987809095
2025-03-13 21:00:00,https://soho.nascom.nasa.gov/data/REPROCESSING/Completed/2025/hmimag/20250313/20250313_2100_hmimag_1024.jpg,5.350765304711354,86.68083953857422,62.51069458429997,-0.4252554971292745,1.7862330428863322,0.99974415306196,0.10224703021958703,1.3168156630207117,3380.057741568987,0.9889171898351931,10.344879150390625,1.347608449040373,178.54281945257136,0.24863184029496121
2025-03-13 22:30:00,https://soho.nascom.nasa.gov/data/REPROCESSING/Completed/2025/hmimag/20250313/20250313_2230_hmimag_1024.jpg,5.34733270820682,86.76709747314453,62.57043061862619,-0.42603602152137127,1.7856465238868329,0.9997446412185855,0.10231251549885201,1.3152633020227362,3386.798935215974,0.988940105762863,10.337421417236328,1.3478206795311027,177.8948196777894,0.24866414949476046
2025-03-14 00:00:00,https://soho.nascom.nasa.gov/data/REPROCESSING/Completed/2025/hmimag/20250314/20250314_0000_hmimag_1024.jpg,5.346257585322923,86.77744388580322,62.58995973114388,-0.42625888418249314,1.7841148579102515,0.9997448005054721,0.10238028153435152,1.309957971679011,3389.6405135191144,0.9889354747212257,10.36555290222168,1.348483459618251,179.153061257194,0.24856711529005512
2025-03-14 01:30:00,https://soho.nascom.nasa.gov/data/REPROCESSING/Completed/2025/hmimag/20250314/20250314_0130_hmimag_1024.jpg,5.348955627515472,86.77449989318848,62.614932696587566,-0.42469852839118694,1.7840760602559944,0.9997450039774618,0.10237516764755128,1.309064234808437,3392.364382732219,0.9889682471225502,10.373908996582031,1.3481251765632805,179.67158747064065,0.24850967444279032
2025-03-14 03:00:00,https://soho.nascom.nasa.gov/data/REPROCESSING/Completed/2025/hmimag/20250314/20250314_0300_hmimag_1024.jpg,5.346301882749695,86.78374671936035,62.65898002965828,-0.42240595336396997,1.7859198973029027,0.9997453622688937,0.10258340535983734,1.3104129981148176,3396.2617053849535,0.9889863564017716,10.385948181152344,1.3459328338239525,179.9607509636935,0.24879188675570563
2025-03-14 04:30:00,https://soho.nascom.nasa.gov/data/REPROCESSING/Completed/2025/hmimag/20250314/20250314_0430_hmimag_1024.jpg,5.351395493501702,86.67094039916992,62.65513983494295,-0.4164086609370809,1.7896578236674143,0.9997453310618961,0.10261295583040919,1.311727301196172,3394.0708697659143,0.9890085840758811,10.354759216308594,1.345813029076166,180.18889266551372,0.24894007404387414
2025-03-14 06:00:00,https://soho.nascom.nasa.gov/data/REPROCESSING/Completed/2025/hmimag/20250314/20250314_0600_hmimag_1024.jpg,5.352024503098855,86.60374927520752,62.65763839911033,-0.41229651553567553,1.793631814780161,0.9997453513669055,0.10267000197382004,1.313973429741931,3392.4598733310413,0.9889493027514467,10.323781967163086,1.3453521615221988,180.53659419374938,0.2491583836091824
2025-03-14 07:30:00,https://soho.nascom.nasa.gov/data/REPROCESSING/Completed/2025/hmimag/20250314/20250314_0730_hmimag_1024.jpg,5.343664099388455,86.5464735031128,62.64045154131484,-0.4102405755812475,1.7982395794162622,0.9997452116458502,0.1028344116457447,1.3194359660052641,3388.4249524670245,0.9889948520915559,10.197698593139648,1.3461631458729801,177.73429592032633,0.24996537981605796
2025-03-14 09:00:00,https://soho.nascom.nasa.gov/data/REPROCESSING/Completed/2025/hmimag/20250314/20250314_0900_hmimag_1024.jpg,5.337237426352925,86.47405052185059,62.60004919308185,-0.4082565780235007,1.8032132516854917,0.9997448827405916,0.10289475369063439,1.316791809844017,3381.71945817185,0.9889471543276585,10.125579833984375,1.3475262441348483,176.98306271338464,0.2503065890934473
2025-03-14 10:30:00,https://soho.nascom.nasa.gov/data/REPROCESSING/Completed/2025/hmimag/20250314/20250314_1030_hmimag_1024.jpg,5.334287977045977,86.5680742263794,62.66255265721006,-0.40880735443792937,1.8029303037177409,0.999745391296381,0.10300050324258336,1.3201060284855717,3388.6087703169997,0.9889699505875177,10.043989181518555,1.3466010234685408,175.5759239430294,0.25083874202035683
2025-03-14 12:00:00,https://soho.nascom.nasa.gov/data/REPROCESSING/Completed/2025/hmimag/20250314/20250314_1200_hmimag_1024.jpg,5.336495274059612,86.56087589263916,62.66770510031464,-0.40685433028995954,1.805927233091421,0.9997454331510806,0.10288347085224814,1.318196052553363,3387.75909862291,0.9889965440496354,10.060430526733398,1.345437531800055,174.88401631647346,0.2505870098833504
2025-03-14 13:30:00,https://soho.nascom.nasa.gov/data/REPROCESSING/Completed/2025/hmimag/20250314/20250314_1330_hmimag_1024.jpg,5.340847249194431,86.59371185302734,62.69829781622254,-0.4053036735238326,1.8079003047824855,0.9997456814516388,0.1027460083932965,1.3187196620596853,3390.141936205186,0.988942791422776,10.082500457763672,1.348521041009183,174.81245392903702,0.2503259216961731
2025-03-14 15:00:00,https://soho.nascom.nasa.gov/data/REPROCESSING/Completed/2025/hmimag/20250314/20250314_1500_hmimag_1024.jpg,5.34592864857273,86.5931806564331,62.709836923122296,-0.40318158241035573,1.8099803399188468,0.9997457750124925,0.10268661747795704,1.3195943594566435,3390.4151374253306,0.9888990082438783,10.101301193237305,1.3466876452379626,175.74500115179578,0.25026955167238485
2025-03-14 16:30:00,https://soho.nascom.nasa.gov/data/REPROCESSING/Completed/2025/hmimag/20250314/20250314_1630_hmimag_1024.jpg,5.350638406806189,86.49546718597412,62.65954739809521,-0.40064854911165765,1.8124207932717284,0.999745366879076,0.10258689297370438,1.321165548283133,3383.839440993108,0.9889123676178517,10.130258560180664,1.3471788282091757,176.21939470730834,0.2500193023644992
2025-03-14 18:00:00,https://soho.nascom.nasa.gov/data/REPROCESSING/Completed/2025/hmimag/20250314/20250314_1800_hmimag_1024.jpg,5.35701442855463,86.54574012756348,62.70762516767371,-0.3993866412143823,1.812455196990891,0.9997457570832389,0.10246640536934137,1.3153949711746455,3389.0180931946743,0.988922061128153,10.200607299804688,1.3460079048720472,177.72528717325517,0.24965503252000604
2025-03-14 19:30:00,https://soho.nascom.nasa.gov/data/REPROCESSING/Completed/2025/hmimag/20250314/20250314_1930_hmimag_1024.jpg,5.36885369469651,86.59768199920654,62.764275258614404,-0.39822920120649535,1.8095831419646315,0.9997462157113615,0.10236578324474976,1.3172621113040057,3396.4904774418974,0.9888947505110179,10.295675277709961,1.3463843883572482,179.05143679651235,0.24900149158513837
2025-03-14 21:00:00,https://soho.nascom.nasa.gov/data/REPROCESSING/Completed/2025/hmimag/20250314/20250314_2100_hmimag_1024.jpg,5.368456449906746,86.68350028991699,62.81072499040071,-0.40027109732539623,1.806640758294333,0.9997465908341514,0.10237122907892626,1.3189674432299192,3402.903720029304,0.9889419820991299,10.394466400146484,1.3478850836922678,179.807984748487,0.24868344673661494
2025-03-14 22:30:00,https://soho.nascom.nasa.gov/data/REPROCESSING/Completed/2025/hmimag/20250314/20250314_2230_hmimag_1024.jpg,5.366562834992041,86.79841804504395,62.88129491229703,-0.40232688340457545,1.8041879559421552,0.9997471591593172,0.10234129768650746,1.315714417661795,3411.713140725765,0.9889001267651377,10.45355224609375,1.3473350490806324,180.52113881887976,0.24840614398582184
2025-03-15 00:00:00,https://soho.nascom.nasa.gov/data/REPROCESSING/Completed/2025/hmimag/20250315/20250315_0000_hmimag_1024.jpg,5.365741336468153,86.73553276062012,62.855318037871044,-0.40119237403080066,1.804660633466232,0.999746950180672,0.10249870254119742,1.317228892884218,3408.6716624667993,0.988939077315777,10.458518981933594,1.3469973914404192,181.93668054106135,0.2485563783888016
2025-03-15 01:30:00,https://soho.nascom.nasa.gov/data/REPROCESSING/Completed/2025/hmimag/20250315/20250315_0130_hmimag_1024.jpg,5.367021479223263,86.72677326202393,62.87953853579804,-0.3998660686685915,1.804278866107641,0.9997471450377879,0.10255965460237348,1.317036022307156,3411.4795800831466,0.9889673935042321,10.47758674621582,1.346111971927537,181.42034332236892,0.24867246531538198
2025-03-15 03:00:00,https://soho.nascom.nasa.gov/data/REPROCESSING/Completed/2025/hmimag/20250315/20250315_0300_hmimag_1024.jpg,5.365920587713985,86.76492881774902,62.94877223016834,-0.3983027874577707,1.803080548883233,0.9997477007926104,0.1027588149136136,1.3146342877919162,3419.5640743274803,0.9890271630275965,10.423698425292969,1.3439623085943189,181.30800447019394,0.24903232712351592
2025-03-15 04:30:00,https://soho.nascom.nasa.gov/data/REPROCESSING/Completed/2025/hmimag/20250315/20250315_0430_hmimag_1024.jpg,5.368296830951123,86.71703433990479,62.96096918750048,-0.3946432302399846,1.8057059834478277,0.9997477985105655,0.1028157304153865,1.3127382316822174,3419.6452100244533,0.988997001776321,10.409299850463867,1.3457683425405444,181.1072250283856,0.2491211639863039
2025-03-15 06:00:00,https://soho.nascom.nasa.gov/data/REPROCESSING/Completed/2025/hmimag/20250315/20250315_0600_hmimag_1024.jpg,5.369586707761099,86.63294124603271,62.951431203327076,-0.3904068524110204,1.8097674013435534,0.9997477221002568,0.10283878258269397,1.3175674763593053,3416.689603889846,0.9889928215108716,10.360532760620117,1.346550832368118,181.0794722417023,0.24924677196327016
2025-03-15 07:30:00,https://soho.nascom.nasa.gov/data/REPROCESSING/Completed/2025/hmimag/20250315/20250315_0730_hmimag_1024.jpg,5.363201084240005,86.49388599395752,62.88536730135829,-0.38697793273216774,1.8160585857947018,0.9997471918973826,0.10302606743243814,1.3215231012985973,3406.565471157454,0.9890301960292163,10.256814956665039,1.3441454970911695,178.97740444070777,0.249959385250219
2025-03-15 09:00:00,https://soho.nascom.nasa.gov/data/REPROCESSING/Completed/2025/hmimag/20250315/20250315_0900_hmimag_1024.jpg,5.3554723491572815,86.48513603210449,62.888711396138916,-0.3860061596719736,1.8187222706386474,0.9997472187759133,0.10320742684416473,1.321015302339319,3405.6796620261243,0.9890431458005688,10.17816162109375,1.3439277507289966,178.18291898149292,0.25038405713239253
2025-03-15 10:30:00,https://soho.nascom.nasa.gov/data/REPROCESSING/Completed/2025/hmimag/20250315/20250315_1030_hmimag_1024.jpg,5.355106451100938,86.54448890686035,62.9309047557473,-0.3862889053396855,1.8186433017396224,0.999747557541804,0.10307855818791722,1.3218546683560546,3410.288098588212,0.9889643183404461,10.121231079101562,1.346360866057604,176.40174019566464,0.25066559539932365
2025-03-15 12:00:00,https://soho.nascom.nasa.gov/data/REPROCESSING/Completed/2025/hmimag/20250315/20250315_1200_hmimag_1024.jpg,5.354678529500406,86.62456607818604,62.976929054779305,-0.38696479951733864,1.8182296234158601,0.9997479262899869,0.1030602428054408,1.324520046640733,3415.47236936707,0.9890204980272025,10.115667343139648,1.3461506815248205,176.24363636169753,0.2507247088672644
2025-03-15 13:30:00,https://soho.nascom.nasa.gov/data/REPROCESSING/Completed/2025/hmimag/20250315/20250315_1330_hmimag_1024.jpg,5.355279345995274,86.63389205932617,62.98076031657526,-0.3865743627019143,1.819071787815168,0.9997479569497499,0.10305733215682267,1.3254762858963554,3415.49252229422,0.9889974741122468,10.121700286865234,1.347362184315423,176.5723623919864,0.25041464158937593
2025-03-15 15:00:00,https://soho.nascom.nasa.gov/data/REPROCESSING/Completed/2025/hmimag/20250315/20250315_1500_hmimag_1024.jpg,5.364053702994353,86.59961032867432,62.97427201435801,-0.38412114312121526,1.8208761728199043,0.999747905023673,0.10281226086772222,1.3306477897429192,3413.9425477747345,0.988940482747412,10.201810836791992,1.3458007008883983,177.77570392736186,0.25020683821732287
2025-03-15 16:30:00,https://soho.nascom.nasa.gov/data/REPROCESSING/Completed/2025/hmimag/20250315/20250315_1630_hmimag_1024.jpg,5.366156074971851,86.54898071289062,62.94611521930693,-0.38203261766180524,1.8248544056095155,0.9997476794979927,0.10275585665112885,1.3263862463530867,3409.0298942700583,0.9889727704362856,10.182262420654297,1.347702344227795,177.53416847930853,0.2504436639458631
2025-03-15 18:00:00,https://soho.nascom.nasa.gov/data/REPROCESSING/Completed/2025/hmimag/20250315/20250315_1800_hmimag_1024.jpg,5.372150306029576,86.60845375061035,62.98514715148723,-0.38281727821379036,1.821694973187401,0.9997479920486317,0.10264763345730898,1.3199669044116948,3414.737954140741,0.9889915883608119,10.2218017578125,1.3459532250691606,178.13576858852542,0.25001036092378776
2025-03-15 19:30:00,https://soho.nascom.nasa.gov/data/REPROCESSING/Completed/2025/hmimag/20250315/20250315_1930_hmimag_1024.jpg,5.381425152899052,86.66088581085205,63.028081511890115,-0.3827059752624665,1.8183693935253604,0.9997483351780027,0.10254128586529987,1.322935256403753,3420.957255834997,0.9889652879941889,10.354513168334961,1.3472323140972051,179.8307513590985,0.24941658163188882
2025-03-15 21:00:00,https://soho.nascom.nasa.gov/data/REPROCESSING/Completed/2025/hmimag/20250315/20250315_2100_hmimag_1024.jpg,5.383717623250182,86.7618932723999,63.08421729177859,-0.3850523024743193,1.8136509850919986,0.9997487827564471,0.10253454587837041,1.3220065167344366,3429.2804921059173,0.9889351539329801,10.423666000366211,1.3475574696846186,181.37829902366573,0.24886144880694663
2025-03-15 22:30:00,https://soho.nascom.nasa.gov/data/REPROCESSING/Completed/2025/hmimag/20250315/20250315_2230_hmimag_1024.jpg,5.380769830135755,86.79080200195312,63.106630128787984,-0.38602371921866474,1.811559233406402,0.9997489611236976,0.10267046756962372,1.3152113989959928,3432.7078605949096,0.9889495597244161,10.465335845947266,1.3444170641660784,181.9441530445308,0.24863095368438742
2025-03-16 00:00:00,https://soho.nascom.nasa.gov/data/REPROCESSING/Completed/2025/hmimag/20250316/20250316_0000_hmimag_1024.jpg,5.381927347811625,86.89050006866455,63.187521087064795,-0.38702809733154925,1.8074684921816553,0.9997496032978274,0.10274253847455839,1.3202437638718636,3443.4592816240356,0.9889792365336522,10.494691848754883,1.3454055246697543,183.83456029820562,0.24876877132543135
2025-03-16 01:30:00,https://soho.nascom.nasa.gov/data/REPROCESSING/Completed/2025/hmimag/20250316/20250316_0130_hmimag_1024.jpg,5.37685525201724,86.89984607696533,63.202581995534096,-0.3878067445067659,1.806268240839924,0.9997497225906989,0.10291483318906103,1.317532124880243,3445.6731602556515,0.989012169830974,10.475625991821289,1.3456521687997338,182.1195289128884,0.24875169248243614
2025-03-16 03:00:00,https://soho.nascom.nasa.gov/data/REPROCESSING/Completed/2025/hmimag/20250316/20250316_0300_hmimag_1024.jpg,5.378510895653376,86.87602996826172,63.23106703187491,-0.3850607774527322,1.806873706182722,0.9997499479790519,0.10296572713741625,1.3179157127061245,3448.4908006609407,0.9890267651509383,10.449832916259766,1.346001939542269,182.02896017584322,0.24890238468530615
2025-03-16 04:30:00,https://soho.nascom.nasa.gov/data/REPROCESSING/Completed/2025/hmimag/20250316/20250316_0430_hmimag_1024.jpg,5.376857966424835,86.76254272460938,63.21113050264655,-0.38066308815853245,1.8113117777297485,0.9997497902629028,0.10316115834029915,1.3177174634861035,3444.2035683776207,0.9890307036065674,10.432796478271484,1.3443117538241276,182.001795321807,0.24900621730415853
2025-03-16 06:00:00,https://soho.nascom.nasa.gov/data/REPROCESSING/Completed/2025/hmimag/20250316/20250316_0600_hmimag_1024.jpg,5.376744091647999,86.67517757415771,63.20014191862764,-0.3765810385412808,1.8147953218229151,0.9997497032693797,0.10331766153285571,1.3199314405879718,3441.352771666417,0.9890527063703581,10.384531021118164,1.3429699820712395,181.38445147191288,0.24941713462416346
2025-03-16 07:30:00,https://soho.nascom.nasa.gov/data/REPROCESSING/Completed/2025/hmimag/20250316/20250316_0730_hmimag_1024.jpg,5.370631696989996,86.51822471618652,63.129685329830075,-0.37188432268845273,1.8232584243279482,0.9997491444049307,0.1034370389788819,1.3250285880787724,3429.692564949539,0.9890853471262822,10.271812438964844,1.343808380075355,179.36795862009768,0.25016528766542323
2025-03-16 09:00:00,https://soho.nascom.nasa.gov/data/REPROCESSING/Completed/2025/hmimag/20250316/20250316_0900_hmimag_1024.jpg,5.361339247682002,86.56266689300537,63.16146084719971,-0.3725368299737798,1.8245778435135727,0.9997493966810522,0.10354124330660852,1.3300656429532964,3432.5251905364817,0.9890614459264577,10.204751968383789,1.3427548733428647,179.1201816298002,0.25072857348465843
2025-03-16 10:30:00,https://soho.nascom.nasa.gov/data/REPROCESSING/Completed/2025/hmimag/20250316/20250316_1030_hmimag_1024.jpg,5.357841566039518,86.62182903289795,63.18986139087696,-0.37365013411196735,1.8251537804813711,0.9997496218402572,0.10350769599426712,1.327144678301407,3435.341690123534,0.9890655210701392,10.151018142700195,1.3432437841668519,177.78181483092692,0.25071188366215913
2025-03-16 12:00:00,https://soho.nascom.nasa.gov/data/REPROCESSING/Completed/2025/hmimag/20250316/20250316_1200_hmimag_1024.jpg,5.35451896154345,86.63745021820068,63.1808891400979,-0.3742345386958294,1.8272905888124757,0.9997495507411475,0.10346468966417888,1.3231813240421753,3433.3617338275703,0.9890730650036226,10.085664749145508,1.3452916221873281,176.5218938119605,0.2509702373106751
2025-03-16 13:30:00,https://soho.nascom.nasa.gov/data/REPROCESSING/Completed/2025/hmimag/20250316/20250316_1330_hmimag_1024.jpg,5.3604938282386305,86.66149425506592,63.202469805887155,-0.37376667581443546,1.8261223086788898,0.999749721702394,0.1033083455349697,1.329940349211751,3436.2569731644935,0.9889951400122177,10.110776901245117,1.3453351297403127,176.2476670302568,0.250622846664601
2025-03-16 15:00:00,https://soho.nascom.nasa.gov/data/REPROCESSING/Completed/2025/hmimag/20250316/20250316_1500_hmimag_1024.jpg,5.364582807404563,86.64503765106201,63.19774806621232,-0.3724535823098342,1.827553573739471,0.9997496843119069,0.10324583917099517,1.3282761537609238,3435.0706784974195,0.9889808636527997,10.152307510375977,1.346692609567458,177.80739117004998,0.2505239531127364
2025-03-16 16:30:00,https://soho.nascom.nasa.gov/data/REPROCESSING/Completed/2025/hmimag/20250316/20250316_1630_hmimag_1024.jpg,5.368095083440555,86.62823581695557,63.18327138371439,-0.3720502937327285,1.8280799085910406,0.9997495696217934,0.10304257128336758,1.3335200384775359,3433.2499512205936,0.9889611743074856,10.146394729614258,1.346211947576369,177.68448611028325,0.2505764035494968
2025-03-16 18:00:00,https://soho.nascom.nasa.gov/data/REPROCESSING/Completed/2025/hmimag/20250316/20250316_1800_hmimag_1024.jpg,5.375008938797669,86.64557361602783,63.202835734308316,-0.37153045922494965,1.8268923078622104,0.9997497245997563,0.10295127757854061,1.3324892621338347,3435.934623504696,0.9890164658581698,10.259798049926758,1.345673628889249,180.0062603124698,0.25000748102508313
2025-03-16 19:30:00,https://soho.nascom.nasa.gov/data/REPROCESSING/Completed/2025/hmimag/20250316/20250316_1930_hmimag_1024.jpg,5.382971924157462,86.6780481338501,63.2305343057098,-0.3714161423266188,1.824058196406207,0.9997499437666407,0.10285315382679983,1.3274198201318594,3440.2819017359757,0.9889582055381706,10.337194442749023,1.3462229204977667,180.94782574272378,0.24928421807988502
2025-03-16 21:00:00,https://soho.nascom.nasa.gov/data/REPROCESSING/Completed/2025/hmimag/20250316/20250316_2100_hmimag_1024.jpg,5.386365024212989,86.780837059021,63.286150582029784,-0.37381254107575945,1.8191967249975212,0.9997503829659166,0.10277567936464038,1.3272668789100661,3448.63668836481,0.989001619728035,10.433813095092773,1.3469229222481518,181.97253330941336,0.24881124868386809
2025-03-16 22:30:00,https://soho.nascom.nasa.gov/data/REPROCESSING/Completed/2025/hmimag/20250316/20250316_2230_hmimag_1024.jpg,5.3849363589675185,86.88169956207275,63.35653160242296,-0.3758389170857777,1.814371776611887,0.9997509371051623,0.10294810342747951,1.325233391739018,3458.6070143040915,0.9889776908076003,10.463903427124023,1.3443734711490316,182.45342678781407,0.24878697419858492
2025-03-17 00:00:00,https://soho.nascom.nasa.gov/data/REPROCESSING/Completed/2025/hmimag/20250317/20250317_0000_hmimag_1024.jpg,5.381290632742737,86.84585857391357,63.34459087094452,-0.3757033379991327,1.8139366912154402,0.9997508432208273,0.10316537945072923,1.324254738885929,3457.5107538668253,0.9890504932423443,10.468297958374023,1.345172649487832,183.16550120649936,0.2491117803604844
2025-03-17 01:30:00,https://soho.nascom.nasa.gov/data/REPROCESSING/Completed/2025/hmimag/20250317/20250317_0130_hmimag_1024.jpg,5.379950825719631,86.84758853912354,63.361680050181484,-0.37592634014656257,1.8118895087563673,0.9997509775686064,0.10330759571297676,1.324290270735783,3460.3532877755365,0.9890223122381117,10.48689079284668,1.3430164259538602,182.263429805464,0.24890042099972562
2025-03-17 03:00:00,https://soho.nascom.nasa.gov/data/REPROCESSING/Completed/2025/hmimag/20250317/20250317_0300_hmimag_1024.jpg,5.38028910860406,86.81953525543213,63.37893319556499,-0.37417432199033923,1.8120066078489656,0.9997511130952247,0.10336545686186582,1.325658751413351,3462.182089257905,0.9890295960548986,10.427488327026367,1.3429365214568387,181.088869237573,0.24929568076951517
2025-03-17 04:30:00,https://soho.nascom.nasa.gov/data/REPROCESSING/Completed/2025/hmimag/20250317/20250317_0430_hmimag_1024.jpg,5.384711788277712,86.72523975372314,63.370949163518546,-0.36968768107904765,1.8143549770987897,0.9997510503929454,0.10341767993668327,1.3262506722831944,3460.1893004907624,0.9890629161858973,10.409235000610352,1.3443805236610344,181.02188843670646,0.24927581009855423
2025-03-17 06:00:00,https://soho.nascom.nasa.gov/data/REPROCESSING/Completed/2025/hmimag/20250317/20250317_0600_hmimag_1024.jpg,5.381924080015927,86.71935558319092,63.39589797900687,-0.3678296710154798,1.816530937461925,0.9997512462488657,0.10349287639473914,1.3311308239280926,3461.876861265274,0.9890898529473343,10.370603561401367,1.3432405499210613,180.68375846416026,0.2496254337284933
2025-03-17 07:30:00,https://soho.nascom.nasa.gov/data/REPROCESSING/Completed/2025/hmimag/20250317/20250317_0730_hmimag_1024.jpg,5.377912996764346,86.5874433517456,63.340448281096606,-0.3638167321978146,1.8225536285536168,0.9997508106371966,0.10356694117763254,1.3341452351846266,3452.965079865369,0.9890370969581214,10.250654220581055,1.3434854733229074,178.4825824253323,0.25003459293373204
2025-03-17 09:00:00,https://soho.nascom.nasa.gov/data/REPROCESSING/Completed/2025/hmimag/20250317/20250317_0900_hmimag_1024.jpg,5.3692689675632375,86.59236431121826,63.339067286390225,-0.3635912780680548,1.8263756662476818,0.9997507997735322,0.10366566776428954,1.3325500011987146,3451.00667662734,0.9890915974556559,10.178678512573242,1.3433828624009867,178.80240312045177,0.25052983067328466
2025-03-17 10:30:00,https://soho.nascom.nasa.gov/data/REPROCESSING/Completed/2025/hmimag/20250317/20250317_1030_hmimag_1024.jpg,5.367195642274995,86.55356407165527,63.30581441091888,-0.36361103876191,1.827735681705168,0.9997505379734809,0.10367787428003794,1.3263234446449983,3446.742608095501,0.9890933432167457,10.144725799560547,1.3440782322646507,177.75793749608135,0.250795238505655
2025-03-17 12:00:00,https://soho.nascom.nasa.gov/data/REPROCESSING/Completed/2025/hmimag/20250317/20250317_1200_hmimag_1024.jpg,5.364069341141618,86.60536193847656,63.323857889015436,-0.36505985759254966,1.827246436965601,0.9997506800810345,0.1036864050602162,1.3325808095203335,3448.938499691773,0.9890370268243154,10.137504577636719,1.3425724615774732,176.81809005028558,0.2506926134631686
2025-03-17 13:30:00,https://soho.nascom.nasa.gov/data/REPROCESSING/Completed/2025/hmimag/20250317/20250317_1330_hmimag_1024.jpg,5.365960472358485,86.6300163269043,63.32472938312699,-0.36609533797496985,1.8261449412399497,0.9997506869417089,0.10362832361897745,1.331082279265748,3449.5534124849896,0.9890579739786469,10.150253295898438,1.3435069476840766,176.95083452325926,0.2507280344049585
2025-03-17 15:00:00,https://soho.nascom.nasa.gov/data/REPROCESSING/Completed/2025/hmimag/20250317/20250317_1500_hmimag_1024.jpg,5.371785368901405,86.63289070129395,63.31645679978904,-0.3662052555768992,1.8254059297909704,0.9997506218059282,0.1035423117918981,1.3303336592628339,3449.0011811711615,0.9890529905967719,10.20346450805664,1.3444296737511232,178.46638430982202,0.2505795013441336
2025-03-17 16:30:00,https://soho.nascom.nasa.gov/data/REPROCESSING/Completed/2025/hmimag/20250317/20250317_1630_hmimag_1024.jpg,5.3712106274977005,86.65302467346191,63.3207880977587,-0.36641588526661406,1.8257905428515535,0.9997506559124213,0.10351995189012086,1.3290814327353615,3449.2913928661947,0.9890886198720436,10.231220245361328,1.3446742550285877,178.47740740307825,0.25044227987281714
2025-03-17 18:00:00,https://soho.nascom.nasa.gov/data/REPROCESSING/Completed/2025/hmimag/20250317/20250317_1800_hmimag_1024.jpg,5.376604129436264,86.68646335601807,63.33858002169022,-0.36682822436077783,1.8241839506187265,0.9997507959402704,0.10334581576717028,1.3293489131502776,3451.98967384993,0.9890281303204742,10.282987594604492,1.3440255207018421,179.88754183617465,0.25005032360779494
2025-03-17 19:30:00,https://soho.nascom.nasa.gov/data/REPROCESSING/Completed/2025/hmimag/20250317/20250317_1930_hmimag_1024.jpg,5.385554987594389,86.69550228118896,63.34017396930586,-0.3675598280388057,1.8205222051933816,0.9997508084793656,0.1031864377673628,1.3287028423452634,3453.8980056810615,0.9890236199577661,10.364114761352539,1.3466550863569273,181.01575620993617,0.24950911148360227
2025-03-17 21:00:00,https://soho.nascom.nasa.gov/data/REPROCESSING/Completed/2025/hmimag/20250317/20250317_2100_hmimag_1024.jpg,5.3875709117241115,86.78248310089111,63.381003666098785,-0.3706688828658675,1.8144404121470057,0.9997511293517152,0.1032721024021157,1.319589036520591,3461.246636856337,0.9890472166987359,10.455709457397461,1.3443219266218787,182.62134531007845,0.249190557622699
2025-03-17 22:30:00,https://soho.nascom.nasa.gov/data/REPROCESSING/Completed/2025/hmimag/20250317/20250317_2230_hmimag_1024.jpg,5.384897088555489,86.87166404724121,63.41300721412773,-0.37468528757860387,1.808871297584648,0.9997513804280973,0.10331605291139567,1.325750244634387,3467.406677852611,0.9890497222227738,10.461631774902344,1.3449490270706708,182.5720375676014,0.24902059407490762
2025-03-18 00:00:00,https://soho.nascom.nasa.gov/data/REPROCESSING/Completed/2025/hmimag/20250318/20250318_0000_hmimag_1024.jpg,5.382255824568877,86.89737701416016,63.412386871797494,-0.37743852709628906,1.804796945626248,0.9997513755649574,0.10340212843766494,1.321542195306525,3469.294073743203,0.9890320504465833,10.508171081542969,1.3434234632654194,184.50716321232977,0.2488911293168322
2025-03-18 01:30:00,https://soho.nascom.nasa.gov/data/REPROCESSING/Completed/2025/hmimag/20250318/20250318_0130_hmimag_1024.jpg,5.37981551872617,86.80344200134277,63.3503034593223,-0.3780155099362585,1.8034521313510137,0.9997508881428345,0.10343488449143479,1.3224221071482456,3463.149534815223,0.9890144728851905,10.471786499023438,1.343488040581249,183.10832902550737,0.24879197353881335
2025-03-18 03:00:00,https://soho.nascom.nasa.gov/data/REPROCESSING/Completed/2025/hmimag/20250318/20250318_0300_hmimag_1024.jpg,5.379660359862042,86.79744815826416,63.36801401501035,-0.37698153180857924,1.8034791143823217,0.9997510273359167,0.10348652620450594,1.3199610718462513,3465.07319842771,0.989038843103729,10.468320846557617,1.3445333694489272,183.02157083112965,0.24935249775256213
2025-03-18 04:30:00,https://soho.nascom.nasa.gov/data/REPROCESSING/Completed/2025/hmimag/20250318/20250318_0430_hmimag_1024.jpg,5.382959780848629,86.78635215759277,63.39837386492067,-0.37431215695985104,1.8048143668564176,0.9997512656727296,0.10352503939247981,1.3277066266414412,3467.7525705962344,0.9890867049922538,10.485923767089844,1.3445287387861802,183.5225239129096,0.24917736129111853
2025-03-18 06:00:00,https://soho.nascom.nasa.gov/data/REPROCESSING/Completed/2025/hmimag/20250318/20250318_0600_hmimag_1024.jpg,5.3802717561907745,86.6543083190918,63.344780018579314,-0.37120859582792565,1.8079171074950797,0.9997508447084196,0.10371208697688417,1.3269285648447784,3460.405837574616,0.98909606938818,10.393356323242188,1.3427355368851686,183.26643256590256,0.2496004837063917
2025-03-18 07:30:00,https://soho.nascom.nasa.gov/data/REPROCESSING/Completed/2025/hmimag/20250318/20250318_0730_hmimag_1024.jpg,5.3718644877760084,86.58874130249023,63.298661420360276,-0.3714923398105081,1.8091338412893059,0.99975048160404,0.10384842975145148,1.327038159847148,3454.787803704389,0.9890819584624004,10.281566619873047,1.3418149499197614,180.0614896331476,0.25021745041144
2025-03-18 09:00:00,https://soho.nascom.nasa.gov/data/REPROCESSING/Completed/2025/hmimag/20250318/20250318_0900_hmimag_1024.jpg,5.3658400257493595,86.57303524017334,63.28045667922237,-0.37203016536469125,1.8104122429923781,0.999750338054603,0.10389630356985435,1.3248024986879905,3452.191190141361,0.9890756956932997,10.230215072631836,1.3424494094278754,180.07964714634713,0.25064684664409026
2025-03-18 10:30:00,https://soho.nascom.nasa.gov/data/REPROCESSING/Completed/2025/hmimag/20250318/20250318_1030_hmimag_1024.jpg,5.360397566959267,86.60886859893799,63.28371663040377,-0.37354375970737286,1.8107381007615877,0.999750363769326,0.10385617917745549,1.3295771778303989,3452.3915456393106,0.9890253575474339,10.155431747436523,1.3420624365519478,178.84685608050222,0.2508571444951083
2025-03-18 12:00:00,https://soho.nascom.nasa.gov/data/REPROCESSING/Completed/2025/hmimag/20250318/20250318_1200_hmimag_1024.jpg,5.3573996832614315,86.67856407165527,63.3035612133597,-0.37556634614120143,1.8101023683717639,0.9997505202191244,0.10388419021910522,1.3276250262276512,3454.86037703119,0.9890785228167998,10.141090393066406,1.3417083414006041,177.99172480234898,0.2510078490403999
2025-03-18 13:30:00,https://soho.nascom.nasa.gov/data/REPROCESSING/Completed/2025/hmimag/20250318/20250318_1330_hmimag_1024.jpg,5.360795281081296,86.72061061859131,63.32182623516731,-0.37636096498508825,1.8083494512063574,0.9997506640861199,0.10380849021385075,1.3253035297517217,3457.691749366668,0.9890520511350644,10.12089729309082,1.3431530968912138,177.46153181936856,0.2509905610600831
2025-03-18 15:00:00,https://soho.nascom.nasa.gov/data/REPROCESSING/Completed/2025/hmimag/20250318/20250318_1500_hmimag_1024.jpg,5.362420566322015,86.63424968719482,63.258677792268195,-0.37508956727489956,1.811241957119625,0.9997501661592426,0.10374074288847623,1.325330254512116,3449.420205255858,0.9890742828711915,10.155153274536133,1.3438992487801598,178.26492064031518,0.2510714288075334
2025-03-18 16:30:00,https://soho.nascom.nasa.gov/data/REPROCESSING/Completed/2025/hmimag/20250318/20250318_1630_hmimag_1024.jpg,5.366937363257212,86.61957359313965,63.23704530050463,-0.3751467224358377,1.8101729591528934,0.9997499952435557,0.10364075516554294,1.3291130747427917,3447.5702237438823,0.9890254123394835,10.163646697998047,1.3437237923957375,177.93350659198256,0.2508046549883668
2025-03-18 18:00:00,https://soho.nascom.nasa.gov/data/REPROCESSING/Completed/2025/hmimag/20250318/20250318_1800_hmimag_1024.jpg,5.374348955864896,86.66072368621826,63.25718572061453,-0.37598087677330555,1.807364973500407,0.9997501543761939,0.10353595521155512,1.3243466446746779,3451.1057522450533,0.9890931662060148,10.252786636352539,1.343968224153985,179.76805177632272,0.250334011766637
2025-03-18 19:30:00,https://soho.nascom.nasa.gov/data/REPROCESSING/Completed/2025/hmimag/20250318/20250318_1930_hmimag_1024.jpg,5.379293345728845,86.73402404785156,63.28145184045962,-0.378641258828478,1.8026639095001278,0.9997503459049258,0.10345197985043342,1.3251333679190922,3456.0035339637943,0.9890227382573874,10.334423065185547,1.3435093178876678,180.31302359470942,0.24979532998020496
2025-03-18 21:00:00,https://soho.nascom.nasa.gov/data/REPROCESSING/Completed/2025/hmimag/20250318/20250318_2100_hmimag_1024.jpg,5.379803280136257,86.8737268447876,63.34373683807235,-0.38355629016053666,1.7952532073844358,0.999750836503936,0.1034686294333369,1.3256594685468894,3466.3781016312005,0.989037830860448,10.389364242553711,1.3440158232328798,181.1724978223378,0.24939080333845373
2025-03-18 22:30:00,https://soho.nascom.nasa.gov/data/REPROCESSING/Completed/2025/hmimag/20250318/20250318_2230_hmimag_1024.jpg,5.550225317859911,86.24689197540283,63.530340263213766,-0.3302924211640748,1.791542715985606,0.9997522976948778,0.10178962743157172,1.3249478338491802,3488.6352997200224,0.9890205689458434,12.852041244506836,1.344273117344466,236.7392949177147,0.24106948754577495
